연도,시도,시군구,지역코드,거래량,평균전용면적,매매가_만원,평균매매가_만원,중위매매가_만원,매매가_억원,면적범위,가격통계,매매가_전년대비증가율,소득분위,가구_소득평균,가구_순자산,가구_자산평균,가구_부채평균,DSR,소득분위_선택값,매매가_소득배율,매매가_순자산배율,순자산_매매가커버리지,NPS_가입자수,NPS_고지금액합계,NPS_1인당고지금액,NPS_가입자수_전년대비증가율,NPS_고지금액합계_전년대비증가율,NPS_1인당고지금액_전년대비증가율,GRDP,GRDP_전년대비증가율,GRDP_가격기준,전입,전출,순이동,전입_전년대비증가율,전출_전년대비증가율,순이동_전년대비증가율,미분양_호수,미분양_호수_전년대비증가율,주담대_잔액,주담대_증감률,주담대_비중,착공_호수,준공_호수,착공_아파트,준공_아파트,착공_호수_전년대비증가율,준공_호수_전년대비증가율,지가변동률,KB_매수우위지수,KB_매매거래지수,KB_전세수급지수,소비자심리지수,주택가격전망CSI,KB_선도50지수,순이동_NPS가입자대비,미분양_거래량배율,준공_거래량배율,corr_var__가구_소득평균,corr_var__가구_순자산,corr_var__NPS_가입자수,corr_var__NPS_가입자수_전년대비증가율,corr_var__NPS_1인당고지금액,corr_var__NPS_1인당고지금액_전년대비증가율,corr_var__GRDP,corr_var__GRDP_전년대비증가율,corr_var__전입,corr_var__전출,corr_var__순이동,corr_var__미분양_호수,corr_var__주담대_잔액,corr_var__주담대_증감률,corr_var__착공_호수,corr_var__준공_호수,corr_var__지가변동률,corr_var__소비자심리지수,corr_var__주택가격전망CSI,corr_var__KB_매수우위지수,corr_var__KB_매매거래지수,corr_var__KB_전세수급지수,상위10퍼센트_정확도
2024,서울,종로구,11110,122,84.80563852459017,126000.0,147958.77049180327,126000.0,12.6,82~86㎡,median,,소득5분위,16601.7403727805,103251.534864841,123780.2346436831,20528.6997788421,123.65390204812547,소득5분위,7.58956574255216,1.220320842348129,0.8194566259114365,,,,,,,,,,1221380,1266072,-44692,1.194485663603606,2.249935996472341,43.01440000000001,960.4166666666666,-13.189213618559803,249981.58333333334,0.7486124213056833,68.17754361080347,26418.0,39555.0,21821.0,32988.0,-21.67803142603024,-25.446697828709286,0.2545,42.59107177916667,17.392026454166665,133.71870944,99.77499999999999,105.75,73.486134025,,7.872267759562841,324.22131147540983,16601.7403727805,103251.534864841,,,,,,,1221380,1266072,-44692,960.4166666666666,249981.58333333334,0.7486124213056833,26418.0,39555.0,0.2545,99.77499999999999,105.75,42.59107177916667,17.392026454166665,133.71870944,현재 KOSIS 확보분은 소득5분위(상위20%) proxy; 소득10분위/순자산10분위 추가 확보 필요
2017,서울,중구,11140,390,84.84077435897436,63750.0,64329.33076923077,63750.0,6.375,82~86㎡,median,,소득5분위,12955.9113611205,67547.4968553551,83022.796550379,15475.2996950239,119.44585960555314,소득5분위,4.9205338183547545,0.9437803466872061,1.0595685781232174,416662.0,118986957340.0,285571.89602123544,1.0280731871723514,4.39718771445945,3.3348300338710724,49962749.0,-4.784669208486447,2015년 기준년가격,1472937,1571423,-98486,-2.8150530284335895,-5.099226443797445,-29.781757773230566,104.66666666666667,-78.80526493418833,153237.45833333334,0.3850083708195118,67.33610151153572,95078.0,73883.0,55274.0,29201.0,-6.764336706676078,-20.394992026893078,0.35283333333333333,,,,106.325,104.16666666666667,38.50029009916667,-0.23636904733333014,0.26837606837606837,189.44358974358974,12955.9113611205,67547.4968553551,416662.0,1.0280731871723514,285571.89602123544,3.3348300338710724,49962749.0,-4.784669208486447,1472937,1571423,-98486,104.66666666666667,153237.45833333334,0.3850083708195118,95078.0,73883.0,0.35283333333333333,106.325,104.16666666666667,,,,현재 KOSIS 확보분은 소득5분위(상위20%) proxy; 소득10분위/순자산10분위 추가 확보 필요
2018,서울,중구,11140,352,84.71384545454545,74000.0,75097.58522727272,74000.0,7.4,82~86㎡,median,16.07843137254903,소득5분위,13546.653990428,74263.716571368,91414.0185944494,17150.3020230813,126.6017574169948,소득5분위,5.462603536806066,0.996448917674157,1.003563737450919,431377.0,127484197440.0,295528.49929412093,3.5316395543630197,7.1413206035007,3.48654871561489,52384539.0,4.847191254428385,2015년 기준년가격,1439707,1549937,-110230,-2.2560367483470123,-1.367295756775866,11.924537497715404,39.583333333333336,-62.181528662420384,161249.48333333334,0.4459881960217275,65.16508478483199,80273.0,76043.0,44744.0,38853.0,-15.571425566377084,2.9235412747181444,0.49574999999999997,,,,104.33333333333333,106.25,48.469404526666665,-0.25553054520755625,0.11245265151515152,216.03125,13546.653990428,74263.716571368,431377.0,3.5316395543630197,295528.49929412093,3.48654871561489,52384539.0,4.847191254428385,1439707,1549937,-110230,39.583333333333336,161249.48333333334,0.4459881960217275,80273.0,76043.0,0.49574999999999997,104.33333333333333,106.25,,,,현재 KOSIS 확보분은 소득5분위(상위20%) proxy; 소득10분위/순자산10분위 추가 확보 필요
2019,서울,중구,11140,317,84.78608201892744,87000.0,89743.4069400631,87000.0,8.7,82~86㎡,median,17.567567567567565,소득5분위,13785.8226582056,76921.0769571673,94608.1453937105,17687.0684365432,128.29896971012823,소득5분위,6.310831218201972,1.131029406263319,0.8841503098524978,426748.0,133938206620.0,313857.8426143766,-1.0730752914503983,5.062595450732288,6.202225289282048,52869673.0,0.9261014972375747,2015년 기준년가격,1426493,1476081,-49588,-0.9178256409116625,-4.765096903938682,-55.01406150775651,213.33333333333334,438.9473684210526,171462.98333333334,0.5841504939828667,64.46142954767093,78782.0,78592.0,51321.0,45860.0,-1.8574115829731008,3.3520508133556115,0.43016666666666664,,,,99.125,101.41666666666667,52.094689102500006,-0.116199724427531,0.6729758149316509,247.92429022082018,13785.8226582056,76921.0769571673,426748.0,-1.0730752914503983,313857.8426143766,6.202225289282048,52869673.0,0.9261014972375747,1426493,1476081,-49588,213.33333333333334,171462.98333333334,0.5841504939828667,78782.0,78592.0,0.43016666666666664,99.125,101.41666666666667,,,,현재 KOSIS 확보분은 소득5분위(상위20%) proxy; 소득10분위/순자산10분위 추가 확보 필요
2020,서울,중구,11140,297,84.73125791245792,100000.0,101481.14478114479,100000.0,10.0,82~86㎡,median,14.942528735632177,소득5분위,13946.7843124463,79518.8733094601,98130.0812940564,18611.2079845963,133.44443828522827,소득5분위,7.170111601335846,1.2575630895930126,0.795188733094601,398797.0,131010429000.0,328514.0785913635,-6.549767075651203,-2.185916695380641,4.669705193568907,,,,1578127,1642977,-64850,10.62984536201721,11.306696583724074,30.77760748568201,72.0,-66.25000000000001,188852.1083333333,0.9608004148317176,64.02712117307318,68651.0,80879.0,40417.0,54355.0,-12.85953644233454,2.9099653908794876,0.3918333333333333,,,,87.39999999999999,116.25,60.04829466,-0.16261406179083593,0.24242424242424243,272.3198653198653,13946.7843124463,79518.8733094601,398797.0,-6.549767075651203,328514.0785913635,4.669705193568907,,,1578127,1642977,-64850,72.0,188852.1083333333,0.9608004148317176,68651.0,80879.0,0.3918333333333333,87.39999999999999,116.25,,,,현재 KOSIS 확보분은 소득5분위(상위20%) proxy; 소득10분위/순자산10분위 추가 확보 필요
2021,서울,중구,11140,138,84.72473260869565,125000.0,122471.73913043478,125000.0,12.5,82~86㎡,median,25.0,소득5분위,14268.8269839115,90300.814516767,109951.7311755528,19650.9166587858,137.7192160290594,소득5분위,8.760355713958896,1.384262153878912,0.722406516134136,403747.0,136828682940.0,338897.08887001016,1.2412330082723688,4.441061665403745,3.160598268167991,,,,1418187,1524430,-106243,-10.134799037086372,-7.215377938948631,63.82883577486507,63.583333333333336,-11.689814814814813,213003.1416666667,0.9319418928083504,63.436729680954954,61485.0,70243.0,34570.0,43729.0,-10.43830388486694,-13.1505087847278,0.43216666666666664,90.7119970475,10.125568283,159.464968216625,103.43333333333334,124.16666666666667,70.16310603416666,-0.2631425125140249,0.4607487922705314,509.0072463768116,14268.8269839115,90300.814516767,403747.0,1.2412330082723688,338897.08887001016,3.160598268167991,,,1418187,1524430,-106243,63.583333333333336,213003.1416666667,0.9319418928083504,61485.0,70243.0,0.43216666666666664,103.43333333333334,124.16666666666667,90.7119970475,10.125568283,159.464968216625,현재 KOSIS 확보분은 소득5분위(상위20%) proxy; 소득10분위/순자산10분위 추가 확보 필요
2022,서울,중구,11140,35,84.79014285714285,124000.0,122242.85714285714,124000.0,12.4,82~86㎡,median,-0.8000000000000007,소득5분위,15025.6975797391,100528.0244442397,121088.2011854,20560.1767411603,136.83342574979002,소득5분위,8.252528665770809,1.233486887716366,0.8107098745503201,406904.0,137097234160.0,336927.71307237085,0.7819253146153393,0.19626821966689523,-0.5811132235469585,,,,1201527,1236867,-35340,-15.2772518715797,-18.863640836246987,-66.73663206046515,553.8333333333334,771.0353866317168,227516.38333333333,0.17127108040228267,64.48496540835136,63867.0,54660.0,44894.0,31836.0,3.8741156379604735,-22.1844169525789,0.2519166666666667,40.23610326358334,1.8295229814166667,105.25811626666666,95.49166666666667,86.33333333333333,74.68328998583333,-0.08685095255883452,15.823809523809524,1561.7142857142858,15025.6975797391,100528.0244442397,406904.0,0.7819253146153393,336927.71307237085,-0.5811132235469585,,,1201527,1236867,-35340,553.8333333333334,227516.38333333333,0.17127108040228267,63867.0,54660.0,0.2519166666666667,95.49166666666667,86.33333333333333,40.23610326358334,1.8295229814166667,105.25811626666666,현재 KOSIS 확보분은 소득5분위(상위20%) proxy; 소득10분위/순자산10분위 추가 확보 필요
2023,서울,중구,11140,125,84.77121519999999,116500.0,114705.6,116500.0,11.65,82~86㎡,median,-6.048387096774189,소득5분위,15598.0072555042,96824.6678861857,117458.2830186514,20633.6151324657,132.28366158878754,소득5분위,7.4689027958292336,1.2032057795121178,0.8311130290659717,650494.5,239320366670.0,367905.2884690032,59.86436604211314,74.56250531699276,9.194131024175656,,,,1206963,1238213,-31250,0.45242429009086926,0.10882334155573048,-11.573288058856823,1106.3333333333333,99.75925368642791,229970.69166666665,0.32939259859179243,65.97604190461169,33730.0,53056.0,27426.0,38028.0,-47.18712324048413,-2.934504207830224,0.09166666666666667,31.353072227499997,8.5077256575,90.6199605275,97.19166666666666,93.33333333333333,68.61149256916667,-0.04804037543745566,8.850666666666665,424.448,15598.0072555042,96824.6678861857,650494.5,59.86436604211314,367905.2884690032,9.194131024175656,,,1206963,1238213,-31250,1106.3333333333333,229970.69166666665,0.32939259859179243,33730.0,53056.0,0.09166666666666667,97.19166666666666,93.33333333333333,31.353072227499997,8.5077256575,90.6199605275,현재 KOSIS 확보분은 소득5분위(상위20%) proxy; 소득10분위/순자산10분위 추가 확보 필요
2024,서울,중구,11140,271,84.84323025830258,120000.0,123710.88560885609,120000.0,12.0,82~86㎡,median,3.0042918454935563,소득5분위,16601.7403727805,103251.534864841,123780.2346436831,20528.6997788421,123.65390204812547,소득5분위,7.2281578500496755,1.1622103260458374,0.8604294572070084,,,,,,,,,,1221380,1266072,-44692,1.194485663603606,2.249935996472341,43.01440000000001,960.4166666666666,-13.189213618559803,249981.58333333334,0.7486124213056833,68.17754361080347,26418.0,39555.0,21821.0,32988.0,-21.67803142603024,-25.446697828709286,0.2545,42.59107177916667,17.392026454166665,133.71870944,99.77499999999999,105.75,73.486134025,,3.543972939729397,145.95940959409594,16601.7403727805,103251.534864841,,,,,,,1221380,1266072,-44692,960.4166666666666,249981.58333333334,0.7486124213056833,26418.0,39555.0,0.2545,99.77499999999999,105.75,42.59107177916667,17.392026454166665,133.71870944,현재 KOSIS 확보분은 소득5분위(상위20%) proxy; 소득10분위/순자산10분위 추가 확보 필요
2017,서울,용산구,11170,647,84.72652751159197,77800.0,77843.73106646059,77800.0,7.78,82~86㎡,median,,소득5분위,12955.9113611205,67547.4968553551,83022.796550379,15475.2996950239,119.44585960555314,소득5분위,6.004980879498038,1.1517821328982687,0.8682197539248727,126779.0,30495243400.0,240538.6018189132,0.7301763864611566,6.379588058587449,5.60846002140587,11248337.0,10.043012145457485,2015년 기준년가격,1472937,1571423,-98486,-2.8150530284335895,-5.099226443797445,-29.781757773230566,104.66666666666667,-78.80526493418833,153237.45833333334,0.3850083708195118,67.33610151153572,95078.0,73883.0,55274.0,29201.0,-6.764336706676078,-20.394992026893078,0.35283333333333333,,,,106.325,104.16666666666667,38.50029009916667,-0.7768321251942356,0.16177228232869656,114.19319938176197,12955.9113611205,67547.4968553551,126779.0,0.7301763864611566,240538.6018189132,5.60846002140587,11248337.0,10.043012145457485,1472937,1571423,-98486,104.66666666666667,153237.45833333334,0.3850083708195118,95078.0,73883.0,0.35283333333333333,106.325,104.16666666666667,,,,현재 KOSIS 확보분은 소득5분위(상위20%) proxy; 소득10분위/순자산10분위 추가 확보 필요
2018,서울,용산구,11170,331,84.71859607250755,93000.0,96719.32930513595,93000.0,9.3,82~86㎡,median,19.537275064267345,소득5분위,13546.653990428,74263.716571368,91414.0185944494,17150.3020230813,126.6017574169948,소득5분위,6.865163904364381,1.252293910049954,0.7985345867889032,134239.0,33690178080.0,250971.61093273936,5.884255278871109,10.476829576641444,4.337353354070195,11664441.0,3.6992490534378586,2015년 기준년가격,1439707,1549937,-110230,-2.2560367483470123,-1.367295756775866,11.924537497715404,39.583333333333336,-62.181528662420384,161249.48333333334,0.4459881960217275,65.16508478483199,80273.0,76043.0,44744.0,38853.0,-15.571425566377084,2.9235412747181444,0.49574999999999997,,,,104.33333333333333,106.25,48.469404526666665,-0.8211473565804275,0.11958710976837866,229.7371601208459,13546.653990428,74263.716571368,134239.0,5.884255278871109,250971.61093273936,4.337353354070195,11664441.0,3.6992490534378586,1439707,1549937,-110230,39.583333333333336,161249.48333333334,0.4459881960217275,80273.0,76043.0,0.49574999999999997,104.33333333333333,106.25,,,,현재 KOSIS 확보분은 소득5분위(상위20%) proxy; 소득10분위/순자산10분위 추가 확보 필요
2019,서울,용산구,11170,326,84.77896288343558,118000.0,116742.23926380368,118000.0,11.8,82~86㎡,median,26.881720430107524,소득5분위,13785.8226582056,76921.0769571673,94608.1453937105,17687.0684365432,128.29896971012823,소득5분위,8.559518203998078,1.5340398843571452,0.6518735335353161,135183.0,35940311600.0,265864.13676275866,0.7032233553587286,6.6789006417742325,5.933948375543752,11992461.0,2.812136475292726,2015년 기준년가격,1426493,1476081,-49588,-0.9178256409116625,-4.765096903938682,-55.01406150775651,213.33333333333334,438.9473684210526,171462.98333333334,0.5841504939828667,64.46142954767093,78782.0,78592.0,51321.0,45860.0,-1.8574115829731008,3.3520508133556115,0.43016666666666664,,,,99.125,101.41666666666667,52.094689102500006,-0.3668212719054911,0.65439672801636,241.079754601227,13785.8226582056,76921.0769571673,135183.0,0.7032233553587286,265864.13676275866,5.933948375543752,11992461.0,2.812136475292726,1426493,1476081,-49588,213.33333333333334,171462.98333333334,0.5841504939828667,78782.0,78592.0,0.43016666666666664,99.125,101.41666666666667,,,,현재 KOSIS 확보분은 소득5분위(상위20%) proxy; 소득10분위/순자산10분위 추가 확보 필요
2020,서울,용산구,11170,344,84.78037034883721,131500.0,135565.26162790696,131500.0,13.15,82~86㎡,median,11.440677966101687,소득5분위,13946.7843124463,79518.8733094601,98130.0812940564,18611.2079845963,133.44443828522827,소득5분위,9.428696755756638,1.6536954628148117,0.6047062609084418,130055.0,36608327320.0,281483.42870324093,-3.7933763860840464,1.8586809358658973,5.8749149586956095,,,,1578127,1642977,-64850,10.62984536201721,11.306696583724074,30.77760748568201,72.0,-66.25000000000001,188852.1083333333,0.9608004148317176,64.02712117307318,68651.0,80879.0,40417.0,54355.0,-12.85953644233454,2.9099653908794876,0.3918333333333333,,,,87.39999999999999,116.25,60.04829466,-0.49863519280304486,0.20930232558139536,235.11337209302326,13946.7843124463,79518.8733094601,130055.0,-3.7933763860840464,281483.42870324093,5.8749149586956095,,,1578127,1642977,-64850,72.0,188852.1083333333,0.9608004148317176,68651.0,80879.0,0.3918333333333333,87.39999999999999,116.25,,,,현재 KOSIS 확보분은 소득5분위(상위20%) proxy; 소득10분위/순자산10분위 추가 확보 필요
2021,서울,용산구,11170,165,84.74313696969696,158000.0,156648.42424242425,158000.0,15.8,82~86㎡,median,20.152091254752857,소득5분위,14268.8269839115,90300.814516767,109951.7311755528,19650.9166587858,137.7192160290594,소득5분위,11.073089622444046,1.7497073625029447,0.5715241425111836,120944.0,35994613880.0,297613.886426776,-7.005497674060979,-1.6764312519264246,5.730517706795779,,,,1418187,1524430,-106243,-10.134799037086372,-7.215377938948631,63.82883577486507,63.583333333333336,-11.689814814814813,213003.1416666667,0.9319418928083504,63.436729680954954,61485.0,70243.0,34570.0,43729.0,-10.43830388486694,-13.1505087847278,0.43216666666666664,90.7119970475,10.125568283,159.464968216625,103.43333333333334,124.16666666666667,70.16310603416666,-0.8784478767032676,0.3853535353535354,425.7151515151515,14268.8269839115,90300.814516767,120944.0,-7.005497674060979,297613.886426776,5.730517706795779,,,1418187,1524430,-106243,63.583333333333336,213003.1416666667,0.9319418928083504,61485.0,70243.0,0.43216666666666664,103.43333333333334,124.16666666666667,90.7119970475,10.125568283,159.464968216625,현재 KOSIS 확보분은 소득5분위(상위20%) proxy; 소득10분위/순자산10분위 추가 확보 필요
2022,서울,용산구,11170,38,84.55886052631578,175750.0,171315.7894736842,175750.0,17.575,82~86㎡,median,11.234177215189867,소득5분위,15025.6975797391,100528.0244442397,121088.2011854,20560.1767411603,136.83342574979002,소득5분위,11.696628330719514,1.7482687138399302,0.5719944491848631,125065.0,36844362300.0,294601.70551313314,3.407362084931864,2.3607654823939006,-1.0121103386027563,,,,1201527,1236867,-35340,-15.2772518715797,-18.863640836246987,-66.73663206046515,553.8333333333334,771.0353866317168,227516.38333333333,0.17127108040228267,64.48496540835136,63867.0,54660.0,44894.0,31836.0,3.8741156379604735,-22.1844169525789,0.2519166666666667,40.23610326358334,1.8295229814166667,105.25811626666666,95.49166666666667,86.33333333333333,74.68328998583333,-0.28257306200775595,14.574561403508772,1438.421052631579,15025.6975797391,100528.0244442397,125065.0,3.407362084931864,294601.70551313314,-1.0121103386027563,,,1201527,1236867,-35340,553.8333333333334,227516.38333333333,0.17127108040228267,63867.0,54660.0,0.2519166666666667,95.49166666666667,86.33333333333333,40.23610326358334,1.8295229814166667,105.25811626666666,현재 KOSIS 확보분은 소득5분위(상위20%) proxy; 소득10분위/순자산10분위 추가 확보 필요
2023,서울,용산구,11170,124,84.76191451612902,176000.0,167464.45967741936,176000.0,17.6,82~86㎡,median,0.14224751066855834,소득5분위,15598.0072555042,96824.6678861857,117458.2830186514,20633.6151324657,132.28366158878754,소득5분위,11.283492635759186,1.8177186025247445,0.550140158444237,195478.0,63516834040.0,324930.8568739193,56.30112341582376,72.39227408205136,10.294968017228312,,,,1206963,1238213,-31250,0.45242429009086926,0.10882334155573048,-11.573288058856823,1106.3333333333333,99.75925368642791,229970.69166666665,0.32939259859179243,65.97604190461169,33730.0,53056.0,27426.0,38028.0,-47.18712324048413,-2.934504207830224,0.09166666666666667,31.353072227499997,8.5077256575,90.6199605275,97.19166666666666,93.33333333333333,68.61149256916667,-0.15986453718577026,8.922043010752688,427.8709677419355,15598.0072555042,96824.6678861857,195478.0,56.30112341582376,324930.8568739193,10.294968017228312,,,1206963,1238213,-31250,1106.3333333333333,229970.69166666665,0.32939259859179243,33730.0,53056.0,0.09166666666666667,97.19166666666666,93.33333333333333,31.353072227499997,8.5077256575,90.6199605275,현재 KOSIS 확보분은 소득5분위(상위20%) proxy; 소득10분위/순자산10분위 추가 확보 필요
2024,서울,용산구,11170,247,84.73918097165992,178000.0,174929.8825910931,178000.0,17.8,82~86㎡,median,1.1363636363636465,소득5분위,16601.7403727805,103251.534864841,123780.2346436831,20528.6997788421,123.65390204812547,소득5분위,10.721767477573685,1.7239453169679921,0.5800648026114663,,,,,,,,,,1221380,1266072,-44692,1.194485663603606,2.249935996472341,43.01440000000001,960.4166666666666,-13.189213618559803,249981.58333333334,0.7486124213056833,68.17754361080347,26418.0,39555.0,21821.0,32988.0,-21.67803142603024,-25.446697828709286,0.2545,42.59107177916667,17.392026454166665,133.71870944,99.77499999999999,105.75,73.486134025,,3.8883265856950064,160.1417004048583,16601.7403727805,103251.534864841,,,,,,,1221380,1266072,-44692,960.4166666666666,249981.58333333334,0.7486124213056833,26418.0,39555.0,0.2545,99.77499999999999,105.75,42.59107177916667,17.392026454166665,133.71870944,현재 KOSIS 확보분은 소득5분위(상위20%) proxy; 소득10분위/순자산10분위 추가 확보 필요
2017,서울,성동구,11200,1725,84.79937008695651,66700.0,68283.56173913044,66700.0,6.67,82~86㎡,median,,소득5분위,12955.9113611205,67547.4968553551,83022.796550379,15475.2996950239,119.44585960555314,소득5분위,5.14822910877274,0.9874533195927317,1.0127060997804362,141740.0,34026658520.0,240063.9094115987,9.618492997068895,19.521777172053255,9.034318849146338,10319471.0,-0.509001601000203,2015년 기준년가격,1472937,1571423,-98486,-2.8150530284335895,-5.099226443797445,-29.781757773230566,104.66666666666667,-78.80526493418833,153237.45833333334,0.3850083708195118,67.33610151153572,95078.0,73883.0,55274.0,29201.0,-6.764336706676078,-20.394992026893078,0.35283333333333333,,,,106.325,104.16666666666667,38.50029009916667,-0.6948356145054325,0.060676328502415465,42.83072463768116,12955.9113611205,67547.4968553551,141740.0,9.618492997068895,240063.9094115987,9.034318849146338,10319471.0,-0.509001601000203,1472937,1571423,-98486,104.66666666666667,153237.45833333334,0.3850083708195118,95078.0,73883.0,0.35283333333333333,106.325,104.16666666666667,,,,현재 KOSIS 확보분은 소득5분위(상위20%) proxy; 소득10분위/순자산10분위 추가 확보 필요
2018,서울,성동구,11200,1023,84.78054760508309,85000.0,87569.03323558162,85000.0,8.5,82~86㎡,median,27.436281859070455,소득5분위,13546.653990428,74263.716571368,91414.0185944494,17150.3020230813,126.6017574169948,소득5분위,6.274612170655616,1.1445697027338289,0.8736907831925648,147742.0,36668238860.0,248191.02800828472,4.234513898687742,7.763266964481241,3.38539792033119,11038914.0,6.971704266623746,2015년 기준년가격,1439707,1549937,-110230,-2.2560367483470123,-1.367295756775866,11.924537497715404,39.583333333333336,-62.181528662420384,161249.48333333334,0.4459881960217275,65.16508478483199,80273.0,76043.0,44744.0,38853.0,-15.571425566377084,2.9235412747181444,0.49574999999999997,,,,104.33333333333333,106.25,48.469404526666665,-0.746097927468154,0.03869338546757902,74.33333333333333,13546.653990428,74263.716571368,147742.0,4.234513898687742,248191.02800828472,3.38539792033119,11038914.0,6.971704266623746,1439707,1549937,-110230,39.583333333333336,161249.48333333334,0.4459881960217275,80273.0,76043.0,0.49574999999999997,104.33333333333333,106.25,,,,현재 KOSIS 확보분은 소득5분위(상위20%) proxy; 소득10분위/순자산10분위 추가 확보 필요
2019,서울,성동구,11200,1247,84.77549823576584,99800.0,103295.23656776264,99800.0,9.98,82~86㎡,median,17.411764705882348,소득5분위,13785.8226582056,76921.0769571673,94608.1453937105,17687.0684365432,128.29896971012823,소득5분위,7.239321328466171,1.2974337327020602,0.7707522741199129,146782.0,38499576500.0,262290.8565082912,-0.6497813756413229,4.994343052558592,5.681038760005386,11419293.0,3.445800918459918,2015년 기준년가격,1426493,1476081,-49588,-0.9178256409116625,-4.765096903938682,-55.01406150775651,213.33333333333334,438.9473684210526,171462.98333333334,0.5841504939828667,64.46142954767093,78782.0,78592.0,51321.0,45860.0,-1.8574115829731008,3.3520508133556115,0.43016666666666664,,,,99.125,101.41666666666667,52.094689102500006,-0.337834339360412,0.1710772520716386,63.02485966319166,13785.8226582056,76921.0769571673,146782.0,-0.6497813756413229,262290.8565082912,5.681038760005386,11419293.0,3.445800918459918,1426493,1476081,-49588,213.33333333333334,171462.98333333334,0.5841504939828667,78782.0,78592.0,0.43016666666666664,99.125,101.41666666666667,,,,현재 KOSIS 확보분은 소득5분위(상위20%) proxy; 소득10분위/순자산10분위 추가 확보 필요
2020,서울,성동구,11200,1104,84.80356259057972,120000.0,120984.49275362318,120000.0,12.0,82~86㎡,median,20.240480961923858,소득5분위,13946.7843124463,79518.8733094601,98130.0812940564,18611.2079845963,133.44443828522827,소득5분위,8.604133921603015,1.5090757075116152,0.6626572775788342,150835.0,40807354080.0,270543.0044750887,2.7612377539480315,5.994293417747065,3.146182095957517,,,,1578127,1642977,-64850,10.62984536201721,11.306696583724074,30.77760748568201,72.0,-66.25000000000001,188852.1083333333,0.9608004148317176,64.02712117307318,68651.0,80879.0,40417.0,54355.0,-12.85953644233454,2.9099653908794876,0.3918333333333333,,,,87.39999999999999,116.25,60.04829466,-0.4299400006629761,0.06521739130434782,73.25996376811594,13946.7843124463,79518.8733094601,150835.0,2.7612377539480315,270543.0044750887,3.146182095957517,,,1578127,1642977,-64850,72.0,188852.1083333333,0.9608004148317176,68651.0,80879.0,0.3918333333333333,87.39999999999999,116.25,,,,현재 KOSIS 확보분은 소득5분위(상위20%) proxy; 소득10분위/순자산10분위 추가 확보 필요
2021,서울,성동구,11200,530,84.78523981132075,143000.0,147410.0,143000.0,14.3,82~86㎡,median,19.166666666666664,소득5분위,14268.8269839115,90300.814516767,109951.7311755528,19650.9166587858,137.7192160290594,소득5분위,10.021846936768977,1.5835959040374752,0.631474227389979,160825.0,45022585700.0,279947.6803979481,6.623131236118929,10.329588171132897,3.476222178099375,,,,1418187,1524430,-106243,-10.134799037086372,-7.215377938948631,63.82883577486507,63.583333333333336,-11.689814814814813,213003.1416666667,0.9319418928083504,63.436729680954954,61485.0,70243.0,34570.0,43729.0,-10.43830388486694,-13.1505087847278,0.43216666666666664,90.7119970475,10.125568283,159.464968216625,103.43333333333334,124.16666666666667,70.16310603416666,-0.6606124669672003,0.1199685534591195,132.53396226415094,14268.8269839115,90300.814516767,160825.0,6.623131236118929,279947.6803979481,3.476222178099375,,,1418187,1524430,-106243,63.583333333333336,213003.1416666667,0.9319418928083504,61485.0,70243.0,0.43216666666666664,103.43333333333334,124.16666666666667,90.7119970475,10.125568283,159.464968216625,현재 KOSIS 확보분은 소득5분위(상위20%) proxy; 소득10분위/순자산10분위 추가 확보 필요
2022,서울,성동구,11200,123,84.83800000000001,147000.0,150823.57723577236,147000.0,14.7,82~86㎡,median,2.7972027972027913,소득5분위,15025.6975797391,100528.0244442397,121088.2011854,20560.1767411603,136.83342574979002,소득5분위,9.783239627970234,1.4622788104379503,0.6838641118655762,161424.0,45169751300.0,279820.5427941322,0.3724545313228633,0.32687060885532304,-0.04541477308729336,,,,1201527,1236867,-35340,-15.2772518715797,-18.863640836246987,-66.73663206046515,553.8333333333334,771.0353866317168,227516.38333333333,0.17127108040228267,64.48496540835136,63867.0,54660.0,44894.0,31836.0,3.8741156379604735,-22.1844169525789,0.2519166666666667,40.23610326358334,1.8295229814166667,105.25811626666666,95.49166666666667,86.33333333333333,74.68328998583333,-0.2189265536723164,4.502710027100271,444.390243902439,15025.6975797391,100528.0244442397,161424.0,0.3724545313228633,279820.5427941322,-0.04541477308729336,,,1201527,1236867,-35340,553.8333333333334,227516.38333333333,0.17127108040228267,63867.0,54660.0,0.2519166666666667,95.49166666666667,86.33333333333333,40.23610326358334,1.8295229814166667,105.25811626666666,현재 KOSIS 확보분은 소득5분위(상위20%) proxy; 소득10분위/순자산10분위 추가 확보 필요
2023,서울,성동구,11200,547,84.81136910420474,137000.0,138430.07312614258,137000.0,13.7,82~86㎡,median,-6.802721088435371,소득5분위,15598.0072555042,96824.6678861857,117458.2830186514,20633.6151324657,132.28366158878754,소득5분위,8.78317324488073,1.4149286849198297,0.7067494006290927,209905.0,65327267100.0,311223.01564993686,30.03332837744077,44.626138554807596,11.222361497207123,,,,1206963,1238213,-31250,0.45242429009086926,0.10882334155573048,-11.573288058856823,1106.3333333333333,99.75925368642791,229970.69166666665,0.32939259859179243,65.97604190461169,33730.0,53056.0,27426.0,38028.0,-47.18712324048413,-2.934504207830224,0.09166666666666667,31.353072227499997,8.5077256575,90.6199605275,97.19166666666666,93.33333333333333,68.61149256916667,-0.14887687287106072,2.0225472273004264,96.9945155393053,15598.0072555042,96824.6678861857,209905.0,30.03332837744077,311223.01564993686,11.222361497207123,,,1206963,1238213,-31250,1106.3333333333333,229970.69166666665,0.32939259859179243,33730.0,53056.0,0.09166666666666667,97.19166666666666,93.33333333333333,31.353072227499997,8.5077256575,90.6199605275,현재 KOSIS 확보분은 소득5분위(상위20%) proxy; 소득10분위/순자산10분위 추가 확보 필요
2024,서울,성동구,11200,1055,84.79229914691943,145000.0,148932.42654028436,145000.0,14.5,82~86㎡,median,5.8394160583941535,소득5분위,16601.7403727805,103251.534864841,123780.2346436831,20528.6997788421,123.65390204812547,소득5분위,8.734024068810026,1.4043374773053867,0.7120795507920069,,,,,,,,,,1221380,1266072,-44692,1.194485663603606,2.249935996472341,43.01440000000001,960.4166666666666,-13.189213618559803,249981.58333333334,0.7486124213056833,68.17754361080347,26418.0,39555.0,21821.0,32988.0,-21.67803142603024,-25.446697828709286,0.2545,42.59107177916667,17.392026454166665,133.71870944,99.77499999999999,105.75,73.486134025,,0.910347551342812,37.492890995260666,16601.7403727805,103251.534864841,,,,,,,1221380,1266072,-44692,960.4166666666666,249981.58333333334,0.7486124213056833,26418.0,39555.0,0.2545,99.77499999999999,105.75,42.59107177916667,17.392026454166665,133.71870944,현재 KOSIS 확보분은 소득5분위(상위20%) proxy; 소득10분위/순자산10분위 추가 확보 필요
2017,서울,광진구,11215,1071,84.70216059757236,65900.0,66449.84593837535,65900.0,6.59,82~86㎡,median,,소득5분위,12955.9113611205,67547.4968553551,83022.796550379,15475.2996950239,119.44585960555314,소득5분위,5.08648123340515,0.975609801516657,1.0249999522815645,38600.0,8339198720.0,216041.41761658032,-0.9214815575348423,4.455462300654811,5.426952222052095,5899749.0,-0.9234828052946065,2015년 기준년가격,1472937,1571423,-98486,-2.8150530284335895,-5.099226443797445,-29.781757773230566,104.66666666666667,-78.80526493418833,153237.45833333334,0.3850083708195118,67.33610151153572,95078.0,73883.0,55274.0,29201.0,-6.764336706676078,-20.394992026893078,0.35283333333333333,,,,106.325,104.16666666666667,38.50029009916667,-2.5514507772020725,0.09772798008092126,68.98506069094304,12955.9113611205,67547.4968553551,38600.0,-0.9214815575348423,216041.41761658032,5.426952222052095,5899749.0,-0.9234828052946065,1472937,1571423,-98486,104.66666666666667,153237.45833333334,0.3850083708195118,95078.0,73883.0,0.35283333333333333,106.325,104.16666666666667,,,,현재 KOSIS 확보분은 소득5분위(상위20%) proxy; 소득10분위/순자산10분위 추가 확보 필요
2018,서울,광진구,11215,580,84.68048965517242,83600.0,81428.20344827586,83600.0,8.36,82~86㎡,median,26.85887708649468,소득5분위,13546.653990428,74263.716571368,91414.0185944494,17150.3020230813,126.6017574169948,소득5분위,6.171265617256583,1.125717966453507,0.8883219685570335,40275.0,8965168400.0,222598.8429546865,4.339378238341962,7.506352840576036,3.0352630576346185,6018697.0,2.0161535685670806,2015년 기준년가격,1439707,1549937,-110230,-2.2560367483470123,-1.367295756775866,11.924537497715404,39.583333333333336,-62.181528662420384,161249.48333333334,0.4459881960217275,65.16508478483199,80273.0,76043.0,44744.0,38853.0,-15.571425566377084,2.9235412747181444,0.49574999999999997,,,,104.33333333333333,106.25,48.469404526666665,-2.736933581626319,0.06824712643678162,131.10862068965517,13546.653990428,74263.716571368,40275.0,4.339378238341962,222598.8429546865,3.0352630576346185,6018697.0,2.0161535685670806,1439707,1549937,-110230,39.583333333333336,161249.48333333334,0.4459881960217275,80273.0,76043.0,0.49574999999999997,104.33333333333333,106.25,,,,현재 KOSIS 확보분은 소득5분위(상위20%) proxy; 소득10분위/순자산10분위 추가 확보 필요
2019,서울,광진구,11215,719,84.76119610570237,96700.0,97826.16411682894,96700.0,9.67,82~86㎡,median,15.669856459330145,소득5분위,13785.8226582056,76921.0769571673,94608.1453937105,17687.0684365432,128.29896971012823,소득5분위,7.01445262988656,1.2571326848926776,0.7954609819769111,41014.0,9699291040.0,236487.3223777247,1.8348851644941044,8.188609597115871,6.2392415156737435,6187957.0,2.8122366020419287,2015년 기준년가격,1426493,1476081,-49588,-0.9178256409116625,-4.765096903938682,-55.01406150775651,213.33333333333334,438.9473684210526,171462.98333333334,0.5841504939828667,64.46142954767093,78782.0,78592.0,51321.0,45860.0,-1.8574115829731008,3.3520508133556115,0.43016666666666664,,,,99.125,101.41666666666667,52.094689102500006,-1.209050568098698,0.296708391284191,109.30737134909597,13785.8226582056,76921.0769571673,41014.0,1.8348851644941044,236487.3223777247,6.2392415156737435,6187957.0,2.8122366020419287,1426493,1476081,-49588,213.33333333333334,171462.98333333334,0.5841504939828667,78782.0,78592.0,0.43016666666666664,99.125,101.41666666666667,,,,현재 KOSIS 확보분은 소득5분위(상위20%) proxy; 소득10분위/순자산10분위 추가 확보 필요
2020,서울,광진구,11215,494,84.65722064777329,120000.0,115173.78542510122,120000.0,12.0,82~86㎡,median,24.095139607032067,소득5분위,13946.7843124463,79518.8733094601,98130.0812940564,18611.2079845963,133.44443828522827,소득5분위,8.604133921603015,1.5090757075116152,0.6626572775788342,42688.0,10361061460.0,242716.0199587706,4.08153313502706,6.822874138644264,2.6338399532036094,,,,1578127,1642977,-64850,10.62984536201721,11.306696583724074,30.77760748568201,72.0,-66.25000000000001,188852.1083333333,0.9608004148317176,64.02712117307318,68651.0,80879.0,40417.0,54355.0,-12.85953644233454,2.9099653908794876,0.3918333333333333,,,,87.39999999999999,116.25,60.04829466,-1.5191622938530736,0.145748987854251,163.72267206477733,13946.7843124463,79518.8733094601,42688.0,4.08153313502706,242716.0199587706,2.6338399532036094,,,1578127,1642977,-64850,72.0,188852.1083333333,0.9608004148317176,68651.0,80879.0,0.3918333333333333,87.39999999999999,116.25,,,,현재 KOSIS 확보분은 소득5분위(상위20%) proxy; 소득10분위/순자산10분위 추가 확보 필요
2021,서울,광진구,11215,260,84.73442307692308,143000.0,138461.53846153847,143000.0,14.3,82~86㎡,median,19.166666666666664,소득5분위,14268.8269839115,90300.814516767,109951.7311755528,19650.9166587858,137.7192160290594,소득5분위,10.021846936768977,1.5835959040374752,0.631474227389979,42988.0,10885363600.0,253218.65636921933,0.702773613193397,5.060313000015726,4.327129462749424,,,,1418187,1524430,-106243,-10.134799037086372,-7.215377938948631,63.82883577486507,63.583333333333336,-11.689814814814813,213003.1416666667,0.9319418928083504,63.436729680954954,61485.0,70243.0,34570.0,43729.0,-10.43830388486694,-13.1505087847278,0.43216666666666664,90.7119970475,10.125568283,159.464968216625,103.43333333333334,124.16666666666667,70.16310603416666,-2.4714571508327907,0.24455128205128207,270.1653846153846,14268.8269839115,90300.814516767,42988.0,0.702773613193397,253218.65636921933,4.327129462749424,,,1418187,1524430,-106243,63.583333333333336,213003.1416666667,0.9319418928083504,61485.0,70243.0,0.43216666666666664,103.43333333333334,124.16666666666667,90.7119970475,10.125568283,159.464968216625,현재 KOSIS 확보분은 소득5분위(상위20%) proxy; 소득10분위/순자산10분위 추가 확보 필요
2022,서울,광진구,11215,67,84.70498358208955,146500.0,138826.8656716418,146500.0,14.65,82~86㎡,median,2.447552447552437,소득5분위,15025.6975797391,100528.0244442397,121088.2011854,20560.1767411603,136.83342574979002,소득5분위,9.749963302705028,1.457305072987481,0.6861981190733085,40617.0,10405116160.0,256176.3832877859,-5.515492695635993,-4.41186401894742,1.168052528583785,,,,1201527,1236867,-35340,-15.2772518715797,-18.863640836246987,-66.73663206046515,553.8333333333334,771.0353866317168,227516.38333333333,0.17127108040228267,64.48496540835136,63867.0,54660.0,44894.0,31836.0,3.8741156379604735,-22.1844169525789,0.2519166666666667,40.23610326358334,1.8295229814166667,105.25811626666666,95.49166666666667,86.33333333333333,74.68328998583333,-0.8700790309476327,8.266169154228857,815.820895522388,15025.6975797391,100528.0244442397,40617.0,-5.515492695635993,256176.3832877859,1.168052528583785,,,1201527,1236867,-35340,553.8333333333334,227516.38333333333,0.17127108040228267,63867.0,54660.0,0.2519166666666667,95.49166666666667,86.33333333333333,40.23610326358334,1.8295229814166667,105.25811626666666,현재 KOSIS 확보분은 소득5분위(상위20%) proxy; 소득10분위/순자산10분위 추가 확보 필요
2023,서울,광진구,11215,262,84.77491374045802,128250.0,127491.98473282442,128250.0,12.825,82~86㎡,median,-12.457337883959042,소득5분위,15598.0072555042,96824.6678861857,117458.2830186514,20633.6151324657,132.28366158878754,소득5분위,8.222204150773385,1.324559152123855,0.7549681706525201,60876.0,16930167250.0,278109.06186346017,49.878129847108355,62.71002639147856,8.56155368195488,,,,1206963,1238213,-31250,0.45242429009086926,0.10882334155573048,-11.573288058856823,1106.3333333333333,99.75925368642791,229970.69166666665,0.32939259859179243,65.97604190461169,33730.0,53056.0,27426.0,38028.0,-47.18712324048413,-2.934504207830224,0.09166666666666667,31.353072227499997,8.5077256575,90.6199605275,97.19166666666666,93.33333333333333,68.61149256916667,-0.5133385899204941,4.2226463104325695,202.50381679389312,15598.0072555042,96824.6678861857,60876.0,49.878129847108355,278109.06186346017,8.56155368195488,,,1206963,1238213,-31250,1106.3333333333333,229970.69166666665,0.32939259859179243,33730.0,53056.0,0.09166666666666667,97.19166666666666,93.33333333333333,31.353072227499997,8.5077256575,90.6199605275,현재 KOSIS 확보분은 소득5분위(상위20%) proxy; 소득10분위/순자산10분위 추가 확보 필요
2024,서울,광진구,11215,511,84.76770215264187,137500.0,137355.81409001956,137500.0,13.75,82~86㎡,median,7.21247563352827,소득5분위,16601.7403727805,103251.534864841,123780.2346436831,20528.6997788421,123.65390204812547,소득5분위,8.28226420318192,1.3316993319275219,0.75092025356248,,,,,,,,,,1221380,1266072,-44692,1.194485663603606,2.249935996472341,43.01440000000001,960.4166666666666,-13.189213618559803,249981.58333333334,0.7486124213056833,68.17754361080347,26418.0,39555.0,21821.0,32988.0,-21.67803142603024,-25.446697828709286,0.2545,42.59107177916667,17.392026454166665,133.71870944,99.77499999999999,105.75,73.486134025,,1.879484670580561,77.40704500978474,16601.7403727805,103251.534864841,,,,,,,1221380,1266072,-44692,960.4166666666666,249981.58333333334,0.7486124213056833,26418.0,39555.0,0.2545,99.77499999999999,105.75,42.59107177916667,17.392026454166665,133.71870944,현재 KOSIS 확보분은 소득5분위(상위20%) proxy; 소득10분위/순자산10분위 추가 확보 필요
2017,서울,동대문구,11230,1366,84.78776310395315,46500.0,49451.55197657394,46500.0,4.65,82~86㎡,median,,소득5분위,12955.9113611205,67547.4968553551,83022.796550379,15475.2996950239,119.44585960555314,소득5분위,3.5890952557411153,0.6884044881718444,1.4526343409753786,42417.0,9562250380.0,225434.38668458402,-1.08437106478243,5.893837764376797,7.0547080418701835,6934645.0,-0.9102435189338287,2015년 기준년가격,1472937,1571423,-98486,-2.8150530284335895,-5.099226443797445,-29.781757773230566,104.66666666666667,-78.80526493418833,153237.45833333334,0.3850083708195118,67.33610151153572,95078.0,73883.0,55274.0,29201.0,-6.764336706676078,-20.394992026893078,0.35283333333333333,,,,106.325,104.16666666666667,38.50029009916667,-2.321852087606384,0.07662274280136652,54.087115666178626,12955.9113611205,67547.4968553551,42417.0,-1.08437106478243,225434.38668458402,7.0547080418701835,6934645.0,-0.9102435189338287,1472937,1571423,-98486,104.66666666666667,153237.45833333334,0.3850083708195118,95078.0,73883.0,0.35283333333333333,106.325,104.16666666666667,,,,현재 KOSIS 확보분은 소득5분위(상위20%) proxy; 소득10분위/순자산10분위 추가 확보 필요
2018,서울,동대문구,11230,1044,84.76876216475097,52800.0,56265.65134099617,52800.0,5.28,82~86㎡,median,13.548387096774196,소득5분위,13546.653990428,74263.716571368,91414.0185944494,17150.3020230813,126.6017574169948,소득5분위,3.8976414424778416,0.7109797682864255,1.4065097835486364,43993.0,10055171680.0,228562.99138499307,3.715491430322748,5.154867111940242,1.3878116583813105,6940198.0,0.08007619712329106,2015년 기준년가격,1439707,1549937,-110230,-2.2560367483470123,-1.367295756775866,11.924537497715404,39.583333333333336,-62.181528662420384,161249.48333333334,0.4459881960217275,65.16508478483199,80273.0,76043.0,44744.0,38853.0,-15.571425566377084,2.9235412747181444,0.49574999999999997,,,,104.33333333333333,106.25,48.469404526666665,-2.5056258950287544,0.03791507024265645,72.83812260536398,13546.653990428,74263.716571368,43993.0,3.715491430322748,228562.99138499307,1.3878116583813105,6940198.0,0.08007619712329106,1439707,1549937,-110230,39.583333333333336,161249.48333333334,0.4459881960217275,80273.0,76043.0,0.49574999999999997,104.33333333333333,106.25,,,,현재 KOSIS 확보분은 소득5분위(상위20%) proxy; 소득10분위/순자산10분위 추가 확보 필요
2019,서울,동대문구,11230,881,84.78233723041998,62700.0,67128.55845629967,62700.0,6.27,82~86㎡,median,18.75,소득5분위,13785.8226582056,76921.0769571673,94608.1453937105,17687.0684365432,128.29896971012823,소득5분위,4.548150774497284,0.8151211927897712,1.2268114347235615,44907.0,10921766860.0,243208.56124880307,2.0776032550632983,8.618402624827182,6.407673339880682,7078663.0,1.9951159894861847,2015년 기준년가격,1426493,1476081,-49588,-0.9178256409116625,-4.765096903938682,-55.01406150775651,213.33333333333334,438.9473684210526,171462.98333333334,0.5841504939828667,64.46142954767093,78782.0,78592.0,51321.0,45860.0,-1.8574115829731008,3.3520508133556115,0.43016666666666664,,,,99.125,101.41666666666667,52.094689102500006,-1.1042376466920525,0.24214907302307984,89.20771850170262,13785.8226582056,76921.0769571673,44907.0,2.0776032550632983,243208.56124880307,6.407673339880682,7078663.0,1.9951159894861847,1426493,1476081,-49588,213.33333333333334,171462.98333333334,0.5841504939828667,78782.0,78592.0,0.43016666666666664,99.125,101.41666666666667,,,,현재 KOSIS 확보분은 소득5분위(상위20%) proxy; 소득10분위/순자산10분위 추가 확보 필요
2020,서울,동대문구,11230,1081,84.74855050878816,75800.0,80945.67992599445,75800.0,7.58,82~86㎡,median,20.893141945773518,소득5분위,13946.7843124463,79518.8733094601,98130.0812940564,18611.2079845963,133.44443828522827,소득5분위,5.434944593812571,0.9532328219115036,1.0490616531591044,46064.0,11578069680.0,251347.46613407432,2.5764357449840736,6.009126805330833,3.3464713756293785,,,,1578127,1642977,-64850,10.62984536201721,11.306696583724074,30.77760748568201,72.0,-66.25000000000001,188852.1083333333,0.9608004148317176,64.02712117307318,68651.0,80879.0,40417.0,54355.0,-12.85953644233454,2.9099653908794876,0.3918333333333333,,,,87.39999999999999,116.25,60.04829466,-1.4078238971865231,0.0666049953746531,74.81868640148011,13946.7843124463,79518.8733094601,46064.0,2.5764357449840736,251347.46613407432,3.3464713756293785,,,1578127,1642977,-64850,72.0,188852.1083333333,0.9608004148317176,68651.0,80879.0,0.3918333333333333,87.39999999999999,116.25,,,,현재 KOSIS 확보분은 소득5분위(상위20%) proxy; 소득10분위/순자산10분위 추가 확보 필요
2021,서울,동대문구,11230,478,84.76894539748953,91000.0,97690.48117154812,91000.0,9.1,82~86㎡,median,20.052770448548806,소득5분위,14268.8269839115,90300.814516767,109951.7311755528,19650.9166587858,137.7192160290594,소득5분위,6.377538959762076,1.0077428480238477,0.9923166430413957,46423.0,12109887380.0,260859.646726838,0.7793504689128206,4.59331922072177,3.7844744325728152,,,,1418187,1524430,-106243,-10.134799037086372,-7.215377938948631,63.82883577486507,63.583333333333336,-11.689814814814813,213003.1416666667,0.9319418928083504,63.436729680954954,61485.0,70243.0,34570.0,43729.0,-10.43830388486694,-13.1505087847278,0.43216666666666664,90.7119970475,10.125568283,159.464968216625,103.43333333333334,124.16666666666667,70.16310603416666,-2.288585399478707,0.1330195258019526,146.9518828451883,14268.8269839115,90300.814516767,46423.0,0.7793504689128206,260859.646726838,3.7844744325728152,,,1418187,1524430,-106243,63.583333333333336,213003.1416666667,0.9319418928083504,61485.0,70243.0,0.43216666666666664,103.43333333333334,124.16666666666667,90.7119970475,10.125568283,159.464968216625,현재 KOSIS 확보분은 소득5분위(상위20%) proxy; 소득10분위/순자산10분위 추가 확보 필요
2022,서울,동대문구,11230,164,84.87151524390244,95000.0,99165.5487804878,95000.0,9.5,82~86㎡,median,4.395604395604402,소득5분위,15025.6975797391,100528.0244442397,121088.2011854,20560.1767411603,136.83342574979002,소득5분위,6.322501800388927,0.9450101155891515,1.0581897309919968,40603.0,10291397940.0,253463.97901632884,-12.536889042069665,-15.016567726330088,-2.8351137492161116,,,,1201527,1236867,-35340,-15.2772518715797,-18.863640836246987,-66.73663206046515,553.8333333333334,771.0353866317168,227516.38333333333,0.17127108040228267,64.48496540835136,63867.0,54660.0,44894.0,31836.0,3.8741156379604735,-22.1844169525789,0.2519166666666667,40.23610326358334,1.8295229814166667,105.25811626666666,95.49166666666667,86.33333333333333,74.68328998583333,-0.8703790360318203,3.3770325203252036,333.2926829268293,15025.6975797391,100528.0244442397,40603.0,-12.536889042069665,253463.97901632884,-2.8351137492161116,,,1201527,1236867,-35340,553.8333333333334,227516.38333333333,0.17127108040228267,63867.0,54660.0,0.2519166666666667,95.49166666666667,86.33333333333333,40.23610326358334,1.8295229814166667,105.25811626666666,현재 KOSIS 확보분은 소득5분위(상위20%) proxy; 소득10분위/순자산10분위 추가 확보 필요
2023,서울,동대문구,11230,467,84.8284301927195,85000.0,90109.74304068522,85000.0,8.5,82~86㎡,median,-10.526315789473683,소득5분위,15598.0072555042,96824.6678861857,117458.2830186514,20633.6151324657,132.28366158878754,소득5분위,5.449414057042788,0.8778754614466096,1.1391137398374789,61288.0,17015123010.0,277625.6854522908,50.94451148929882,65.33344749858152,9.532599673425546,,,,1206963,1238213,-31250,0.45242429009086926,0.10882334155573048,-11.573288058856823,1106.3333333333333,99.75925368642791,229970.69166666665,0.32939259859179243,65.97604190461169,33730.0,53056.0,27426.0,38028.0,-47.18712324048413,-2.934504207830224,0.09166666666666667,31.353072227499997,8.5077256575,90.6199605275,97.19166666666666,93.33333333333333,68.61149256916667,-0.5098877431144759,2.3690221270521055,113.61027837259101,15598.0072555042,96824.6678861857,61288.0,50.94451148929882,277625.6854522908,9.532599673425546,,,1206963,1238213,-31250,1106.3333333333333,229970.69166666665,0.32939259859179243,33730.0,53056.0,0.09166666666666667,97.19166666666666,93.33333333333333,31.353072227499997,8.5077256575,90.6199605275,현재 KOSIS 확보분은 소득5분위(상위20%) proxy; 소득10분위/순자산10분위 추가 확보 필요
2024,서울,동대문구,11230,796,84.80402889447235,88000.0,94926.0175879397,88000.0,8.8,82~86㎡,median,3.529411764705892,소득5분위,16601.7403727805,103251.534864841,123780.2346436831,20528.6997788421,123.65390204812547,소득5분위,5.300649090036429,0.8522875724336141,1.173312896191375,,,,,,,,,,1221380,1266072,-44692,1.194485663603606,2.249935996472341,43.01440000000001,960.4166666666666,-13.189213618559803,249981.58333333334,0.7486124213056833,68.17754361080347,26418.0,39555.0,21821.0,32988.0,-21.67803142603024,-25.446697828709286,0.2545,42.59107177916667,17.392026454166665,133.71870944,99.77499999999999,105.75,73.486134025,,1.2065536013400335,49.69221105527638,16601.7403727805,103251.534864841,,,,,,,1221380,1266072,-44692,960.4166666666666,249981.58333333334,0.7486124213056833,26418.0,39555.0,0.2545,99.77499999999999,105.75,42.59107177916667,17.392026454166665,133.71870944,현재 KOSIS 확보분은 소득5분위(상위20%) proxy; 소득10분위/순자산10분위 추가 확보 필요
2017,서울,중랑구,11260,1150,84.66528626086956,39300.0,39842.98695652174,39300.0,3.93,82~86㎡,median,,소득5분위,12955.9113611205,67547.4968553551,83022.796550379,15475.2996950239,119.44585960555314,소득5분위,3.0333643774328136,0.5818128254871717,1.7187658232914784,21699.0,4816095980.0,221950.13502926403,-3.0688823371750162,2.1730423743513416,5.407886381502824,4126713.0,2.9046720274577886,2015년 기준년가격,1472937,1571423,-98486,-2.8150530284335895,-5.099226443797445,-29.781757773230566,104.66666666666667,-78.80526493418833,153237.45833333334,0.3850083708195118,67.33610151153572,95078.0,73883.0,55274.0,29201.0,-6.764336706676078,-20.394992026893078,0.35283333333333333,,,,106.325,104.16666666666667,38.50029009916667,-4.538734503894188,0.0910144927536232,64.24608695652174,12955.9113611205,67547.4968553551,21699.0,-3.0688823371750162,221950.13502926403,5.407886381502824,4126713.0,2.9046720274577886,1472937,1571423,-98486,104.66666666666667,153237.45833333334,0.3850083708195118,95078.0,73883.0,0.35283333333333333,106.325,104.16666666666667,,,,현재 KOSIS 확보분은 소득5분위(상위20%) proxy; 소득10분위/순자산10분위 추가 확보 필요
2018,서울,중랑구,11260,1080,84.6489050925926,43500.0,43864.726851851854,43500.0,4.35,82~86㎡,median,10.687022900763354,소득5분위,13546.653990428,74263.716571368,91414.0185944494,17150.3020230813,126.6017574169948,소득5분위,3.2111250520414036,0.5857503772814301,1.707211875203862,21956.0,5119568660.0,233174.0143924212,1.1843863772524,6.301217443760332,5.05693738896682,4241319.0,2.7771739881111257,2015년 기준년가격,1439707,1549937,-110230,-2.2560367483470123,-1.367295756775866,11.924537497715404,39.583333333333336,-62.181528662420384,161249.48333333334,0.4459881960217275,65.16508478483199,80273.0,76043.0,44744.0,38853.0,-15.571425566377084,2.9235412747181444,0.49574999999999997,,,,104.33333333333333,106.25,48.469404526666665,-5.0204955365276005,0.03665123456790124,70.41018518518518,13546.653990428,74263.716571368,21956.0,1.1843863772524,233174.0143924212,5.05693738896682,4241319.0,2.7771739881111257,1439707,1549937,-110230,39.583333333333336,161249.48333333334,0.4459881960217275,80273.0,76043.0,0.49574999999999997,104.33333333333333,106.25,,,,현재 KOSIS 확보분은 소득5분위(상위20%) proxy; 소득10분위/순자산10분위 추가 확보 필요
2019,서울,중랑구,11260,775,84.65342541935483,52800.0,53075.367741935486,52800.0,5.28,82~86㎡,median,21.379310344827584,소득5분위,13785.8226582056,76921.0769571673,94608.1453937105,17687.0684365432,128.29896971012823,소득5분위,3.830021704839818,0.6864178465598074,1.4568385787342293,21504.0,5301946760.0,246556.30394345237,-2.058662780105669,3.5623723815826347,5.7391856403473,4447811.0,4.868579797935491,2015년 기준년가격,1426493,1476081,-49588,-0.9178256409116625,-4.765096903938682,-55.01406150775651,213.33333333333334,438.9473684210526,171462.98333333334,0.5841504939828667,64.46142954767093,78782.0,78592.0,51321.0,45860.0,-1.8574115829731008,3.3520508133556115,0.43016666666666664,,,,99.125,101.41666666666667,52.094689102500006,-2.3059895833333335,0.2752688172043011,101.40903225806451,13785.8226582056,76921.0769571673,21504.0,-2.058662780105669,246556.30394345237,5.7391856403473,4447811.0,4.868579797935491,1426493,1476081,-49588,213.33333333333334,171462.98333333334,0.5841504939828667,78782.0,78592.0,0.43016666666666664,99.125,101.41666666666667,,,,현재 KOSIS 확보분은 소득5분위(상위20%) proxy; 소득10분위/순자산10분위 추가 확보 필요
2020,서울,중랑구,11260,898,84.6793228285078,60500.0,62043.21826280624,60500.0,6.05,82~86㎡,median,14.583333333333325,소득5분위,13946.7843124463,79518.8733094601,98130.0812940564,18611.2079845963,133.44443828522827,소득5분위,4.337917518808187,0.7608256692037727,1.3143615423051258,23220.0,5833960220.0,251247.210163652,7.979910714285721,10.034304078904022,1.9025699790160333,,,,1578127,1642977,-64850,10.62984536201721,11.306696583724074,30.77760748568201,72.0,-66.25000000000001,188852.1083333333,0.9608004148317176,64.02712117307318,68651.0,80879.0,40417.0,54355.0,-12.85953644233454,2.9099653908794876,0.3918333333333333,,,,87.39999999999999,116.25,60.04829466,-2.7928509905254093,0.0801781737193764,90.06570155902004,13946.7843124463,79518.8733094601,23220.0,7.979910714285721,251247.210163652,1.9025699790160333,,,1578127,1642977,-64850,72.0,188852.1083333333,0.9608004148317176,68651.0,80879.0,0.3918333333333333,87.39999999999999,116.25,,,,현재 KOSIS 확보분은 소득5분위(상위20%) proxy; 소득10분위/순자산10분위 추가 확보 필요
2021,서울,중랑구,11260,521,84.66361689059502,76900.0,78402.97504798464,76900.0,7.69,82~86㎡,median,27.107438016528928,소득5분위,14268.8269839115,90300.814516767,109951.7311755528,19650.9166587858,137.7192160290594,소득5분위,5.389370835227513,0.8515980770663065,1.1742628675782445,22900.0,6020008480.0,262882.46637554583,-1.3781223083548677,3.1890560268510004,4.6309991678375795,,,,1418187,1524430,-106243,-10.134799037086372,-7.215377938948631,63.82883577486507,63.583333333333336,-11.689814814814813,213003.1416666667,0.9319418928083504,63.436729680954954,61485.0,70243.0,34570.0,43729.0,-10.43830388486694,-13.1505087847278,0.43216666666666664,90.7119970475,10.125568283,159.464968216625,103.43333333333334,124.16666666666667,70.16310603416666,-4.63943231441048,0.12204094689699296,134.82341650671785,14268.8269839115,90300.814516767,22900.0,-1.3781223083548677,262882.46637554583,4.6309991678375795,,,1418187,1524430,-106243,63.583333333333336,213003.1416666667,0.9319418928083504,61485.0,70243.0,0.43216666666666664,103.43333333333334,124.16666666666667,90.7119970475,10.125568283,159.464968216625,현재 KOSIS 확보분은 소득5분위(상위20%) proxy; 소득10분위/순자산10분위 추가 확보 필요
2022,서울,중랑구,11260,86,84.62407325581395,75500.0,79120.93023255814,75500.0,7.55,82~86㎡,median,-1.8205461638491571,소득5분위,15025.6975797391,100528.0244442397,121088.2011854,20560.1767411603,136.83342574979002,소득5분위,5.024725115045936,0.751034355020852,1.331497012506486,22311.0,5871947840.0,263186.2238357761,-2.5720524017467272,-2.4594756052569555,0.11554877144082099,,,,1201527,1236867,-35340,-15.2772518715797,-18.863640836246987,-66.73663206046515,553.8333333333334,771.0353866317168,227516.38333333333,0.17127108040228267,64.48496540835136,63867.0,54660.0,44894.0,31836.0,3.8741156379604735,-22.1844169525789,0.2519166666666667,40.23610326358334,1.8295229814166667,105.25811626666666,95.49166666666667,86.33333333333333,74.68328998583333,-1.5839720317332258,6.439922480620155,635.5813953488372,15025.6975797391,100528.0244442397,22311.0,-2.5720524017467272,263186.2238357761,0.11554877144082099,,,1201527,1236867,-35340,553.8333333333334,227516.38333333333,0.17127108040228267,63867.0,54660.0,0.2519166666666667,95.49166666666667,86.33333333333333,40.23610326358334,1.8295229814166667,105.25811626666666,현재 KOSIS 확보분은 소득5분위(상위20%) proxy; 소득10분위/순자산10분위 추가 확보 필요
2023,서울,중랑구,11260,298,84.78208456375839,68000.0,72027.34899328859,68000.0,6.8,82~86㎡,median,-9.93377483443708,소득5분위,15598.0072555042,96824.6678861857,117458.2830186514,20633.6151324657,132.28366158878754,소득5분위,4.359531245634231,0.7023003691572877,1.4238921747968487,33185.0,9519250380.0,286854.01175229775,48.738290529335316,62.114014623127176,8.99279132911226,,,,1206963,1238213,-31250,0.45242429009086926,0.10882334155573048,-11.573288058856823,1106.3333333333333,99.75925368642791,229970.69166666665,0.32939259859179243,65.97604190461169,33730.0,53056.0,27426.0,38028.0,-47.18712324048413,-2.934504207830224,0.09166666666666667,31.353072227499997,8.5077256575,90.6199605275,97.19166666666666,93.33333333333333,68.61149256916667,-0.9416905228265783,3.712527964205816,178.04026845637583,15598.0072555042,96824.6678861857,33185.0,48.738290529335316,286854.01175229775,8.99279132911226,,,1206963,1238213,-31250,1106.3333333333333,229970.69166666665,0.32939259859179243,33730.0,53056.0,0.09166666666666667,97.19166666666666,93.33333333333333,31.353072227499997,8.5077256575,90.6199605275,현재 KOSIS 확보분은 소득5분위(상위20%) proxy; 소득10분위/순자산10분위 추가 확보 필요
2024,서울,중랑구,11260,606,84.72053118811881,71000.0,76178.48184818482,71000.0,7.1,82~86㎡,median,4.4117647058823595,소득5분위,16601.7403727805,103251.534864841,123780.2346436831,20528.6997788421,123.65390204812547,소득5분위,4.276660061279392,0.6876411095771204,1.454246969927338,,,,,,,,,,1221380,1266072,-44692,1.194485663603606,2.249935996472341,43.01440000000001,960.4166666666666,-13.189213618559803,249981.58333333334,0.7486124213056833,68.17754361080347,26418.0,39555.0,21821.0,32988.0,-21.67803142603024,-25.446697828709286,0.2545,42.59107177916667,17.392026454166665,133.71870944,99.77499999999999,105.75,73.486134025,,1.5848459845984597,65.27227722772277,16601.7403727805,103251.534864841,,,,,,,1221380,1266072,-44692,960.4166666666666,249981.58333333334,0.7486124213056833,26418.0,39555.0,0.2545,99.77499999999999,105.75,42.59107177916667,17.392026454166665,133.71870944,현재 KOSIS 확보분은 소득5분위(상위20%) proxy; 소득10분위/순자산10분위 추가 확보 필요
2017,서울,성북구,11290,1940,84.76797587628866,46700.0,47454.729896907214,46700.0,4.67,82~86㎡,median,,소득5분위,12955.9113611205,67547.4968553551,83022.796550379,15475.2996950239,119.44585960555314,소득5분위,3.6045322245830125,0.6913653676908631,1.4464132088941135,27224.0,5759232780.0,211549.83764325597,-7.221483829192654,2.02732447399927,9.968696078480788,5687338.0,1.115187836034237,2015년 기준년가격,1472937,1571423,-98486,-2.8150530284335895,-5.099226443797445,-29.781757773230566,104.66666666666667,-78.80526493418833,153237.45833333334,0.3850083708195118,67.33610151153572,95078.0,73883.0,55274.0,29201.0,-6.764336706676078,-20.394992026893078,0.35283333333333333,,,,106.325,104.16666666666667,38.50029009916667,-3.6176168086982075,0.053951890034364264,38.0840206185567,12955.9113611205,67547.4968553551,27224.0,-7.221483829192654,211549.83764325597,9.968696078480788,5687338.0,1.115187836034237,1472937,1571423,-98486,104.66666666666667,153237.45833333334,0.3850083708195118,95078.0,73883.0,0.35283333333333333,106.325,104.16666666666667,,,,현재 KOSIS 확보분은 소득5분위(상위20%) proxy; 소득10분위/순자산10분위 추가 확보 필요
2018,서울,성북구,11290,1987,84.77305968797181,50700.0,52330.59386009059,50700.0,5.07,82~86㎡,median,8.56531049250535,소득5분위,13546.653990428,74263.716571368,91414.0185944494,17150.3020230813,126.6017574169948,소득5분위,3.742621612379291,0.6827021638659427,1.464767585234083,31534.0,6655811740.0,211067.7915900298,15.83161915956508,15.56768052705797,-0.22786406200843157,5742234.0,0.96523188880282,2015년 기준년가격,1439707,1549937,-110230,-2.2560367483470123,-1.367295756775866,11.924537497715404,39.583333333333336,-62.181528662420384,161249.48333333334,0.4459881960217275,65.16508478483199,80273.0,76043.0,44744.0,38853.0,-15.571425566377084,2.9235412747181444,0.49574999999999997,,,,104.33333333333333,106.25,48.469404526666665,-3.4955920593644954,0.01992115416876363,38.27025666834424,13546.653990428,74263.716571368,31534.0,15.83161915956508,211067.7915900298,-0.22786406200843157,5742234.0,0.96523188880282,1439707,1549937,-110230,39.583333333333336,161249.48333333334,0.4459881960217275,80273.0,76043.0,0.49574999999999997,104.33333333333333,106.25,,,,현재 KOSIS 확보분은 소득5분위(상위20%) proxy; 소득10분위/순자산10분위 추가 확보 필요
2019,서울,성북구,11290,1431,84.78221733053809,62000.0,63609.66596785465,62000.0,6.2,82~86㎡,median,22.2879684418146,소득5분위,13785.8226582056,76921.0769571673,94608.1453937105,17687.0684365432,128.29896971012823,소득5분위,4.497373971592211,0.8060209561876526,1.2406625315672146,31608.0,7058337920.0,223308.59023032145,0.23466734318513538,6.047739865911539,5.799463076805056,5761704.0,0.33906664200726855,2015년 기준년가격,1426493,1476081,-49588,-0.9178256409116625,-4.765096903938682,-55.01406150775651,213.33333333333334,438.9473684210526,171462.98333333334,0.5841504939828667,64.46142954767093,78782.0,78592.0,51321.0,45860.0,-1.8574115829731008,3.3520508133556115,0.43016666666666664,,,,99.125,101.41666666666667,52.094689102500006,-1.5688433308023286,0.14907989750757047,54.92103424178896,13785.8226582056,76921.0769571673,31608.0,0.23466734318513538,223308.59023032145,5.799463076805056,5761704.0,0.33906664200726855,1426493,1476081,-49588,213.33333333333334,171462.98333333334,0.5841504939828667,78782.0,78592.0,0.43016666666666664,99.125,101.41666666666667,,,,현재 KOSIS 확보분은 소득5분위(상위20%) proxy; 소득10분위/순자산10분위 추가 확보 필요
2020,서울,성북구,11290,1550,84.77332122580646,74000.0,75182.74193548386,74000.0,7.4,82~86㎡,median,19.354838709677423,소득5분위,13946.7843124463,79518.8733094601,98130.0812940564,18611.2079845963,133.44443828522827,소득5분위,5.3058825849885265,0.9305966862988294,1.0745793690467582,32955.0,7397361640.0,224468.5674404491,4.261579347000755,4.803166465569286,0.5194503305632869,,,,1578127,1642977,-64850,10.62984536201721,11.306696583724074,30.77760748568201,72.0,-66.25000000000001,188852.1083333333,0.9608004148317176,64.02712117307318,68651.0,80879.0,40417.0,54355.0,-12.85953644233454,2.9099653908794876,0.3918333333333333,,,,87.39999999999999,116.25,60.04829466,-1.967834926414808,0.04645161290322581,52.18,13946.7843124463,79518.8733094601,32955.0,4.261579347000755,224468.5674404491,0.5194503305632869,,,1578127,1642977,-64850,72.0,188852.1083333333,0.9608004148317176,68651.0,80879.0,0.3918333333333333,87.39999999999999,116.25,,,,현재 KOSIS 확보분은 소득5분위(상위20%) proxy; 소득10분위/순자산10분위 추가 확보 필요
2021,서울,성북구,11290,837,84.80121230585425,90000.0,92510.93189964158,90000.0,9.0,82~86㎡,median,21.62162162162162,소득5분위,14268.8269839115,90300.814516767,109951.7311755528,19650.9166587858,137.7192160290594,소득5분위,6.307456114050406,0.9966687507928166,1.0033423835196333,32763.0,7663260280.0,233899.83456948388,-0.582612653618575,3.594506432701583,4.201598128672024,,,,1418187,1524430,-106243,-10.134799037086372,-7.215377938948631,63.82883577486507,63.583333333333336,-11.689814814814813,213003.1416666667,0.9319418928083504,63.436729680954954,61485.0,70243.0,34570.0,43729.0,-10.43830388486694,-13.1505087847278,0.43216666666666664,90.7119970475,10.125568283,159.464968216625,103.43333333333334,124.16666666666667,70.16310603416666,-3.242773860757562,0.0759657506969335,83.92234169653524,14268.8269839115,90300.814516767,32763.0,-0.582612653618575,233899.83456948388,4.201598128672024,,,1418187,1524430,-106243,63.583333333333336,213003.1416666667,0.9319418928083504,61485.0,70243.0,0.43216666666666664,103.43333333333334,124.16666666666667,90.7119970475,10.125568283,159.464968216625,현재 KOSIS 확보분은 소득5분위(상위20%) proxy; 소득10분위/순자산10분위 추가 확보 필요
2022,서울,성북구,11290,184,84.79461902173912,89000.0,91019.29347826086,89000.0,8.9,82~86㎡,median,-1.1111111111111072,소득5분위,15025.6975797391,100528.0244442397,121088.2011854,20560.1767411603,136.83342574979002,소득5분위,5.923185897206468,0.8853252661835209,1.129528364542019,31954.0,7479653200.0,234075.6462414721,-2.46924884778561,-2.395939499525912,0.07516536824911935,,,,1201527,1236867,-35340,-15.2772518715797,-18.863640836246987,-66.73663206046515,553.8333333333334,771.0353866317168,227516.38333333333,0.17127108040228267,64.48496540835136,63867.0,54660.0,44894.0,31836.0,3.8741156379604735,-22.1844169525789,0.2519166666666667,40.23610326358334,1.8295229814166667,105.25811626666666,95.49166666666667,86.33333333333333,74.68328998583333,-1.1059648244351254,3.0099637681159424,297.0652173913044,15025.6975797391,100528.0244442397,31954.0,-2.46924884778561,234075.6462414721,0.07516536824911935,,,1201527,1236867,-35340,553.8333333333334,227516.38333333333,0.17127108040228267,63867.0,54660.0,0.2519166666666667,95.49166666666667,86.33333333333333,40.23610326358334,1.8295229814166667,105.25811626666666,현재 KOSIS 확보분은 소득5분위(상위20%) proxy; 소득10분위/순자산10분위 추가 확보 필요
2023,서울,성북구,11290,659,84.81016130500758,80500.0,82803.30804248861,80500.0,8.05,82~86㎡,median,-9.55056179775281,소득5분위,15598.0072555042,96824.6678861857,117458.2830186514,20633.6151324657,132.28366158878754,소득5분위,5.1609156657875825,0.8313997017229656,1.202790905418456,48814.5,12335396280.0,252699.42906308576,52.76491206108782,64.91936123455564,7.956309475442569,,,,1206963,1238213,-31250,0.45242429009086926,0.10882334155573048,-11.573288058856823,1106.3333333333333,99.75925368642791,229970.69166666665,0.32939259859179243,65.97604190461169,33730.0,53056.0,27426.0,38028.0,-47.18712324048413,-2.934504207830224,0.09166666666666667,31.353072227499997,8.5077256575,90.6199605275,97.19166666666666,93.33333333333333,68.61149256916667,-0.6401786354464349,1.678806272129489,80.50986342943854,15598.0072555042,96824.6678861857,48814.5,52.76491206108782,252699.42906308576,7.956309475442569,,,1206963,1238213,-31250,1106.3333333333333,229970.69166666665,0.32939259859179243,33730.0,53056.0,0.09166666666666667,97.19166666666666,93.33333333333333,31.353072227499997,8.5077256575,90.6199605275,현재 KOSIS 확보분은 소득5분위(상위20%) proxy; 소득10분위/순자산10분위 추가 확보 필요
2024,서울,성북구,11290,1134,84.80438606701941,83500.0,87268.55379188713,83500.0,8.35,82~86㎡,median,3.7267080745341685,소득5분위,16601.7403727805,103251.534864841,123780.2346436831,20528.6997788421,123.65390204812547,소득5분위,5.029593170659566,0.8087046852068952,1.2365453277226468,,,,,,,,,,1221380,1266072,-44692,1.194485663603606,2.249935996472341,43.01440000000001,960.4166666666666,-13.189213618559803,249981.58333333334,0.7486124213056833,68.17754361080347,26418.0,39555.0,21821.0,32988.0,-21.67803142603024,-25.446697828709286,0.2545,42.59107177916667,17.392026454166665,133.71870944,99.77499999999999,105.75,73.486134025,,0.846928277483833,34.88095238095238,16601.7403727805,103251.534864841,,,,,,,1221380,1266072,-44692,960.4166666666666,249981.58333333334,0.7486124213056833,26418.0,39555.0,0.2545,99.77499999999999,105.75,42.59107177916667,17.392026454166665,133.71870944,현재 KOSIS 확보분은 소득5분위(상위20%) proxy; 소득10분위/순자산10분위 추가 확보 필요
2017,서울,강북구,11305,736,84.81306413043478,41000.0,41856.952445652176,41000.0,4.1,82~86㎡,median,,소득5분위,12955.9113611205,67547.4968553551,83022.796550379,15475.2996950239,119.44585960555314,소득5분위,3.1645786125889406,0.6069803013988306,1.6474999233013439,12002.0,2394568660.0,199514.1359773371,0.7555406312961699,4.491888690254053,3.708330118172487,2940688.0,2.035018275262157,2015년 기준년가격,1472937,1571423,-98486,-2.8150530284335895,-5.099226443797445,-29.781757773230566,104.66666666666667,-78.80526493418833,153237.45833333334,0.3850083708195118,67.33610151153572,95078.0,73883.0,55274.0,29201.0,-6.764336706676078,-20.394992026893078,0.35283333333333333,,,,106.325,104.16666666666667,38.50029009916667,-8.205799033494417,0.14221014492753623,100.38451086956522,12955.9113611205,67547.4968553551,12002.0,0.7555406312961699,199514.1359773371,3.708330118172487,2940688.0,2.035018275262157,1472937,1571423,-98486,104.66666666666667,153237.45833333334,0.3850083708195118,95078.0,73883.0,0.35283333333333333,106.325,104.16666666666667,,,,현재 KOSIS 확보분은 소득5분위(상위20%) proxy; 소득10분위/순자산10분위 추가 확보 필요
2018,서울,강북구,11305,839,84.80544803337307,44500.0,46051.50178784267,44500.0,4.45,82~86㎡,median,8.536585365853666,소득5분위,13546.653990428,74263.716571368,91414.0185944494,17150.3020230813,126.6017574169948,소득5분위,3.284944018754999,0.5992159031959458,1.668847563401528,12172.0,2541061800.0,208762.8820243181,1.4164305949008416,6.117725603240798,4.6356344635307245,3050845.0,3.7459601290582345,2015년 기준년가격,1439707,1549937,-110230,-2.2560367483470123,-1.367295756775866,11.924537497715404,39.583333333333336,-62.181528662420384,161249.48333333334,0.4459881960217275,65.16508478483199,80273.0,76043.0,44744.0,38853.0,-15.571425566377084,2.9235412747181444,0.49574999999999997,,,,104.33333333333333,106.25,48.469404526666665,-9.05603023332238,0.04717918156535558,90.6352800953516,13546.653990428,74263.716571368,12172.0,1.4164305949008416,208762.8820243181,4.6356344635307245,3050845.0,3.7459601290582345,1439707,1549937,-110230,39.583333333333336,161249.48333333334,0.4459881960217275,80273.0,76043.0,0.49574999999999997,104.33333333333333,106.25,,,,현재 KOSIS 확보분은 소득5분위(상위20%) proxy; 소득10분위/순자산10분위 추가 확보 필요
2019,서울,강북구,11305,508,84.80850551181103,51500.0,53622.59842519685,51500.0,5.15,82~86㎡,median,15.73033707865168,소득5분위,13785.8226582056,76921.0769571673,94608.1453937105,17687.0684365432,128.29896971012823,소득5분위,3.73572192801611,0.6695174071558727,1.493613144799365,12061.0,2635512600.0,218515.26407428904,-0.9119290174170236,3.7169816176843895,4.671511504058912,3088259.0,1.226348765669849,2015년 기준년가격,1426493,1476081,-49588,-0.9178256409116625,-4.765096903938682,-55.01406150775651,213.33333333333334,438.9473684210526,171462.98333333334,0.5841504939828667,64.46142954767093,78782.0,78592.0,51321.0,45860.0,-1.8574115829731008,3.3520508133556115,0.43016666666666664,,,,99.125,101.41666666666667,52.094689102500006,-4.111433546140453,0.4199475065616798,154.70866141732284,13785.8226582056,76921.0769571673,12061.0,-0.9119290174170236,218515.26407428904,4.671511504058912,3088259.0,1.226348765669849,1426493,1476081,-49588,213.33333333333334,171462.98333333334,0.5841504939828667,78782.0,78592.0,0.43016666666666664,99.125,101.41666666666667,,,,현재 KOSIS 확보분은 소득5분위(상위20%) proxy; 소득10분위/순자산10분위 추가 확보 필요
2020,서울,강북구,11305,865,84.80368046242775,61000.0,63385.51445086705,61000.0,6.1,82~86㎡,median,18.446601941747566,소득5분위,13946.7843124463,79518.8733094601,98130.0812940564,18611.2079845963,133.44443828522827,소득5분위,4.373768076814867,0.7671134846517377,1.3035880870403296,12537.0,2802272700.0,223520.1962191912,3.946604759141037,6.327425640082307,2.290426788309219,,,,1578127,1642977,-64850,10.62984536201721,11.306696583724074,30.77760748568201,72.0,-66.25000000000001,188852.1083333333,0.9608004148317176,64.02712117307318,68651.0,80879.0,40417.0,54355.0,-12.85953644233454,2.9099653908794876,0.3918333333333333,,,,87.39999999999999,116.25,60.04829466,-5.172688841030549,0.08323699421965318,93.50173410404625,13946.7843124463,79518.8733094601,12537.0,3.946604759141037,223520.1962191912,2.290426788309219,,,1578127,1642977,-64850,72.0,188852.1083333333,0.9608004148317176,68651.0,80879.0,0.3918333333333333,87.39999999999999,116.25,,,,현재 KOSIS 확보분은 소득5분위(상위20%) proxy; 소득10분위/순자산10분위 추가 확보 필요
2021,서울,강북구,11305,351,84.82003817663818,76700.0,77279.34472934472,76700.0,7.67,82~86㎡,median,25.737704918032776,소득5분위,14268.8269839115,90300.814516767,109951.7311755528,19650.9166587858,137.7192160290594,소득5분위,5.375354266085179,0.8493832576201004,1.1773248307270796,12429.0,2954872820.0,237740.18987850996,-0.8614501076812608,5.445584221692634,6.361838393061436,,,,1418187,1524430,-106243,-10.134799037086372,-7.215377938948631,63.82883577486507,63.583333333333336,-11.689814814814813,213003.1416666667,0.9319418928083504,63.436729680954954,61485.0,70243.0,34570.0,43729.0,-10.43830388486694,-13.1505087847278,0.43216666666666664,90.7119970475,10.125568283,159.464968216625,103.43333333333334,124.16666666666667,70.16310603416666,-8.547992597956393,0.1811490978157645,200.12250712250713,14268.8269839115,90300.814516767,12429.0,-0.8614501076812608,237740.18987850996,6.361838393061436,,,1418187,1524430,-106243,63.583333333333336,213003.1416666667,0.9319418928083504,61485.0,70243.0,0.43216666666666664,103.43333333333334,124.16666666666667,90.7119970475,10.125568283,159.464968216625,현재 KOSIS 확보분은 소득5분위(상위20%) proxy; 소득10분위/순자산10분위 추가 확보 필요
2022,서울,강북구,11305,76,84.7976052631579,77500.0,76944.07894736843,77500.0,7.75,82~86㎡,median,1.04302477183833,소득5분위,15025.6975797391,100528.0244442397,121088.2011854,20560.1767411603,136.83342574979002,소득5분위,5.157830416106756,0.7709293048227288,1.2971357992805121,11864.0,2821140040.0,237789.95616992583,-4.545820259071531,-4.525838780431846,0.020933057823047108,,,,1201527,1236867,-35340,-15.2772518715797,-18.863640836246987,-66.73663206046515,553.8333333333334,771.0353866317168,227516.38333333333,0.17127108040228267,64.48496540835136,63867.0,54660.0,44894.0,31836.0,3.8741156379604735,-22.1844169525789,0.2519166666666667,40.23610326358334,1.8295229814166667,105.25811626666666,95.49166666666667,86.33333333333333,74.68328998583333,-2.9787592717464597,7.287280701754386,719.2105263157895,15025.6975797391,100528.0244442397,11864.0,-4.545820259071531,237789.95616992583,0.020933057823047108,,,1201527,1236867,-35340,553.8333333333334,227516.38333333333,0.17127108040228267,63867.0,54660.0,0.2519166666666667,95.49166666666667,86.33333333333333,40.23610326358334,1.8295229814166667,105.25811626666666,현재 KOSIS 확보분은 소득5분위(상위20%) proxy; 소득10분위/순자산10분위 추가 확보 필요
2023,서울,강북구,11305,240,84.78030208333332,66750.0,68302.70833333333,66750.0,6.675,82~86㎡,median,-13.87096774193548,소득5분위,15598.0072555042,96824.6678861857,117458.2830186514,20633.6151324657,132.28366158878754,소득5분위,4.2793928036188955,0.6893904359007199,1.4505568222649543,17221.5,4428126260.0,257127.7914235113,45.15761968981793,56.96229883008572,8.13231793514717,,,,1206963,1238213,-31250,0.45242429009086926,0.10882334155573048,-11.573288058856823,1106.3333333333333,99.75925368642791,229970.69166666665,0.32939259859179243,65.97604190461169,33730.0,53056.0,27426.0,38028.0,-47.18712324048413,-2.934504207830224,0.09166666666666667,31.353072227499997,8.5077256575,90.6199605275,97.19166666666666,93.33333333333333,68.61149256916667,-1.814592224835235,4.609722222222222,221.06666666666666,15598.0072555042,96824.6678861857,17221.5,45.15761968981793,257127.7914235113,8.13231793514717,,,1206963,1238213,-31250,1106.3333333333333,229970.69166666665,0.32939259859179243,33730.0,53056.0,0.09166666666666667,97.19166666666666,93.33333333333333,31.353072227499997,8.5077256575,90.6199605275,현재 KOSIS 확보분은 소득5분위(상위20%) proxy; 소득10분위/순자산10분위 추가 확보 필요
2024,서울,강북구,11305,362,84.80946906077348,68000.0,69974.30662983426,68000.0,6.8,82~86㎡,median,1.8726591760299671,소득5분위,16601.7403727805,103251.534864841,123780.2346436831,20528.6997788421,123.65390204812547,소득5분위,4.09595611502815,0.6585858514259745,1.5184049244829558,,,,,,,,,,1221380,1266072,-44692,1.194485663603606,2.249935996472341,43.01440000000001,960.4166666666666,-13.189213618559803,249981.58333333334,0.7486124213056833,68.17754361080347,26418.0,39555.0,21821.0,32988.0,-21.67803142603024,-25.446697828709286,0.2545,42.59107177916667,17.392026454166665,133.71870944,99.77499999999999,105.75,73.486134025,,2.653084714548803,109.26795580110497,16601.7403727805,103251.534864841,,,,,,,1221380,1266072,-44692,960.4166666666666,249981.58333333334,0.7486124213056833,26418.0,39555.0,0.2545,99.77499999999999,105.75,42.59107177916667,17.392026454166665,133.71870944,현재 KOSIS 확보분은 소득5분위(상위20%) proxy; 소득10분위/순자산10분위 추가 확보 필요
2017,서울,도봉구,11320,1423,84.78332494729445,35000.0,37725.70625439213,35000.0,3.5,82~86㎡,median,,소득5분위,12955.9113611205,67547.4968553551,83022.796550379,15475.2996950239,119.44585960555314,소득5분위,2.7014695473320223,0.51815391582827,1.9299284815815743,14957.0,2892354800.0,193378.00361034967,-1.4170841022936975,3.8918359173281347,5.385233304653503,3201186.0,5.218722914162477,2015년 기준년가격,1472937,1571423,-98486,-2.8150530284335895,-5.099226443797445,-29.781757773230566,104.66666666666667,-78.80526493418833,153237.45833333334,0.3850083708195118,67.33610151153572,95078.0,73883.0,55274.0,29201.0,-6.764336706676078,-20.394992026893078,0.35283333333333333,,,,106.325,104.16666666666667,38.50029009916667,-6.5846092130774885,0.07355352541578825,51.920590302178496,12955.9113611205,67547.4968553551,14957.0,-1.4170841022936975,193378.00361034967,5.385233304653503,3201186.0,5.218722914162477,1472937,1571423,-98486,104.66666666666667,153237.45833333334,0.3850083708195118,95078.0,73883.0,0.35283333333333333,106.325,104.16666666666667,,,,현재 KOSIS 확보분은 소득5분위(상위20%) proxy; 소득10분위/순자산10분위 추가 확보 필요
2018,서울,도봉구,11320,1409,84.76280120652946,37000.0,40163.65862313698,37000.0,3.7,82~86㎡,median,5.714285714285716,소득5분위,13546.653990428,74263.716571368,91414.0185944494,17150.3020230813,126.6017574169948,소득5분위,2.731301768403033,0.4982244588370785,2.007127474901838,14488.0,2945822760.0,203328.4621755936,-3.1356555458982416,1.84859616807731,5.145600005931272,3196705.0,-0.1399793701459373,2015년 기준년가격,1439707,1549937,-110230,-2.2560367483470123,-1.367295756775866,11.924537497715404,39.583333333333336,-62.181528662420384,161249.48333333334,0.4459881960217275,65.16508478483199,80273.0,76043.0,44744.0,38853.0,-15.571425566377084,2.9235412747181444,0.49574999999999997,,,,104.33333333333333,106.25,48.469404526666665,-7.608365543898398,0.028093210314643957,53.9694819020582,13546.653990428,74263.716571368,14488.0,-3.1356555458982416,203328.4621755936,5.145600005931272,3196705.0,-0.1399793701459373,1439707,1549937,-110230,39.583333333333336,161249.48333333334,0.4459881960217275,80273.0,76043.0,0.49574999999999997,104.33333333333333,106.25,,,,현재 KOSIS 확보분은 소득5분위(상위20%) proxy; 소득10분위/순자산10분위 추가 확보 필요
2019,서울,도봉구,11320,929,84.78543379978473,42000.0,46882.734122712594,42000.0,4.2,82~86㎡,median,13.513513513513509,소득5분위,13785.8226582056,76921.0769571673,94608.1453937105,17687.0684365432,128.29896971012823,소득5분위,3.0466081743044007,0.5460141961271195,1.8314542132658882,14362.0,3077562040.0,214285.06057652135,-0.8696852567642188,4.472070818001295,5.3886201093999775,3208282.0,0.3621541556070973,2015년 기준년가격,1426493,1476081,-49588,-0.9178256409116625,-4.765096903938682,-55.01406150775651,213.33333333333334,438.9473684210526,171462.98333333334,0.5841504939828667,64.46142954767093,78782.0,78592.0,51321.0,45860.0,-1.8574115829731008,3.3520508133556115,0.43016666666666664,,,,99.125,101.41666666666667,52.094689102500006,-3.452722462052639,0.22963760315751705,84.59849300322928,13785.8226582056,76921.0769571673,14362.0,-0.8696852567642188,214285.06057652135,5.3886201093999775,3208282.0,0.3621541556070973,1426493,1476081,-49588,213.33333333333334,171462.98333333334,0.5841504939828667,78782.0,78592.0,0.43016666666666664,99.125,101.41666666666667,,,,현재 KOSIS 확보분은 소득5분위(상위20%) proxy; 소득10분위/순자산10분위 추가 확보 필요
2020,서울,도봉구,11320,1478,84.79024296346414,50000.0,53377.77401894452,50000.0,5.0,82~86㎡,median,19.047619047619047,소득5분위,13946.7843124463,79518.8733094601,98130.0812940564,18611.2079845963,133.44443828522827,소득5분위,3.585055800667923,0.6287815447965063,1.590377466189202,14920.0,3332647380.0,223367.7868632708,3.8852527503133283,8.288552324358655,4.238618530994609,,,,1578127,1642977,-64850,10.62984536201721,11.306696583724074,30.77760748568201,72.0,-66.25000000000001,188852.1083333333,0.9608004148317176,64.02712117307318,68651.0,80879.0,40417.0,54355.0,-12.85953644233454,2.9099653908794876,0.3918333333333333,,,,87.39999999999999,116.25,60.04829466,-4.346514745308311,0.04871447902571042,54.72192151556157,13946.7843124463,79518.8733094601,14920.0,3.8852527503133283,223367.7868632708,4.238618530994609,,,1578127,1642977,-64850,72.0,188852.1083333333,0.9608004148317176,68651.0,80879.0,0.3918333333333333,87.39999999999999,116.25,,,,현재 KOSIS 확보분은 소득5분위(상위20%) proxy; 소득10분위/순자산10분위 추가 확보 필요
2021,서울,도봉구,11320,596,84.80839429530201,66250.0,69742.06375838927,66250.0,6.625,82~86㎡,median,32.49999999999999,소득5분위,14268.8269839115,90300.814516767,109951.7311755528,19650.9166587858,137.7192160290594,소득5분위,4.642988528398215,0.7336589415558233,1.3630311625172378,14476.0,3397370140.0,234689.84111633047,-2.9758713136729176,1.9420824533797454,5.068794570629009,,,,1418187,1524430,-106243,-10.134799037086372,-7.215377938948631,63.82883577486507,63.583333333333336,-11.689814814814813,213003.1416666667,0.9319418928083504,63.436729680954954,61485.0,70243.0,34570.0,43729.0,-10.43830388486694,-13.1505087847278,0.43216666666666664,90.7119970475,10.125568283,159.464968216625,103.43333333333334,124.16666666666667,70.16310603416666,-7.339251174357558,0.1066834451901566,117.85738255033557,14268.8269839115,90300.814516767,14476.0,-2.9758713136729176,234689.84111633047,5.068794570629009,,,1418187,1524430,-106243,63.583333333333336,213003.1416666667,0.9319418928083504,61485.0,70243.0,0.43216666666666664,103.43333333333334,124.16666666666667,90.7119970475,10.125568283,159.464968216625,현재 KOSIS 확보분은 소득5분위(상위20%) proxy; 소득10분위/순자산10분위 추가 확보 필요
2022,서울,도봉구,11320,117,84.71924188034188,65000.0,66485.89743589744,65000.0,6.5,82~86㎡,median,-1.8867924528301883,소득5분위,15025.6975797391,100528.0244442397,121088.2011854,20560.1767411603,136.83342574979002,소득5분위,4.325922284476634,0.6465858685609984,1.5465849914498415,14267.0,3379328400.0,236863.2788953529,-1.4437689969604817,-0.5310501728257422,0.9260894160072031,,,,1201527,1236867,-35340,-15.2772518715797,-18.863640836246987,-66.73663206046515,553.8333333333334,771.0353866317168,227516.38333333333,0.17127108040228267,64.48496540835136,63867.0,54660.0,44894.0,31836.0,3.8741156379604735,-22.1844169525789,0.2519166666666667,40.23610326358334,1.8295229814166667,105.25811626666666,95.49166666666667,86.33333333333333,74.68328998583333,-2.4770449288568024,4.733618233618234,467.1794871794872,15025.6975797391,100528.0244442397,14267.0,-1.4437689969604817,236863.2788953529,0.9260894160072031,,,1201527,1236867,-35340,553.8333333333334,227516.38333333333,0.17127108040228267,63867.0,54660.0,0.2519166666666667,95.49166666666667,86.33333333333333,40.23610326358334,1.8295229814166667,105.25811626666666,현재 KOSIS 확보분은 소득5분위(상위20%) proxy; 소득10분위/순자산10분위 추가 확보 필요
2023,서울,도봉구,11320,375,84.82065626666667,54800.0,58135.333333333336,54800.0,5.48,82~86㎡,median,-15.692307692307693,소득5분위,15598.0072555042,96824.6678861857,117458.2830186514,20633.6151324657,132.28366158878754,소득5분위,3.513269297952292,0.5659714739679318,1.766873501572732,20757.0,5239340210.0,252413.17194199548,45.48959136468773,55.04087173060776,6.564923494752661,,,,1206963,1238213,-31250,0.45242429009086926,0.10882334155573048,-11.573288058856823,1106.3333333333333,99.75925368642791,229970.69166666665,0.32939259859179243,65.97604190461169,33730.0,53056.0,27426.0,38028.0,-47.18712324048413,-2.934504207830224,0.09166666666666667,31.353072227499997,8.5077256575,90.6199605275,97.19166666666666,93.33333333333333,68.61149256916667,-1.5055162113985643,2.950222222222222,141.48266666666666,15598.0072555042,96824.6678861857,20757.0,45.48959136468773,252413.17194199548,6.564923494752661,,,1206963,1238213,-31250,1106.3333333333333,229970.69166666665,0.32939259859179243,33730.0,53056.0,0.09166666666666667,97.19166666666666,93.33333333333333,31.353072227499997,8.5077256575,90.6199605275,현재 KOSIS 확보분은 소득5분위(상위20%) proxy; 소득10분위/순자산10분위 추가 확보 필요
2024,서울,도봉구,11320,587,84.80526456558773,57500.0,61593.952299829645,57500.0,5.75,82~86㎡,median,4.92700729927007,소득5분위,16601.7403727805,103251.534864841,123780.2346436831,20528.6997788421,123.65390204812547,소득5분위,3.463492303148803,0.5568924478969637,1.795678867214626,,,,,,,,,,1221380,1266072,-44692,1.194485663603606,2.249935996472341,43.01440000000001,960.4166666666666,-13.189213618559803,249981.58333333334,0.7486124213056833,68.17754361080347,26418.0,39555.0,21821.0,32988.0,-21.67803142603024,-25.446697828709286,0.2545,42.59107177916667,17.392026454166665,133.71870944,99.77499999999999,105.75,73.486134025,,1.636144236229415,67.38500851788757,16601.7403727805,103251.534864841,,,,,,,1221380,1266072,-44692,960.4166666666666,249981.58333333334,0.7486124213056833,26418.0,39555.0,0.2545,99.77499999999999,105.75,42.59107177916667,17.392026454166665,133.71870944,현재 KOSIS 확보분은 소득5분위(상위20%) proxy; 소득10분위/순자산10분위 추가 확보 필요
2017,서울,노원구,11350,2095,84.7587169451074,43000.0,43747.35417661098,43000.0,4.3,82~86㎡,median,,소득5분위,12955.9113611205,67547.4968553551,83022.796550379,15475.2996950239,119.44585960555314,소득5분위,3.318948301007913,0.6365890965890174,1.570872019891979,27108.0,5524678180.0,203802.5003688948,-3.592005121274633,2.3397018874778075,6.1527127664195325,6008729.0,3.932093252861457,2015년 기준년가격,1472937,1571423,-98486,-2.8150530284335895,-5.099226443797445,-29.781757773230566,104.66666666666667,-78.80526493418833,153237.45833333334,0.3850083708195118,67.33610151153572,95078.0,73883.0,55274.0,29201.0,-6.764336706676078,-20.394992026893078,0.35283333333333333,,,,106.325,104.16666666666667,38.50029009916667,-3.6330972406669617,0.04996022275258552,35.26634844868735,12955.9113611205,67547.4968553551,27108.0,-3.592005121274633,203802.5003688948,6.1527127664195325,6008729.0,3.932093252861457,1472937,1571423,-98486,104.66666666666667,153237.45833333334,0.3850083708195118,95078.0,73883.0,0.35283333333333333,106.325,104.16666666666667,,,,현재 KOSIS 확보분은 소득5분위(상위20%) proxy; 소득10분위/순자산10분위 추가 확보 필요
2018,서울,노원구,11350,1906,84.75197560335782,47500.0,48217.53777544596,47500.0,4.75,82~86㎡,median,10.465116279069765,소득5분위,13546.653990428,74263.716571368,91414.0185944494,17150.3020230813,126.6017574169948,소득5분위,3.506400918895786,0.6396124809394926,1.563446664660379,28634.0,6030649120.0,210611.4800586715,5.629334513796658,9.15837852477408,3.3409696531946587,6089681.0,1.3472399903540433,2015년 기준년가격,1439707,1549937,-110230,-2.2560367483470123,-1.367295756775866,11.924537497715404,39.583333333333336,-62.181528662420384,161249.48333333334,0.4459881960217275,65.16508478483199,80273.0,76043.0,44744.0,38853.0,-15.571425566377084,2.9235412747181444,0.49574999999999997,,,,104.33333333333333,106.25,48.469404526666665,-3.849619333659286,0.020767750961874783,39.896642182581324,13546.653990428,74263.716571368,28634.0,5.629334513796658,210611.4800586715,3.3409696531946587,6089681.0,1.3472399903540433,1439707,1549937,-110230,39.583333333333336,161249.48333333334,0.4459881960217275,80273.0,76043.0,0.49574999999999997,104.33333333333333,106.25,,,,현재 KOSIS 확보분은 소득5분위(상위20%) proxy; 소득10분위/순자산10분위 추가 확보 필요
2019,서울,노원구,11350,1513,84.74435604758757,56000.0,56593.575677461995,56000.0,5.6,82~86㎡,median,17.894736842105253,소득5분위,13785.8226582056,76921.0769571673,94608.1453937105,17687.0684365432,128.29896971012823,소득5분위,4.062144232405868,0.7280189281694927,1.373590659949416,28262.0,6298437020.0,222858.85712263815,-1.2991548508765827,4.440449024167403,5.815151700446153,6236040.0,2.4033935439311094,2015년 기준년가격,1426493,1476081,-49588,-0.9178256409116625,-4.765096903938682,-55.01406150775651,213.33333333333334,438.9473684210526,171462.98333333334,0.5841504939828667,64.46142954767093,78782.0,78592.0,51321.0,45860.0,-1.8574115829731008,3.3520508133556115,0.43016666666666664,,,,99.125,101.41666666666667,52.094689102500006,-1.7545821244073314,0.14100022031284423,51.944481163251815,13785.8226582056,76921.0769571673,28262.0,-1.2991548508765827,222858.85712263815,5.815151700446153,6236040.0,2.4033935439311094,1426493,1476081,-49588,213.33333333333334,171462.98333333334,0.5841504939828667,78782.0,78592.0,0.43016666666666664,99.125,101.41666666666667,,,,현재 KOSIS 확보분은 소득5분위(상위20%) proxy; 소득10분위/순자산10분위 추가 확보 필요
2020,서울,노원구,11350,1698,84.72094658421672,66000.0,67437.1554770318,66000.0,6.6,82~86㎡,median,17.85714285714286,소득5분위,13946.7843124463,79518.8733094601,98130.0812940564,18611.2079845963,133.44443828522827,소득5분위,4.732273656881659,0.8299916391313884,1.2048314137796985,29497.0,6663977880.0,225920.53022341256,4.369825206991718,5.803675718900814,1.3738171057251725,,,,1578127,1642977,-64850,10.62984536201721,11.306696583724074,30.77760748568201,72.0,-66.25000000000001,188852.1083333333,0.9608004148317176,64.02712117307318,68651.0,80879.0,40417.0,54355.0,-12.85953644233454,2.9099653908794876,0.3918333333333333,,,,87.39999999999999,116.25,60.04829466,-2.1985286639319255,0.04240282685512368,47.6319199057715,13946.7843124463,79518.8733094601,29497.0,4.369825206991718,225920.53022341256,1.3738171057251725,,,1578127,1642977,-64850,72.0,188852.1083333333,0.9608004148317176,68651.0,80879.0,0.3918333333333333,87.39999999999999,116.25,,,,현재 KOSIS 확보분은 소득5분위(상위20%) proxy; 소득10분위/순자산10분위 추가 확보 필요
2021,서울,노원구,11350,747,84.73854002677376,82000.0,83705.00669344043,82000.0,8.2,82~86㎡,median,24.242424242424242,소득5분위,14268.8269839115,90300.814516767,109951.7311755528,19650.9166587858,137.7192160290594,소득5분위,5.746793348357036,0.9080759729445662,1.1012294453264269,28953.0,6811491500.0,235260.3011777709,-1.844255348001489,2.2135970835485352,4.134095712825325,,,,1418187,1524430,-106243,-10.134799037086372,-7.215377938948631,63.82883577486507,63.583333333333336,-11.689814814814813,213003.1416666667,0.9319418928083504,63.436729680954954,61485.0,70243.0,34570.0,43729.0,-10.43830388486694,-13.1505087847278,0.43216666666666664,90.7119970475,10.125568283,159.464968216625,103.43333333333334,124.16666666666667,70.16310603416666,-3.669498842952371,0.08511825078090139,94.0334672021419,14268.8269839115,90300.814516767,28953.0,-1.844255348001489,235260.3011777709,4.134095712825325,,,1418187,1524430,-106243,63.583333333333336,213003.1416666667,0.9319418928083504,61485.0,70243.0,0.43216666666666664,103.43333333333334,124.16666666666667,90.7119970475,10.125568283,159.464968216625,현재 KOSIS 확보분은 소득5분위(상위20%) proxy; 소득10분위/순자산10분위 추가 확보 필요
2022,서울,노원구,11350,140,84.72439214285714,80000.0,82361.28571428571,80000.0,8.0,82~86㎡,median,-2.4390243902439046,소득5분위,15025.6975797391,100528.0244442397,121088.2011854,20560.1767411603,136.83342574979002,소득5분위,5.32421204243278,0.795797992075075,1.2566003055529962,28365.0,6729430860.0,237244.16922263356,-2.0308776292612185,-1.2047381986749928,0.8432651131240254,,,,1201527,1236867,-35340,-15.2772518715797,-18.863640836246987,-66.73663206046515,553.8333333333334,771.0353866317168,227516.38333333333,0.17127108040228267,64.48496540835136,63867.0,54660.0,44894.0,31836.0,3.8741156379604735,-22.1844169525789,0.2519166666666667,40.23610326358334,1.8295229814166667,105.25811626666666,95.49166666666667,86.33333333333333,74.68328998583333,-1.2459016393442623,3.955952380952381,390.42857142857144,15025.6975797391,100528.0244442397,28365.0,-2.0308776292612185,237244.16922263356,0.8432651131240254,,,1201527,1236867,-35340,553.8333333333334,227516.38333333333,0.17127108040228267,63867.0,54660.0,0.2519166666666667,95.49166666666667,86.33333333333333,40.23610326358334,1.8295229814166667,105.25811626666666,현재 KOSIS 확보분은 소득5분위(상위20%) proxy; 소득10분위/순자산10분위 추가 확보 필요
2023,서울,노원구,11350,476,84.78627647058823,77500.0,78094.53781512605,77500.0,7.75,82~86㎡,median,-3.125,소득5분위,15598.0072555042,96824.6678861857,117458.2830186514,20633.6151324657,132.28366158878754,소득5분위,4.9685834049507775,0.8004158619072029,1.2493505533701381,41256.0,10392093630.0,251892.90357766143,45.446853516657846,54.42752657986296,6.174539253388889,,,,1206963,1238213,-31250,0.45242429009086926,0.10882334155573048,-11.573288058856823,1106.3333333333333,99.75925368642791,229970.69166666665,0.32939259859179243,65.97604190461169,33730.0,53056.0,27426.0,38028.0,-47.18712324048413,-2.934504207830224,0.09166666666666667,31.353072227499997,8.5077256575,90.6199605275,97.19166666666666,93.33333333333333,68.61149256916667,-0.75746558076401,2.3242296918767504,111.46218487394958,15598.0072555042,96824.6678861857,41256.0,45.446853516657846,251892.90357766143,6.174539253388889,,,1206963,1238213,-31250,1106.3333333333333,229970.69166666665,0.32939259859179243,33730.0,53056.0,0.09166666666666667,97.19166666666666,93.33333333333333,31.353072227499997,8.5077256575,90.6199605275,현재 KOSIS 확보분은 소득5분위(상위20%) proxy; 소득10분위/순자산10분위 추가 확보 필요
2024,서울,노원구,11350,902,84.77957915742793,78500.0,78882.20620842572,78500.0,7.85,82~86㎡,median,1.2903225806451646,소득5분위,16601.7403727805,103251.534864841,123780.2346436831,20528.6997788421,123.65390204812547,소득5분위,4.728419926907496,0.7602792549549853,1.3153061766221783,,,,,,,,,,1221380,1266072,-44692,1.194485663603606,2.249935996472341,43.01440000000001,960.4166666666666,-13.189213618559803,249981.58333333334,0.7486124213056833,68.17754361080347,26418.0,39555.0,21821.0,32988.0,-21.67803142603024,-25.446697828709286,0.2545,42.59107177916667,17.392026454166665,133.71870944,99.77499999999999,105.75,73.486134025,,1.0647634885439763,43.852549889135254,16601.7403727805,103251.534864841,,,,,,,1221380,1266072,-44692,960.4166666666666,249981.58333333334,0.7486124213056833,26418.0,39555.0,0.2545,99.77499999999999,105.75,42.59107177916667,17.392026454166665,133.71870944,현재 KOSIS 확보분은 소득5분위(상위20%) proxy; 소득10분위/순자산10분위 추가 확보 필요
2017,서울,은평구,11380,1165,84.60769957081546,47000.0,45988.81545064378,47000.0,4.7,82~86㎡,median,,소득5분위,12955.9113611205,67547.4968553551,83022.796550379,15475.2996950239,119.44585960555314,소득5분위,3.6276876778458584,0.6958066869693912,1.4371807841564914,19813.0,4104822340.0,207178.23348306667,0.9579617834394982,7.283716024246445,6.265730933015523,4340123.0,3.286118953203432,2015년 기준년가격,1472937,1571423,-98486,-2.8150530284335895,-5.099226443797445,-29.781757773230566,104.66666666666667,-78.80526493418833,153237.45833333334,0.3850083708195118,67.33610151153572,95078.0,73883.0,55274.0,29201.0,-6.764336706676078,-20.394992026893078,0.35283333333333333,,,,106.325,104.16666666666667,38.50029009916667,-4.97077676273154,0.08984263233190272,63.418884120171676,12955.9113611205,67547.4968553551,19813.0,0.9579617834394982,207178.23348306667,6.265730933015523,4340123.0,3.286118953203432,1472937,1571423,-98486,104.66666666666667,153237.45833333334,0.3850083708195118,95078.0,73883.0,0.35283333333333333,106.325,104.16666666666667,,,,현재 KOSIS 확보분은 소득5분위(상위20%) proxy; 소득10분위/순자산10분위 추가 확보 필요
2018,서울,은평구,11380,1352,84.640374852071,52000.0,51686.73816568047,52000.0,5.2,82~86㎡,median,10.63829787234043,소득5분위,13546.653990428,74263.716571368,91414.0185944494,17150.3020230813,126.6017574169948,소득5분위,3.8385862691069654,0.7002073475548131,1.4281483956032308,20770.0,4549875680.0,219059.9749638902,4.830162014838746,10.842207119736159,5.735033686246127,4510226.0,3.9193128858329596,2015년 기준년가격,1439707,1549937,-110230,-2.2560367483470123,-1.367295756775866,11.924537497715404,39.583333333333336,-62.181528662420384,161249.48333333334,0.4459881960217275,65.16508478483199,80273.0,76043.0,44744.0,38853.0,-15.571425566377084,2.9235412747181444,0.49574999999999997,,,,104.33333333333333,106.25,48.469404526666665,-5.307173808377468,0.029277613412228797,56.2448224852071,13546.653990428,74263.716571368,20770.0,4.830162014838746,219059.9749638902,5.735033686246127,4510226.0,3.9193128858329596,1439707,1549937,-110230,39.583333333333336,161249.48333333334,0.4459881960217275,80273.0,76043.0,0.49574999999999997,104.33333333333333,106.25,,,,현재 KOSIS 확보분은 소득5분위(상위20%) proxy; 소득10분위/순자산10분위 추가 확보 필요
2019,서울,은평구,11380,835,84.64023532934132,59600.0,58896.982035928144,59600.0,5.96,82~86㎡,median,14.615384615384608,소득5분위,13785.8226582056,76921.0769571673,94608.1453937105,17687.0684365432,128.29896971012823,소득5분위,4.323282075917673,0.7748201449803886,1.2906220965967667,20944.0,4788562980.0,228636.50592055003,0.8377467501203606,5.246018062629787,4.37164797368319,4601453.0,2.022670260869419,2015년 기준년가격,1426493,1476081,-49588,-0.9178256409116625,-4.765096903938682,-55.01406150775651,213.33333333333334,438.9473684210526,171462.98333333334,0.5841504939828667,64.46142954767093,78782.0,78592.0,51321.0,45860.0,-1.8574115829731008,3.3520508133556115,0.43016666666666664,,,,99.125,101.41666666666667,52.094689102500006,-2.3676470588235294,0.25548902195608786,94.12215568862275,13785.8226582056,76921.0769571673,20944.0,0.8377467501203606,228636.50592055003,4.37164797368319,4601453.0,2.022670260869419,1426493,1476081,-49588,213.33333333333334,171462.98333333334,0.5841504939828667,78782.0,78592.0,0.43016666666666664,99.125,101.41666666666667,,,,현재 KOSIS 확보분은 소득5분위(상위20%) proxy; 소득10분위/순자산10분위 추가 확보 필요
2020,서울,은평구,11380,1283,84.61131964146531,69200.0,67644.79734996102,69200.0,6.92,82~86㎡,median,16.10738255033557,소득5분위,13946.7843124463,79518.8733094601,98130.0812940564,18611.2079845963,133.44443828522827,소득5분위,4.961717228124406,0.8702336579983647,1.1491166663216779,21653.0,5110016580.0,235995.7779522468,3.3852177234530156,6.712945018006211,3.218765088307496,,,,1578127,1642977,-64850,10.62984536201721,11.306696583724074,30.77760748568201,72.0,-66.25000000000001,188852.1083333333,0.9608004148317176,64.02712117307318,68651.0,80879.0,40417.0,54355.0,-12.85953644233454,2.9099653908794876,0.3918333333333333,,,,87.39999999999999,116.25,60.04829466,-2.9949660555119384,0.05611847233047545,63.038971161340605,13946.7843124463,79518.8733094601,21653.0,3.3852177234530156,235995.7779522468,3.218765088307496,,,1578127,1642977,-64850,72.0,188852.1083333333,0.9608004148317176,68651.0,80879.0,0.3918333333333333,87.39999999999999,116.25,,,,현재 KOSIS 확보분은 소득5분위(상위20%) proxy; 소득10분위/순자산10분위 추가 확보 필요
2021,서울,은평구,11380,541,84.62697911275416,88500.0,86547.61552680221,88500.0,8.85,82~86㎡,median,27.89017341040463,소득5분위,14268.8269839115,90300.814516767,109951.7311755528,19650.9166587858,137.7192160290594,소득5분위,6.202331845482899,0.9800576049462696,1.0203481866301356,22822.0,5542895680.0,242875.1064762072,5.398790006003784,8.471187778416178,2.915021863379441,,,,1418187,1524430,-106243,-10.134799037086372,-7.215377938948631,63.82883577486507,63.583333333333336,-11.689814814814813,213003.1416666667,0.9319418928083504,63.436729680954954,61485.0,70243.0,34570.0,43729.0,-10.43830388486694,-13.1505087847278,0.43216666666666664,90.7119970475,10.125568283,159.464968216625,103.43333333333334,124.16666666666667,70.16310603416666,-4.655288756463062,0.11752926678989525,129.8391866913124,14268.8269839115,90300.814516767,22822.0,5.398790006003784,242875.1064762072,2.915021863379441,,,1418187,1524430,-106243,63.583333333333336,213003.1416666667,0.9319418928083504,61485.0,70243.0,0.43216666666666664,103.43333333333334,124.16666666666667,90.7119970475,10.125568283,159.464968216625,현재 KOSIS 확보분은 소득5분위(상위20%) proxy; 소득10분위/순자산10분위 추가 확보 필요
2022,서울,은평구,11380,158,84.71977784810126,90500.0,89090.50632911392,90500.0,9.05,82~86㎡,median,2.259887005649719,소득5분위,15025.6975797391,100528.0244442397,121088.2011854,20560.1767411603,136.83342574979002,소득5분위,6.023014873002083,0.9002464785349286,1.1108068999363503,20792.0,5145734060.0,247486.2475952289,-8.894925948646048,-7.16523714189764,1.8985647339174294,,,,1201527,1236867,-35340,-15.2772518715797,-18.863640836246987,-66.73663206046515,553.8333333333334,771.0353866317168,227516.38333333333,0.17127108040228267,64.48496540835136,63867.0,54660.0,44894.0,31836.0,3.8741156379604735,-22.1844169525789,0.2519166666666667,40.23610326358334,1.8295229814166667,105.25811626666666,95.49166666666667,86.33333333333333,74.68328998583333,-1.6996921893035783,3.505274261603376,345.9493670886076,15025.6975797391,100528.0244442397,20792.0,-8.894925948646048,247486.2475952289,1.8985647339174294,,,1201527,1236867,-35340,553.8333333333334,227516.38333333333,0.17127108040228267,63867.0,54660.0,0.2519166666666667,95.49166666666667,86.33333333333333,40.23610326358334,1.8295229814166667,105.25811626666666,현재 KOSIS 확보분은 소득5분위(상위20%) proxy; 소득10분위/순자산10분위 추가 확보 필요
2023,서울,은평구,11380,520,84.74701673076923,85750.0,83444.61538461539,85750.0,8.575,82~86㎡,median,-5.2486187845303895,소득5분위,15598.0072555042,96824.6678861857,117458.2830186514,20633.6151324657,132.28366158878754,소득5분위,5.49749712225199,0.8856214214005502,1.1291506459030403,30436.5,8151677250.0,267825.71090631315,46.38562908811081,58.41621729670188,8.218421633007278,,,,1206963,1238213,-31250,0.45242429009086926,0.10882334155573048,-11.573288058856823,1106.3333333333333,99.75925368642791,229970.69166666665,0.32939259859179243,65.97604190461169,33730.0,53056.0,27426.0,38028.0,-47.18712324048413,-2.934504207830224,0.09166666666666667,31.353072227499997,8.5077256575,90.6199605275,97.19166666666666,93.33333333333333,68.61149256916667,-1.0267277775039838,2.1275641025641026,102.03076923076924,15598.0072555042,96824.6678861857,30436.5,46.38562908811081,267825.71090631315,8.218421633007278,,,1206963,1238213,-31250,1106.3333333333333,229970.69166666665,0.32939259859179243,33730.0,53056.0,0.09166666666666667,97.19166666666666,93.33333333333333,31.353072227499997,8.5077256575,90.6199605275,현재 KOSIS 확보분은 소득5분위(상위20%) proxy; 소득10분위/순자산10분위 추가 확보 필요
2024,서울,은평구,11380,797,84.73998557089085,85000.0,87381.85696361355,85000.0,8.5,82~86㎡,median,-0.8746355685131157,소득5분위,16601.7403727805,103251.534864841,123780.2346436831,20528.6997788421,123.65390204812547,소득5분위,5.119945143785187,0.8232323142824681,1.2147239395863647,,,,,,,,,,1221380,1266072,-44692,1.194485663603606,2.249935996472341,43.01440000000001,960.4166666666666,-13.189213618559803,249981.58333333334,0.7486124213056833,68.17754361080347,26418.0,39555.0,21821.0,32988.0,-21.67803142603024,-25.446697828709286,0.2545,42.59107177916667,17.392026454166665,133.71870944,99.77499999999999,105.75,73.486134025,,1.2050397323295692,49.62986198243413,16601.7403727805,103251.534864841,,,,,,,1221380,1266072,-44692,960.4166666666666,249981.58333333334,0.7486124213056833,26418.0,39555.0,0.2545,99.77499999999999,105.75,42.59107177916667,17.392026454166665,133.71870944,현재 KOSIS 확보분은 소득5분위(상위20%) proxy; 소득10분위/순자산10분위 추가 확보 필요
2017,서울,서대문구,11410,1204,84.74361727574751,54000.0,56278.341362126244,54000.0,5.4,82~86㎡,median,,소득5분위,12955.9113611205,67547.4968553551,83022.796550379,15475.2996950239,119.44585960555314,소득5분위,4.167981587312263,0.7994374701350452,1.2508795713954648,41599.0,10889792220.0,261780.1442342364,-1.6153445910789488,3.4708219228446024,5.1696745725069215,7864202.0,2.648696470745482,2015년 기준년가격,1472937,1571423,-98486,-2.8150530284335895,-5.099226443797445,-29.781757773230566,104.66666666666667,-78.80526493418833,153237.45833333334,0.3850083708195118,67.33610151153572,95078.0,73883.0,55274.0,29201.0,-6.764336706676078,-20.394992026893078,0.35283333333333333,,,,106.325,104.16666666666667,38.50029009916667,-2.3675088343469795,0.08693244739756369,61.36461794019934,12955.9113611205,67547.4968553551,41599.0,-1.6153445910789488,261780.1442342364,5.1696745725069215,7864202.0,2.648696470745482,1472937,1571423,-98486,104.66666666666667,153237.45833333334,0.3850083708195118,95078.0,73883.0,0.35283333333333333,106.325,104.16666666666667,,,,현재 KOSIS 확보분은 소득5분위(상위20%) proxy; 소득10분위/순자산10분위 추가 확보 필요
2018,서울,서대문구,11410,1134,84.73169911816579,59000.0,62797.607583774254,59000.0,5.9,82~86㎡,median,9.259259259259256,소득5분위,13546.653990428,74263.716571368,91414.0185944494,17150.3020230813,126.6017574169948,소득5분위,4.3553190361021334,0.7944660289564225,1.258707060531661,44872.0,11876654000.0,264678.5077553931,7.867977595615283,9.062264550718858,1.1071746979264052,7919308.0,0.7007195389945542,2015년 기준년가격,1439707,1549937,-110230,-2.2560367483470123,-1.367295756775866,11.924537497715404,39.583333333333336,-62.181528662420384,161249.48333333334,0.4459881960217275,65.16508478483199,80273.0,76043.0,44744.0,38853.0,-15.571425566377084,2.9235412747181444,0.49574999999999997,,,,104.33333333333333,106.25,48.469404526666665,-2.4565430558031736,0.034905937683715464,67.05731922398589,13546.653990428,74263.716571368,44872.0,7.867977595615283,264678.5077553931,1.1071746979264052,7919308.0,0.7007195389945542,1439707,1549937,-110230,39.583333333333336,161249.48333333334,0.4459881960217275,80273.0,76043.0,0.49574999999999997,104.33333333333333,106.25,,,,현재 KOSIS 확보분은 소득5분위(상위20%) proxy; 소득10분위/순자산10분위 추가 확보 필요
2019,서울,서대문구,11410,1072,84.78119440298508,77750.0,79798.79664179105,77750.0,7.775,82~86㎡,median,31.779661016949156,소득5분위,13785.8226582056,76921.0769571673,94608.1453937105,17687.0684365432,128.29896971012823,소득5분위,5.639852036956361,1.0107762797353224,0.989338610381573,45832.0,12654277140.0,276101.35145749693,2.139418791228387,6.547493427020767,4.315742822859048,8107945.0,2.3819884262614943,2015년 기준년가격,1426493,1476081,-49588,-0.9178256409116625,-4.765096903938682,-55.01406150775651,213.33333333333334,438.9473684210526,171462.98333333334,0.5841504939828667,64.46142954767093,78782.0,78592.0,51321.0,45860.0,-1.8574115829731008,3.3520508133556115,0.43016666666666664,,,,99.125,101.41666666666667,52.094689102500006,-1.0819514749519985,0.19900497512437812,73.31343283582089,13785.8226582056,76921.0769571673,45832.0,2.139418791228387,276101.35145749693,4.315742822859048,8107945.0,2.3819884262614943,1426493,1476081,-49588,213.33333333333334,171462.98333333334,0.5841504939828667,78782.0,78592.0,0.43016666666666664,99.125,101.41666666666667,,,,현재 KOSIS 확보분은 소득5분위(상위20%) proxy; 소득10분위/순자산10분위 추가 확보 필요
2020,서울,서대문구,11410,1166,84.76628790737564,84700.0,89761.96826758147,84700.0,8.47,82~86㎡,median,8.93890675241158,소득5분위,13946.7843124463,79518.8733094601,98130.0812940564,18611.2079845963,133.44443828522827,소득5분위,6.073084526331462,1.0651559368852817,0.9388296730750898,47042.0,13292905360.0,282575.25955529104,2.640076802234237,5.046738054924571,2.344757844762202,,,,1578127,1642977,-64850,10.62984536201721,11.306696583724074,30.77760748568201,72.0,-66.25000000000001,188852.1083333333,0.9608004148317176,64.02712117307318,68651.0,80879.0,40417.0,54355.0,-12.85953644233454,2.9099653908794876,0.3918333333333333,,,,87.39999999999999,116.25,60.04829466,-1.3785553335317375,0.06174957118353345,69.36449399656946,13946.7843124463,79518.8733094601,47042.0,2.640076802234237,282575.25955529104,2.344757844762202,,,1578127,1642977,-64850,72.0,188852.1083333333,0.9608004148317176,68651.0,80879.0,0.3918333333333333,87.39999999999999,116.25,,,,현재 KOSIS 확보분은 소득5분위(상위20%) proxy; 소득10분위/순자산10분위 추가 확보 필요
2021,서울,서대문구,11410,513,84.7662432748538,105000.0,109507.60233918129,105000.0,10.5,82~86㎡,median,23.96694214876034,소득5분위,14268.8269839115,90300.814516767,109951.7311755528,19650.9166587858,137.7192160290594,소득5분위,7.358698799725473,1.162780209258286,0.8600077573025429,47246.0,13653339980.0,288984.0405536977,0.4336550316738297,2.7114811265007033,2.2679908384380942,,,,1418187,1524430,-106243,-10.134799037086372,-7.215377938948631,63.82883577486507,63.583333333333336,-11.689814814814813,213003.1416666667,0.9319418928083504,63.436729680954954,61485.0,70243.0,34570.0,43729.0,-10.43830388486694,-13.1505087847278,0.43216666666666664,90.7119970475,10.125568283,159.464968216625,103.43333333333334,124.16666666666667,70.16310603416666,-2.248719468314778,0.12394411955815465,136.92592592592592,14268.8269839115,90300.814516767,47246.0,0.4336550316738297,288984.0405536977,2.2679908384380942,,,1418187,1524430,-106243,63.583333333333336,213003.1416666667,0.9319418928083504,61485.0,70243.0,0.43216666666666664,103.43333333333334,124.16666666666667,90.7119970475,10.125568283,159.464968216625,현재 KOSIS 확보분은 소득5분위(상위20%) proxy; 소득10분위/순자산10분위 추가 확보 필요
2022,서울,서대문구,11410,130,84.76117076923077,104750.0,104568.84615384616,104750.0,10.475,82~86㎡,median,-0.23809523809523725,소득5분위,15025.6975797391,100528.0244442397,121088.2011854,20560.1767411603,136.83342574979002,소득5분위,6.971390143060422,1.0419979958733012,0.9596947440977537,45868.0,12930023020.0,281896.3769948548,-2.916649028489182,-5.297729061603573,-2.452614180791013,,,,1201527,1236867,-35340,-15.2772518715797,-18.863640836246987,-66.73663206046515,553.8333333333334,771.0353866317168,227516.38333333333,0.17127108040228267,64.48496540835136,63867.0,54660.0,44894.0,31836.0,3.8741156379604735,-22.1844169525789,0.2519166666666667,40.23610326358334,1.8295229814166667,105.25811626666666,95.49166666666667,86.33333333333333,74.68328998583333,-0.7704717886107962,4.26025641025641,420.46153846153845,15025.6975797391,100528.0244442397,45868.0,-2.916649028489182,281896.3769948548,-2.452614180791013,,,1201527,1236867,-35340,553.8333333333334,227516.38333333333,0.17127108040228267,63867.0,54660.0,0.2519166666666667,95.49166666666667,86.33333333333333,40.23610326358334,1.8295229814166667,105.25811626666666,현재 KOSIS 확보분은 소득5분위(상위20%) proxy; 소득10분위/순자산10분위 추가 확보 필요
2023,서울,서대문구,11410,510,84.78637156862746,97950.0,97233.07843137255,97950.0,9.795,82~86㎡,median,-6.491646778042959,소득5분위,15598.0072555042,96824.6678861857,117458.2830186514,20633.6151324657,132.28366158878754,소득5분위,6.27964831632166,1.0116223699846518,0.9885111575925034,69001.0,21199490300.0,307234.5371806206,50.43385366704456,63.95554955477565,8.98846606539687,,,,1206963,1238213,-31250,0.45242429009086926,0.10882334155573048,-11.573288058856823,1106.3333333333333,99.75925368642791,229970.69166666665,0.32939259859179243,65.97604190461169,33730.0,53056.0,27426.0,38028.0,-47.18712324048413,-2.934504207830224,0.09166666666666667,31.353072227499997,8.5077256575,90.6199605275,97.19166666666666,93.33333333333333,68.61149256916667,-0.4528919870726511,2.169281045751634,104.03137254901961,15598.0072555042,96824.6678861857,69001.0,50.43385366704456,307234.5371806206,8.98846606539687,,,1206963,1238213,-31250,1106.3333333333333,229970.69166666665,0.32939259859179243,33730.0,53056.0,0.09166666666666667,97.19166666666666,93.33333333333333,31.353072227499997,8.5077256575,90.6199605275,현재 KOSIS 확보분은 소득5분위(상위20%) proxy; 소득10분위/순자산10분위 추가 확보 필요
2024,서울,서대문구,11410,982,84.79333004073321,107500.0,106067.69857433808,107500.0,10.75,82~86㎡,median,9.749872383869329,소득5분위,16601.7403727805,103251.534864841,123780.2346436831,20528.6997788421,123.65390204812547,소득5분위,6.475224740669502,1.0411467504160625,0.9604793940915441,,,,,,,,,,1221380,1266072,-44692,1.194485663603606,2.249935996472341,43.01440000000001,960.4166666666666,-13.189213618559803,249981.58333333334,0.7486124213056833,68.17754361080347,26418.0,39555.0,21821.0,32988.0,-21.67803142603024,-25.446697828709286,0.2545,42.59107177916667,17.392026454166665,133.71870944,99.77499999999999,105.75,73.486134025,,0.9780210454854039,40.28004073319756,16601.7403727805,103251.534864841,,,,,,,1221380,1266072,-44692,960.4166666666666,249981.58333333334,0.7486124213056833,26418.0,39555.0,0.2545,99.77499999999999,105.75,42.59107177916667,17.392026454166665,133.71870944,현재 KOSIS 확보분은 소득5분위(상위20%) proxy; 소득10분위/순자산10분위 추가 확보 필요
2017,서울,마포구,11440,1525,84.70986308196721,68500.0,70249.75737704919,68500.0,6.85,82~86㎡,median,,소득5분위,12955.9113611205,67547.4968553551,83022.796550379,15475.2996950239,119.44585960555314,소득5분위,5.287161828349815,1.0141012352638998,0.9860948446037241,150439.0,36771253940.0,244426.33851594335,2.6011935208866133,6.774228787261438,4.067238521475192,18197917.0,-2.141012550991306,2015년 기준년가격,1472937,1571423,-98486,-2.8150530284335895,-5.099226443797445,-29.781757773230566,104.66666666666667,-78.80526493418833,153237.45833333334,0.3850083708195118,67.33610151153572,95078.0,73883.0,55274.0,29201.0,-6.764336706676078,-20.394992026893078,0.35283333333333333,,,,106.325,104.16666666666667,38.50029009916667,-0.6546573694321286,0.06863387978142077,48.44786885245902,12955.9113611205,67547.4968553551,150439.0,2.6011935208866133,244426.33851594335,4.067238521475192,18197917.0,-2.141012550991306,1472937,1571423,-98486,104.66666666666667,153237.45833333334,0.3850083708195118,95078.0,73883.0,0.35283333333333333,106.325,104.16666666666667,,,,현재 KOSIS 확보분은 소득5분위(상위20%) proxy; 소득10분위/순자산10분위 추가 확보 필요
2018,서울,마포구,11440,1114,84.73423527827649,80000.0,83354.15619389588,80000.0,8.0,82~86㎡,median,16.788321167883204,소득5분위,13546.653990428,74263.716571368,91414.0185944494,17150.3020230813,126.6017574169948,소득5분위,5.905517337087639,1.0772420731612509,0.9282964571421,153679.0,38872108960.0,252943.53138685183,2.1536968472271045,5.713308073279166,3.4845642751192063,18734499.0,2.9485902150229615,2015년 기준년가격,1439707,1549937,-110230,-2.2560367483470123,-1.367295756775866,11.924537497715404,39.583333333333336,-62.181528662420384,161249.48333333334,0.4459881960217275,65.16508478483199,80273.0,76043.0,44744.0,38853.0,-15.571425566377084,2.9235412747181444,0.49574999999999997,,,,104.33333333333333,106.25,48.469404526666665,-0.7172743185471014,0.035532615200478755,68.26122082585279,13546.653990428,74263.716571368,153679.0,2.1536968472271045,252943.53138685183,3.4845642751192063,18734499.0,2.9485902150229615,1439707,1549937,-110230,39.583333333333336,161249.48333333334,0.4459881960217275,80273.0,76043.0,0.49574999999999997,104.33333333333333,106.25,,,,현재 KOSIS 확보분은 소득5분위(상위20%) proxy; 소득10분위/순자산10분위 추가 확보 필요
2019,서울,마포구,11440,1085,84.742393640553,95000.0,101705.6129032258,95000.0,9.5,82~86㎡,median,18.75,소득5분위,13785.8226582056,76921.0769571673,94608.1453937105,17687.0684365432,128.29896971012823,소득5분위,6.891137537117096,1.2350321102875321,0.8096955469175505,154721.0,41185303260.0,266190.7773346863,0.6780366868602838,5.95078158064517,5.237234522346479,18987571.0,1.3508340948962694,2015년 기준년가격,1426493,1476081,-49588,-0.9178256409116625,-4.765096903938682,-55.01406150775651,213.33333333333334,438.9473684210526,171462.98333333334,0.5841504939828667,64.46142954767093,78782.0,78592.0,51321.0,45860.0,-1.8574115829731008,3.3520508133556115,0.43016666666666664,,,,99.125,101.41666666666667,52.094689102500006,-0.32049947970863685,0.1966205837173579,72.43502304147465,13785.8226582056,76921.0769571673,154721.0,0.6780366868602838,266190.7773346863,5.237234522346479,18987571.0,1.3508340948962694,1426493,1476081,-49588,213.33333333333334,171462.98333333334,0.5841504939828667,78782.0,78592.0,0.43016666666666664,99.125,101.41666666666667,,,,현재 KOSIS 확보분은 소득5분위(상위20%) proxy; 소득10분위/순자산10분위 추가 확보 필요
2020,서울,마포구,11440,1029,84.74366132167152,105000.0,110460.31000971817,105000.0,10.5,82~86㎡,median,10.526315789473696,소득5분위,13946.7843124463,79518.8733094601,98130.0812940564,18611.2079845963,133.44443828522827,소득5분위,7.528617181402638,1.3204412440726634,0.7573226029472391,157678.0,43734394260.0,277365.22698157,1.911182063197625,6.189321913955004,4.197910145036277,,,,1578127,1642977,-64850,10.62984536201721,11.306696583724074,30.77760748568201,72.0,-66.25000000000001,188852.1083333333,0.9608004148317176,64.02712117307318,68651.0,80879.0,40417.0,54355.0,-12.85953644233454,2.9099653908794876,0.3918333333333333,,,,87.39999999999999,116.25,60.04829466,-0.4112812186861832,0.06997084548104957,78.59961127308065,13946.7843124463,79518.8733094601,157678.0,1.911182063197625,277365.22698157,4.197910145036277,,,1578127,1642977,-64850,72.0,188852.1083333333,0.9608004148317176,68651.0,80879.0,0.3918333333333333,87.39999999999999,116.25,,,,현재 KOSIS 확보분은 소득5분위(상위20%) proxy; 소득10분위/순자산10분위 추가 확보 필요
2021,서울,마포구,11440,541,84.74643955637707,137000.0,136181.97781885398,137000.0,13.7,82~86㎡,median,30.476190476190478,소득5분위,14268.8269839115,90300.814516767,109951.7311755528,19650.9166587858,137.7192160290594,소득5분위,9.601349862498951,1.5171513206512874,0.6591300329691022,164584.0,46699308100.0,283741.4821610849,4.379812021968821,6.779364137007704,2.298866101170849,,,,1418187,1524430,-106243,-10.134799037086372,-7.215377938948631,63.82883577486507,63.583333333333336,-11.689814814814813,213003.1416666667,0.9319418928083504,63.436729680954954,61485.0,70243.0,34570.0,43729.0,-10.43830388486694,-13.1505087847278,0.43216666666666664,90.7119970475,10.125568283,159.464968216625,103.43333333333334,124.16666666666667,70.16310603416666,-0.6455244738249162,0.11752926678989525,129.8391866913124,14268.8269839115,90300.814516767,164584.0,4.379812021968821,283741.4821610849,2.298866101170849,,,1418187,1524430,-106243,63.583333333333336,213003.1416666667,0.9319418928083504,61485.0,70243.0,0.43216666666666664,103.43333333333334,124.16666666666667,90.7119970475,10.125568283,159.464968216625,현재 KOSIS 확보분은 소득5분위(상위20%) proxy; 소득10분위/순자산10분위 추가 확보 필요
2022,서울,마포구,11440,125,84.7255512,128500.0,134338.4,128500.0,12.85,82~86㎡,median,-6.204379562043794,소득5분위,15025.6975797391,100528.0244442397,121088.2011854,20560.1767411603,136.83342574979002,소득5분위,8.552015593157654,1.278250524770589,0.7823192563754062,166651.0,47409272820.0,284482.37826355675,1.2558936470130844,1.52028959075734,0.2611165969913509,,,,1201527,1236867,-35340,-15.2772518715797,-18.863640836246987,-66.73663206046515,553.8333333333334,771.0353866317168,227516.38333333333,0.17127108040228267,64.48496540835136,63867.0,54660.0,44894.0,31836.0,3.8741156379604735,-22.1844169525789,0.2519166666666667,40.23610326358334,1.8295229814166667,105.25811626666666,95.49166666666667,86.33333333333333,74.68328998583333,-0.21205993363376158,4.430666666666667,437.28,15025.6975797391,100528.0244442397,166651.0,1.2558936470130844,284482.37826355675,0.2611165969913509,,,1201527,1236867,-35340,553.8333333333334,227516.38333333333,0.17127108040228267,63867.0,54660.0,0.2519166666666667,95.49166666666667,86.33333333333333,40.23610326358334,1.8295229814166667,105.25811626666666,현재 KOSIS 확보분은 소득5분위(상위20%) proxy; 소득10분위/순자산10분위 추가 확보 필요
2023,서울,마포구,11440,555,84.77801621621622,130000.0,129401.08108108108,130000.0,13.0,82~86㎡,median,1.1673151750972721,소득5분위,15598.0072555042,96824.6678861857,117458.2830186514,20633.6151324657,132.28366158878754,소득5분위,8.334397969594853,1.34263305868305,0.7448051375860439,248908.5,77523481370.0,311453.7324759902,49.35913975913735,63.51965925386662,9.480852338574742,,,,1206963,1238213,-31250,0.45242429009086926,0.10882334155573048,-11.573288058856823,1106.3333333333333,99.75925368642791,229970.69166666665,0.32939259859179243,65.97604190461169,33730.0,53056.0,27426.0,38028.0,-47.18712324048413,-2.934504207830224,0.09166666666666667,31.353072227499997,8.5077256575,90.6199605275,97.19166666666666,93.33333333333333,68.61149256916667,-0.12554814319318144,1.9933933933933932,95.5963963963964,15598.0072555042,96824.6678861857,248908.5,49.35913975913735,311453.7324759902,9.480852338574742,,,1206963,1238213,-31250,1106.3333333333333,229970.69166666665,0.32939259859179243,33730.0,53056.0,0.09166666666666667,97.19166666666666,93.33333333333333,31.353072227499997,8.5077256575,90.6199605275,현재 KOSIS 확보분은 소득5분위(상위20%) proxy; 소득10분위/순자산10분위 추가 확보 필요
2024,서울,마포구,11440,1059,84.78576742209631,143000.0,144895.65627950898,143000.0,14.3,82~86㎡,median,10.000000000000009,소득5분위,16601.7403727805,103251.534864841,123780.2346436831,20528.6997788421,123.65390204812547,소득5분위,8.613554771309197,1.3849673052046227,0.7220387053485384,,,,,,,,,,1221380,1266072,-44692,1.194485663603606,2.249935996472341,43.01440000000001,960.4166666666666,-13.189213618559803,249981.58333333334,0.7486124213056833,68.17754361080347,26418.0,39555.0,21821.0,32988.0,-21.67803142603024,-25.446697828709286,0.2545,42.59107177916667,17.392026454166665,133.71870944,99.77499999999999,105.75,73.486134025,,0.9069090336795719,37.35127478753541,16601.7403727805,103251.534864841,,,,,,,1221380,1266072,-44692,960.4166666666666,249981.58333333334,0.7486124213056833,26418.0,39555.0,0.2545,99.77499999999999,105.75,42.59107177916667,17.392026454166665,133.71870944,현재 KOSIS 확보분은 소득5분위(상위20%) proxy; 소득10분위/순자산10분위 추가 확보 필요
2017,서울,양천구,11470,1459,84.66768869088416,51800.0,54533.5915010281,51800.0,5.18,82~86㎡,median,,소득5분위,12955.9113611205,67547.4968553551,83022.796550379,15475.2996950239,119.44585960555314,소득5분위,3.998174930051393,0.7668677954258396,1.304005730798361,28912.0,6764578120.0,233971.29634753737,0.3470776065528147,4.964424631966335,4.601376677373237,6423353.0,2.6020645154694932,2015년 기준년가격,1472937,1571423,-98486,-2.8150530284335895,-5.099226443797445,-29.781757773230566,104.66666666666667,-78.80526493418833,153237.45833333334,0.3850083708195118,67.33610151153572,95078.0,73883.0,55274.0,29201.0,-6.764336706676078,-20.394992026893078,0.35283333333333333,,,,106.325,104.16666666666667,38.50029009916667,-3.4064056447149973,0.07173863376742061,50.63947909527074,12955.9113611205,67547.4968553551,28912.0,0.3470776065528147,233971.29634753737,4.601376677373237,6423353.0,2.6020645154694932,1472937,1571423,-98486,104.66666666666667,153237.45833333334,0.3850083708195118,95078.0,73883.0,0.35283333333333333,106.325,104.16666666666667,,,,현재 KOSIS 확보분은 소득5분위(상위20%) proxy; 소득10분위/순자산10분위 추가 확보 필요
2018,서울,양천구,11470,1209,84.64365186104217,54000.0,59232.21670802316,54000.0,5.4,82~86㎡,median,4.247104247104239,소득5분위,13546.653990428,74263.716571368,91414.0185944494,17150.3020230813,126.6017574169948,소득5분위,3.986224202534156,0.7271383993838443,1.3752540105808888,29384.0,7270932500.0,247445.29335692892,1.63254012174876,7.485380034313205,5.758824787369421,6617796.0,3.0271261753791245,2015년 기준년가격,1439707,1549937,-110230,-2.2560367483470123,-1.367295756775866,11.924537497715404,39.583333333333336,-62.181528662420384,161249.48333333334,0.4459881960217275,65.16508478483199,80273.0,76043.0,44744.0,38853.0,-15.571425566377084,2.9235412747181444,0.49574999999999997,,,,104.33333333333333,106.25,48.469404526666665,-3.75136128505309,0.032740556934105325,62.8974358974359,13546.653990428,74263.716571368,29384.0,1.63254012174876,247445.29335692892,5.758824787369421,6617796.0,3.0271261753791245,1439707,1549937,-110230,39.583333333333336,161249.48333333334,0.4459881960217275,80273.0,76043.0,0.49574999999999997,104.33333333333333,106.25,,,,현재 KOSIS 확보분은 소득5분위(상위20%) proxy; 소득10분위/순자산10분위 추가 확보 필요
2019,서울,양천구,11470,1148,84.6651824041812,71000.0,75114.09407665505,71000.0,7.1,82~86㎡,median,31.481481481481488,소득5분위,13785.8226582056,76921.0769571673,94608.1453937105,17687.0684365432,128.29896971012823,소득5분위,5.150218580371725,0.9230239982148926,1.083395450100948,31641.0,8239325640.0,260400.29202616855,7.681050912060994,13.318692478578221,5.235500135600724,6729834.0,1.6929805633174588,2015년 기준년가격,1426493,1476081,-49588,-0.9178256409116625,-4.765096903938682,-55.01406150775651,213.33333333333334,438.9473684210526,171462.98333333334,0.5841504939828667,64.46142954767093,78782.0,78592.0,51321.0,45860.0,-1.8574115829731008,3.3520508133556115,0.43016666666666664,,,,99.125,101.41666666666667,52.094689102500006,-1.5672071047059195,0.18583042973286876,68.45993031358886,13785.8226582056,76921.0769571673,31641.0,7.681050912060994,260400.29202616855,5.235500135600724,6729834.0,1.6929805633174588,1426493,1476081,-49588,213.33333333333334,171462.98333333334,0.5841504939828667,78782.0,78592.0,0.43016666666666664,99.125,101.41666666666667,,,,현재 KOSIS 확보분은 소득5분위(상위20%) proxy; 소득10분위/순자산10분위 추가 확보 필요
2020,서울,양천구,11470,1016,84.64892234251968,80000.0,83295.84645669292,80000.0,8.0,82~86㎡,median,12.676056338028175,소득5분위,13946.7843124463,79518.8733094601,98130.0812940564,18611.2079845963,133.44443828522827,소득5분위,5.736089281068677,1.00605047167441,0.9939859163682513,35140.0,9126611160.0,259721.43312464427,11.058436838279452,10.76890948080067,-0.26069821052890907,,,,1578127,1642977,-64850,10.62984536201721,11.306696583724074,30.77760748568201,72.0,-66.25000000000001,188852.1083333333,0.9608004148317176,64.02712117307318,68651.0,80879.0,40417.0,54355.0,-12.85953644233454,2.9099653908794876,0.3918333333333333,,,,87.39999999999999,116.25,60.04829466,-1.8454752418895846,0.07086614173228346,79.60531496062993,13946.7843124463,79518.8733094601,35140.0,11.058436838279452,259721.43312464427,-0.26069821052890907,,,1578127,1642977,-64850,72.0,188852.1083333333,0.9608004148317176,68651.0,80879.0,0.3918333333333333,87.39999999999999,116.25,,,,현재 KOSIS 확보분은 소득5분위(상위20%) proxy; 소득10분위/순자산10분위 추가 확보 필요
2021,서울,양천구,11470,552,84.6765615942029,99900.0,102241.70289855072,99900.0,9.99,82~86㎡,median,24.875000000000004,소득5분위,14268.8269839115,90300.814516767,109951.7311755528,19650.9166587858,137.7192160290594,소득5분위,7.00127628659595,1.1063023133800263,0.9039120572248949,35889.0,9517743900.0,265199.47337624343,2.131474103585651,4.285629497553822,2.109198376773991,,,,1418187,1524430,-106243,-10.134799037086372,-7.215377938948631,63.82883577486507,63.583333333333336,-11.689814814814813,213003.1416666667,0.9319418928083504,63.436729680954954,61485.0,70243.0,34570.0,43729.0,-10.43830388486694,-13.1505087847278,0.43216666666666664,90.7119970475,10.125568283,159.464968216625,103.43333333333334,124.16666666666667,70.16310603416666,-2.960322104265931,0.11518719806763285,127.2518115942029,14268.8269839115,90300.814516767,35889.0,2.131474103585651,265199.47337624343,2.109198376773991,,,1418187,1524430,-106243,63.583333333333336,213003.1416666667,0.9319418928083504,61485.0,70243.0,0.43216666666666664,103.43333333333334,124.16666666666667,90.7119970475,10.125568283,159.464968216625,현재 KOSIS 확보분은 소득5분위(상위20%) proxy; 소득10분위/순자산10분위 추가 확보 필요
2022,서울,양천구,11470,129,84.6664085271318,90000.0,96472.09302325582,90000.0,9.0,82~86㎡,median,-9.909909909909908,소득5분위,15025.6975797391,100528.0244442397,121088.2011854,20560.1767411603,136.83342574979002,소득5분위,5.989738547736878,0.8952727410844593,1.116978049380441,30078.0,8154548740.0,271113.396502427,-16.191590738109173,-14.32267115319209,2.2299905240736884,,,,1201527,1236867,-35340,-15.2772518715797,-18.863640836246987,-66.73663206046515,553.8333333333334,771.0353866317168,227516.38333333333,0.17127108040228267,64.48496540835136,63867.0,54660.0,44894.0,31836.0,3.8741156379604735,-22.1844169525789,0.2519166666666667,40.23610326358334,1.8295229814166667,105.25811626666666,95.49166666666667,86.33333333333333,74.68328998583333,-1.1749451426291642,4.29328165374677,423.72093023255815,15025.6975797391,100528.0244442397,30078.0,-16.191590738109173,271113.396502427,2.2299905240736884,,,1201527,1236867,-35340,553.8333333333334,227516.38333333333,0.17127108040228267,63867.0,54660.0,0.2519166666666667,95.49166666666667,86.33333333333333,40.23610326358334,1.8295229814166667,105.25811626666666,현재 KOSIS 확보분은 소득5분위(상위20%) proxy; 소득10분위/순자산10분위 추가 확보 필요
2023,서울,양천구,11470,478,84.74046380753138,96000.0,100479.76987447699,96000.0,9.6,82~86㎡,median,6.666666666666665,소득5분위,15598.0072555042,96824.6678861857,117458.2830186514,20633.6151324657,132.28366158878754,소득5분위,6.1546323467777375,0.9914828741044062,1.008590290481101,44774.5,13079518920.0,292119.8208801885,48.86129396901391,60.39537363780598,7.7482059716563745,,,,1206963,1238213,-31250,0.45242429009086926,0.10882334155573048,-11.573288058856823,1106.3333333333333,99.75925368642791,229970.69166666665,0.32939259859179243,65.97604190461169,33730.0,53056.0,27426.0,38028.0,-47.18712324048413,-2.934504207830224,0.09166666666666667,31.353072227499997,8.5077256575,90.6199605275,97.19166666666666,93.33333333333333,68.61149256916667,-0.6979419088990385,2.314504881450488,110.99581589958159,15598.0072555042,96824.6678861857,44774.5,48.86129396901391,292119.8208801885,7.7482059716563745,,,1206963,1238213,-31250,1106.3333333333333,229970.69166666665,0.32939259859179243,33730.0,53056.0,0.09166666666666667,97.19166666666666,93.33333333333333,31.353072227499997,8.5077256575,90.6199605275,현재 KOSIS 확보분은 소득5분위(상위20%) proxy; 소득10분위/순자산10분위 추가 확보 필요
2024,서울,양천구,11470,839,84.75284159713945,104000.0,108098.05721096543,104000.0,10.4,82~86㎡,median,8.333333333333325,소득5분위,16601.7403727805,103251.534864841,123780.2346436831,20528.6997788421,123.65390204812547,소득5분위,6.264403470043052,1.0072489492397256,0.9928032198542404,,,,,,,,,,1221380,1266072,-44692,1.194485663603606,2.249935996472341,43.01440000000001,960.4166666666666,-13.189213618559803,249981.58333333334,0.7486124213056833,68.17754361080347,26418.0,39555.0,21821.0,32988.0,-21.67803142603024,-25.446697828709286,0.2545,42.59107177916667,17.392026454166665,133.71870944,99.77499999999999,105.75,73.486134025,,1.1447159316646802,47.145411203814064,16601.7403727805,103251.534864841,,,,,,,1221380,1266072,-44692,960.4166666666666,249981.58333333334,0.7486124213056833,26418.0,39555.0,0.2545,99.77499999999999,105.75,42.59107177916667,17.392026454166665,133.71870944,현재 KOSIS 확보분은 소득5분위(상위20%) proxy; 소득10분위/순자산10분위 추가 확보 필요
2017,서울,강서구,11500,2170,84.7576024423963,52500.0,54414.522119815665,52500.0,5.25,82~86㎡,median,,소득5분위,12955.9113611205,67547.4968553551,83022.796550379,15475.2996950239,119.44585960555314,소득5분위,4.052204320998033,0.777230873742405,1.2866189877210494,138762.0,36625284720.0,263943.18848099624,1.6794899978017197,4.246239109418859,2.524352857860146,16070578.0,44.33634925876924,2015년 기준년가격,1472937,1571423,-98486,-2.8150530284335895,-5.099226443797445,-29.781757773230566,104.66666666666667,-78.80526493418833,153237.45833333334,0.3850083708195118,67.33610151153572,95078.0,73883.0,55274.0,29201.0,-6.764336706676078,-20.394992026893078,0.35283333333333333,,,,106.325,104.16666666666667,38.50029009916667,-0.7097476254305934,0.048233486943164365,34.04746543778802,12955.9113611205,67547.4968553551,138762.0,1.6794899978017197,263943.18848099624,2.524352857860146,16070578.0,44.33634925876924,1472937,1571423,-98486,104.66666666666667,153237.45833333334,0.3850083708195118,95078.0,73883.0,0.35283333333333333,106.325,104.16666666666667,,,,현재 KOSIS 확보분은 소득5분위(상위20%) proxy; 소득10분위/순자산10분위 추가 확보 필요
2018,서울,강서구,11500,1851,84.72924646137223,59000.0,61549.35656401945,59000.0,5.9,82~86㎡,median,12.380952380952381,소득5분위,13546.653990428,74263.716571368,91414.0185944494,17150.3020230813,126.6017574169948,소득5분위,4.3553190361021334,0.7944660289564225,1.258707060531661,141606.0,39027517460.0,275606.3829216276,2.049552471137628,6.558946253565123,4.418827592313912,16743106.0,4.18484014700653,2015년 기준년가격,1439707,1549937,-110230,-2.2560367483470123,-1.367295756775866,11.924537497715404,39.583333333333336,-62.181528662420384,161249.48333333334,0.4459881960217275,65.16508478483199,80273.0,76043.0,44744.0,38853.0,-15.571425566377084,2.9235412747181444,0.49574999999999997,,,,104.33333333333333,106.25,48.469404526666665,-0.7784274677626655,0.021384837025031515,41.08211777417612,13546.653990428,74263.716571368,141606.0,2.049552471137628,275606.3829216276,4.418827592313912,16743106.0,4.18484014700653,1439707,1549937,-110230,39.583333333333336,161249.48333333334,0.4459881960217275,80273.0,76043.0,0.49574999999999997,104.33333333333333,106.25,,,,현재 KOSIS 확보분은 소득5분위(상위20%) proxy; 소득10분위/순자산10분위 추가 확보 필요
2019,서울,강서구,11500,1263,84.73056579572446,70200.0,71315.44734758511,70200.0,7.02,82~86㎡,median,18.983050847457616,소득5분위,13785.8226582056,76921.0769571673,94608.1453937105,17687.0684365432,128.29896971012823,소득5분위,5.092187948480213,0.9126237278124711,1.0957418369966851,144679.0,42135683420.0,291235.6556238293,2.1701057864779827,7.964037075085839,5.67086746559351,16470960.0,-1.6254212330734763,2015년 기준년가격,1426493,1476081,-49588,-0.9178256409116625,-4.765096903938682,-55.01406150775651,213.33333333333334,438.9473684210526,171462.98333333334,0.5841504939828667,64.46142954767093,78782.0,78592.0,51321.0,45860.0,-1.8574115829731008,3.3520508133556115,0.43016666666666664,,,,99.125,101.41666666666667,52.094689102500006,-0.34274497335480614,0.1689100026392188,62.2264449722882,13785.8226582056,76921.0769571673,144679.0,2.1701057864779827,291235.6556238293,5.67086746559351,16470960.0,-1.6254212330734763,1426493,1476081,-49588,213.33333333333334,171462.98333333334,0.5841504939828667,78782.0,78592.0,0.43016666666666664,99.125,101.41666666666667,,,,현재 KOSIS 확보분은 소득5분위(상위20%) proxy; 소득10분위/순자산10분위 추가 확보 필요
2020,서울,강서구,11500,1966,84.74448977619532,77000.0,80287.30620549338,77000.0,7.7,82~86㎡,median,9.686609686609682,소득5분위,13946.7843124463,79518.8733094601,98130.0812940564,18611.2079845963,133.44443828522827,소득5분위,5.5209859330286015,0.9683235789866197,1.0327126403825988,163622.0,49793432040.0,304319.90832528635,13.093123397314056,18.174022582401484,4.492668548234757,,,,1578127,1642977,-64850,10.62984536201721,11.306696583724074,30.77760748568201,72.0,-66.25000000000001,188852.1083333333,0.9608004148317176,64.02712117307318,68651.0,80879.0,40417.0,54355.0,-12.85953644233454,2.9099653908794876,0.3918333333333333,,,,87.39999999999999,116.25,60.04829466,-0.3963403454303211,0.03662258392675483,41.13886063072228,13946.7843124463,79518.8733094601,163622.0,13.093123397314056,304319.90832528635,4.492668548234757,,,1578127,1642977,-64850,72.0,188852.1083333333,0.9608004148317176,68651.0,80879.0,0.3918333333333333,87.39999999999999,116.25,,,,현재 KOSIS 확보분은 소득5분위(상위20%) proxy; 소득10분위/순자산10분위 추가 확보 필요
2021,서울,강서구,11500,857,84.7027610268378,93500.0,97545.50758459744,93500.0,9.35,82~86㎡,median,21.42857142857142,소득5분위,14268.8269839115,90300.814516767,109951.7311755528,19650.9166587858,137.7192160290594,소득5분위,6.552746074041255,1.035428091101426,0.9657841124787915,176814.0,53240452120.0,301109.93541235424,8.062485484837012,6.92264007275285,-1.0548021424549692,,,,1418187,1524430,-106243,-10.134799037086372,-7.215377938948631,63.82883577486507,63.583333333333336,-11.689814814814813,213003.1416666667,0.9319418928083504,63.436729680954954,61485.0,70243.0,34570.0,43729.0,-10.43830388486694,-13.1505087847278,0.43216666666666664,90.7119970475,10.125568283,159.464968216625,103.43333333333334,124.16666666666667,70.16310603416666,-0.6008743651520807,0.07419292104239596,81.96382730455076,14268.8269839115,90300.814516767,176814.0,8.062485484837012,301109.93541235424,-1.0548021424549692,,,1418187,1524430,-106243,63.583333333333336,213003.1416666667,0.9319418928083504,61485.0,70243.0,0.43216666666666664,103.43333333333334,124.16666666666667,90.7119970475,10.125568283,159.464968216625,현재 KOSIS 확보분은 소득5분위(상위20%) proxy; 소득10분위/순자산10분위 추가 확보 필요
2022,서울,강서구,11500,156,84.66014230769231,94450.0,94881.41025641025,94450.0,9.445,82~86㎡,median,1.0160427807486716,소득5분위,15025.6975797391,100528.0244442397,121088.2011854,20560.1767411603,136.83342574979002,소득5분위,6.285897842597201,0.9395390043936354,1.064351767540918,185010.0,56261023180.0,304097.2011242636,4.635379551392993,5.673451181804134,0.9920847373629194,,,,1201527,1236867,-35340,-15.2772518715797,-18.863640836246987,-66.73663206046515,553.8333333333334,771.0353866317168,227516.38333333333,0.17127108040228267,64.48496540835136,63867.0,54660.0,44894.0,31836.0,3.8741156379604735,-22.1844169525789,0.2519166666666667,40.23610326358334,1.8295229814166667,105.25811626666666,95.49166666666667,86.33333333333333,74.68328998583333,-0.1910167017999027,3.5502136752136755,350.38461538461536,15025.6975797391,100528.0244442397,185010.0,4.635379551392993,304097.2011242636,0.9920847373629194,,,1201527,1236867,-35340,553.8333333333334,227516.38333333333,0.17127108040228267,63867.0,54660.0,0.2519166666666667,95.49166666666667,86.33333333333333,40.23610326358334,1.8295229814166667,105.25811626666666,현재 KOSIS 확보분은 소득5분위(상위20%) proxy; 소득10분위/순자산10분위 추가 확보 필요
2023,서울,강서구,11500,589,84.78667147707979,89000.0,91173.76910016978,89000.0,8.9,82~86㎡,median,-5.770248808893596,소득5분위,15598.0072555042,96824.6678861857,117458.2830186514,20633.6151324657,132.28366158878754,소득5분위,5.705857071491861,0.9191872478676265,1.087917616698716,289436.0,97304140110.0,336185.3401442806,56.443435489973524,72.95124512522241,10.551935006762792,,,,1206963,1238213,-31250,0.45242429009086926,0.10882334155573048,-11.573288058856823,1106.3333333333333,99.75925368642791,229970.69166666665,0.32939259859179243,65.97604190461169,33730.0,53056.0,27426.0,38028.0,-47.18712324048413,-2.934504207830224,0.09166666666666667,31.353072227499997,8.5077256575,90.6199605275,97.19166666666666,93.33333333333333,68.61149256916667,-0.10796860100333061,1.8783248443689868,90.07809847198642,15598.0072555042,96824.6678861857,289436.0,56.443435489973524,336185.3401442806,10.551935006762792,,,1206963,1238213,-31250,1106.3333333333333,229970.69166666665,0.32939259859179243,33730.0,53056.0,0.09166666666666667,97.19166666666666,93.33333333333333,31.353072227499997,8.5077256575,90.6199605275,현재 KOSIS 확보분은 소득5분위(상위20%) proxy; 소득10분위/순자산10분위 추가 확보 필요
2024,서울,강서구,11500,976,84.74619743852459,95000.0,97932.15163934426,95000.0,9.5,82~86㎡,median,6.741573033707859,소득5분위,16601.7403727805,103251.534864841,123780.2346436831,20528.6997788421,123.65390204812547,소득5분위,5.722291631289327,0.9200831747862879,1.0868582617351685,,,,,,,,,,1221380,1266072,-44692,1.194485663603606,2.249935996472341,43.01440000000001,960.4166666666666,-13.189213618559803,249981.58333333334,0.7486124213056833,68.17754361080347,26418.0,39555.0,21821.0,32988.0,-21.67803142603024,-25.446697828709286,0.2545,42.59107177916667,17.392026454166665,133.71870944,99.77499999999999,105.75,73.486134025,,0.9840334699453551,40.52766393442623,16601.7403727805,103251.534864841,,,,,,,1221380,1266072,-44692,960.4166666666666,249981.58333333334,0.7486124213056833,26418.0,39555.0,0.2545,99.77499999999999,105.75,42.59107177916667,17.392026454166665,133.71870944,현재 KOSIS 확보분은 소득5분위(상위20%) proxy; 소득10분위/순자산10분위 추가 확보 필요
2017,서울,구로구,11530,1801,84.76385074958355,45000.0,45538.767351471404,45000.0,4.5,82~86㎡,median,,소득5분위,12955.9113611205,67547.4968553551,83022.796550379,15475.2996950239,119.44585960555314,소득5분위,3.473317989426886,0.6661978917792043,1.5010554856745577,111821.0,26415184900.0,236227.4071954284,1.491223293216426,5.5922641148810515,4.040783713697449,12696656.0,4.043677731034112,2015년 기준년가격,1472937,1571423,-98486,-2.8150530284335895,-5.099226443797445,-29.781757773230566,104.66666666666667,-78.80526493418833,153237.45833333334,0.3850083708195118,67.33610151153572,95078.0,73883.0,55274.0,29201.0,-6.764336706676078,-20.394992026893078,0.35283333333333333,,,,106.325,104.16666666666667,38.50029009916667,-0.8807469080047576,0.05811586155839349,41.02332037756802,12955.9113611205,67547.4968553551,111821.0,1.491223293216426,236227.4071954284,4.040783713697449,12696656.0,4.043677731034112,1472937,1571423,-98486,104.66666666666667,153237.45833333334,0.3850083708195118,95078.0,73883.0,0.35283333333333333,106.325,104.16666666666667,,,,현재 KOSIS 확보분은 소득5분위(상위20%) proxy; 소득10분위/순자산10분위 추가 확보 필요
2018,서울,구로구,11530,1600,84.76271993750001,48000.0,49709.15625,48000.0,4.8,82~86㎡,median,6.666666666666665,소득5분위,13546.653990428,74263.716571368,91414.0185944494,17150.3020230813,126.6017574169948,소득5분위,3.543310402252583,0.6463452438967505,1.5471607619035,113917.0,27960373740.0,245445.13760018256,1.87442430312732,5.849623411116078,3.902057984799545,13061147.0,2.87076376645945,2015년 기준년가격,1439707,1549937,-110230,-2.2560367483470123,-1.367295756775866,11.924537497715404,39.583333333333336,-62.181528662420384,161249.48333333334,0.4459881960217275,65.16508478483199,80273.0,76043.0,44744.0,38853.0,-15.571425566377084,2.9235412747181444,0.49574999999999997,,,,104.33333333333333,106.25,48.469404526666665,-0.9676343302579948,0.024739583333333336,47.526875,13546.653990428,74263.716571368,113917.0,1.87442430312732,245445.13760018256,3.902057984799545,13061147.0,2.87076376645945,1439707,1549937,-110230,39.583333333333336,161249.48333333334,0.4459881960217275,80273.0,76043.0,0.49574999999999997,104.33333333333333,106.25,,,,현재 KOSIS 확보분은 소득5분위(상위20%) proxy; 소득10분위/순자산10분위 추가 확보 필요
2019,서울,구로구,11530,1194,84.76452730318258,59000.0,61367.240368509214,59000.0,5.9,82~86㎡,median,22.916666666666675,소득5분위,13785.8226582056,76921.0769571673,94608.1453937105,17687.0684365432,128.29896971012823,소득5분위,4.279759101999039,0.7670199421785726,1.3037470670706321,113510.0,29186149960.0,257124.04158223944,-0.3572776670733968,4.38397652119511,4.758254368469594,13302390.0,1.8470276768188798,2015년 기준년가격,1426493,1476081,-49588,-0.9178256409116625,-4.765096903938682,-55.01406150775651,213.33333333333334,438.9473684210526,171462.98333333334,0.5841504939828667,64.46142954767093,78782.0,78592.0,51321.0,45860.0,-1.8574115829731008,3.3520508133556115,0.43016666666666664,,,,99.125,101.41666666666667,52.094689102500006,-0.436860188529645,0.1786711334450028,65.82244556113903,13785.8226582056,76921.0769571673,113510.0,-0.3572776670733968,257124.04158223944,4.758254368469594,13302390.0,1.8470276768188798,1426493,1476081,-49588,213.33333333333334,171462.98333333334,0.5841504939828667,78782.0,78592.0,0.43016666666666664,99.125,101.41666666666667,,,,현재 KOSIS 확보분은 소득5분위(상위20%) proxy; 소득10분위/순자산10분위 추가 확보 필요
2020,서울,구로구,11530,1646,84.74763055893074,64500.0,66863.24726609964,64500.0,6.45,82~86㎡,median,9.322033898305083,소득5분위,13946.7843124463,79518.8733094601,98130.0812940564,18611.2079845963,133.44443828522827,소득5분위,4.624721982861621,0.8111281927874932,1.2328507489838776,110443.0,29535301280.0,267425.7425097109,-2.7019645846180995,1.1962911191730097,4.0065101902097,,,,1578127,1642977,-64850,10.62984536201721,11.306696583724074,30.77760748568201,72.0,-66.25000000000001,188852.1083333333,0.9608004148317176,64.02712117307318,68651.0,80879.0,40417.0,54355.0,-12.85953644233454,2.9099653908794876,0.3918333333333333,,,,87.39999999999999,116.25,60.04829466,-0.587180717655261,0.04374240583232078,49.136695018226,13946.7843124463,79518.8733094601,110443.0,-2.7019645846180995,267425.7425097109,4.0065101902097,,,1578127,1642977,-64850,72.0,188852.1083333333,0.9608004148317176,68651.0,80879.0,0.3918333333333333,87.39999999999999,116.25,,,,현재 KOSIS 확보분은 소득5분위(상위20%) proxy; 소득10분위/순자산10분위 추가 확보 필요
2021,서울,구로구,11530,687,84.72546273653566,81500.0,83745.54439592431,81500.0,8.15,82~86㎡,median,26.356589147286826,소득5분위,14268.8269839115,90300.814516767,109951.7311755528,19650.9166587858,137.7192160290594,소득5분위,5.711751925501201,0.9025389243290506,1.1079854541934602,110270.0,30508876860.0,276674.3163145008,-0.1566418876705611,3.2963116603088816,3.458370805291522,,,,1418187,1524430,-106243,-10.134799037086372,-7.215377938948631,63.82883577486507,63.583333333333336,-11.689814814814813,213003.1416666667,0.9319418928083504,63.436729680954954,61485.0,70243.0,34570.0,43729.0,-10.43830388486694,-13.1505087847278,0.43216666666666664,90.7119970475,10.125568283,159.464968216625,103.43333333333334,124.16666666666667,70.16310603416666,-0.9634805477464405,0.09255215914604562,102.24599708879185,14268.8269839115,90300.814516767,110270.0,-0.1566418876705611,276674.3163145008,3.458370805291522,,,1418187,1524430,-106243,63.583333333333336,213003.1416666667,0.9319418928083504,61485.0,70243.0,0.43216666666666664,103.43333333333334,124.16666666666667,90.7119970475,10.125568283,159.464968216625,현재 KOSIS 확보분은 소득5분위(상위20%) proxy; 소득10분위/순자산10분위 추가 확보 필요
2022,서울,구로구,11530,129,84.78849612403101,78800.0,83710.85271317829,78800.0,7.88,82~86㎡,median,-3.312883435582825,소득5분위,15025.6975797391,100528.0244442397,121088.2011854,20560.1767411603,136.83342574979002,소득5분위,5.244348861796289,0.7838610221939488,1.2757363508152246,111182.0,30430046720.0,273695.802557968,0.8270608506393495,-0.25838427406468245,-1.0765414716511157,,,,1201527,1236867,-35340,-15.2772518715797,-18.863640836246987,-66.73663206046515,553.8333333333334,771.0353866317168,227516.38333333333,0.17127108040228267,64.48496540835136,63867.0,54660.0,44894.0,31836.0,3.8741156379604735,-22.1844169525789,0.2519166666666667,40.23610326358334,1.8295229814166667,105.25811626666666,95.49166666666667,86.33333333333333,74.68328998583333,-0.317857207101869,4.29328165374677,423.72093023255815,15025.6975797391,100528.0244442397,111182.0,0.8270608506393495,273695.802557968,-1.0765414716511157,,,1201527,1236867,-35340,553.8333333333334,227516.38333333333,0.17127108040228267,63867.0,54660.0,0.2519166666666667,95.49166666666667,86.33333333333333,40.23610326358334,1.8295229814166667,105.25811626666666,현재 KOSIS 확보분은 소득5분위(상위20%) proxy; 소득10분위/순자산10분위 추가 확보 필요
2023,서울,구로구,11530,455,84.79339098901099,75000.0,78206.15164835165,75000.0,7.5,82~86㎡,median,-4.822335025380708,소득5분위,15598.0072555042,96824.6678861857,117458.2830186514,20633.6151324657,132.28366158878754,소득5분위,4.808306520920108,0.7745959953940673,1.2909955718158095,157397.0,46711207630.0,296773.1762994212,41.566980266589916,53.50356856106726,8.431760197186588,,,,1206963,1238213,-31250,0.45242429009086926,0.10882334155573048,-11.573288058856823,1106.3333333333333,99.75925368642791,229970.69166666665,0.32939259859179243,65.97604190461169,33730.0,53056.0,27426.0,38028.0,-47.18712324048413,-2.934504207830224,0.09166666666666667,31.353072227499997,8.5077256575,90.6199605275,97.19166666666666,93.33333333333333,68.61149256916667,-0.19854253893022103,2.4315018315018313,116.6065934065934,15598.0072555042,96824.6678861857,157397.0,41.566980266589916,296773.1762994212,8.431760197186588,,,1206963,1238213,-31250,1106.3333333333333,229970.69166666665,0.32939259859179243,33730.0,53056.0,0.09166666666666667,97.19166666666666,93.33333333333333,31.353072227499997,8.5077256575,90.6199605275,현재 KOSIS 확보분은 소득5분위(상위20%) proxy; 소득10분위/순자산10분위 추가 확보 필요
2024,서울,구로구,11530,769,84.79687971391417,77400.0,79476.23537061119,77400.0,7.74,82~86㎡,median,3.200000000000003,소득5분위,16601.7403727805,103251.534864841,123780.2346436831,20528.6997788421,123.65390204812547,소득5분위,4.662161813282041,0.7496256602995651,1.333999158460478,,,,,,,,,,1221380,1266072,-44692,1.194485663603606,2.249935996472341,43.01440000000001,960.4166666666666,-13.189213618559803,249981.58333333334,0.7486124213056833,68.17754361080347,26418.0,39555.0,21821.0,32988.0,-21.67803142603024,-25.446697828709286,0.2545,42.59107177916667,17.392026454166665,133.71870944,99.77499999999999,105.75,73.486134025,,1.2489163415691373,51.4369310793238,16601.7403727805,103251.534864841,,,,,,,1221380,1266072,-44692,960.4166666666666,249981.58333333334,0.7486124213056833,26418.0,39555.0,0.2545,99.77499999999999,105.75,42.59107177916667,17.392026454166665,133.71870944,현재 KOSIS 확보분은 소득5분위(상위20%) proxy; 소득10분위/순자산10분위 추가 확보 필요
2017,서울,금천구,11545,442,84.71941719457014,37000.0,38305.6334841629,37000.0,3.7,82~86㎡,median,,소득5분위,12955.9113611205,67547.4968553551,83022.796550379,15475.2996950239,119.44585960555314,소득5분위,2.855839235750995,0.5477627110184569,1.8256080231177054,135253.0,32992182220.0,243929.39321124117,1.266836876034172,5.0991685965174005,3.7843896765281437,15700657.0,1.765110028110617,2015년 기준년가격,1472937,1571423,-98486,-2.8150530284335895,-5.099226443797445,-29.781757773230566,104.66666666666667,-78.80526493418833,153237.45833333334,0.3850083708195118,67.33610151153572,95078.0,73883.0,55274.0,29201.0,-6.764336706676078,-20.394992026893078,0.35283333333333333,,,,106.325,104.16666666666667,38.50029009916667,-0.728161297716132,0.23680241327300153,167.15610859728505,12955.9113611205,67547.4968553551,135253.0,1.266836876034172,243929.39321124117,3.7843896765281437,15700657.0,1.765110028110617,1472937,1571423,-98486,104.66666666666667,153237.45833333334,0.3850083708195118,95078.0,73883.0,0.35283333333333333,106.325,104.16666666666667,,,,현재 KOSIS 확보분은 소득5분위(상위20%) proxy; 소득10분위/순자산10분위 추가 확보 필요
2018,서울,금천구,11545,490,84.77109387755102,39700.0,43210.97959183674,39700.0,3.97,82~86㎡,median,7.297297297297289,소득5분위,13546.653990428,74263.716571368,91414.0185944494,17150.3020230813,126.6017574169948,소득5분위,2.930612978529741,0.5345813788062707,1.8706225836616626,139027.0,35401673780.0,254638.83835513965,2.7903262774208404,7.303219726215482,4.390387317785915,16287912.0,3.7403211852854223,2015년 기준년가격,1439707,1549937,-110230,-2.2560367483470123,-1.367295756775866,11.924537497715404,39.583333333333336,-62.181528662420384,161249.48333333334,0.4459881960217275,65.16508478483199,80273.0,76043.0,44744.0,38853.0,-15.571425566377084,2.9235412747181444,0.49574999999999997,,,,104.33333333333333,106.25,48.469404526666665,-0.79286757248592,0.08078231292517007,155.18979591836734,13546.653990428,74263.716571368,139027.0,2.7903262774208404,254638.83835513965,4.390387317785915,16287912.0,3.7403211852854223,1439707,1549937,-110230,39.583333333333336,161249.48333333334,0.4459881960217275,80273.0,76043.0,0.49574999999999997,104.33333333333333,106.25,,,,현재 KOSIS 확보분은 소득5분위(상위20%) proxy; 소득10분위/순자산10분위 추가 확보 필요
2019,서울,금천구,11545,465,84.66131720430107,46800.0,52350.645161290326,46800.0,4.68,82~86㎡,median,17.884130982367765,소득5분위,13785.8226582056,76921.0769571673,94608.1453937105,17687.0684365432,128.29896971012823,소득5분위,3.394791965653475,0.6084158185416475,1.6436127554950277,139599.0,37159562280.0,266187.88300775795,0.4114308731397509,4.96555194232966,4.535460783288325,16745777.0,2.811072407562132,2015년 기준년가격,1426493,1476081,-49588,-0.9178256409116625,-4.765096903938682,-55.01406150775651,213.33333333333334,438.9473684210526,171462.98333333334,0.5841504939828667,64.46142954767093,78782.0,78592.0,51321.0,45860.0,-1.8574115829731008,3.3520508133556115,0.43016666666666664,,,,99.125,101.41666666666667,52.094689102500006,-0.3552174442510333,0.45878136200716846,169.01505376344085,13785.8226582056,76921.0769571673,139599.0,0.4114308731397509,266187.88300775795,4.535460783288325,16745777.0,2.811072407562132,1426493,1476081,-49588,213.33333333333334,171462.98333333334,0.5841504939828667,78782.0,78592.0,0.43016666666666664,99.125,101.41666666666667,,,,현재 KOSIS 확보분은 소득5분위(상위20%) proxy; 소득10분위/순자산10분위 추가 확보 필요
2020,서울,금천구,11545,451,84.7353354767184,56800.0,60779.0022172949,56800.0,5.68,82~86㎡,median,21.36752136752136,소득5분위,13946.7843124463,79518.8733094601,98130.0812940564,18611.2079845963,133.44443828522827,소득5분위,4.0726233895587605,0.7142958348888312,1.3999801638989455,140981.0,38586002940.0,273696.4764046219,0.9899784382409571,3.8386906962242007,2.820787074160358,,,,1578127,1642977,-64850,10.62984536201721,11.306696583724074,30.77760748568201,72.0,-66.25000000000001,188852.1083333333,0.9608004148317176,64.02712117307318,68651.0,80879.0,40417.0,54355.0,-12.85953644233454,2.9099653908794876,0.3918333333333333,,,,87.39999999999999,116.25,60.04829466,-0.4599910626254602,0.15964523281596452,179.33259423503327,13946.7843124463,79518.8733094601,140981.0,0.9899784382409571,273696.4764046219,2.820787074160358,,,1578127,1642977,-64850,72.0,188852.1083333333,0.9608004148317176,68651.0,80879.0,0.3918333333333333,87.39999999999999,116.25,,,,현재 KOSIS 확보분은 소득5분위(상위20%) proxy; 소득10분위/순자산10분위 추가 확보 필요
2021,서울,금천구,11545,281,84.66310818505337,66800.0,75246.97508896797,66800.0,6.68,82~86㎡,median,17.6056338028169,소득5분위,14268.8269839115,90300.814516767,109951.7311755528,19650.9166587858,137.7192160290594,소득5분위,4.681534093539635,0.7397496950328905,1.3518086005504042,150015.0,41981235900.0,279846.9213078692,6.407955681971322,8.799131035363983,2.247177232254427,,,,1418187,1524430,-106243,-10.134799037086372,-7.215377938948631,63.82883577486507,63.583333333333336,-11.689814814814813,213003.1416666667,0.9319418928083504,63.436729680954954,61485.0,70243.0,34570.0,43729.0,-10.43830388486694,-13.1505087847278,0.43216666666666664,90.7119970475,10.125568283,159.464968216625,103.43333333333334,124.16666666666667,70.16310603416666,-0.7082158450821584,0.2262752075919336,249.97508896797154,14268.8269839115,90300.814516767,150015.0,6.407955681971322,279846.9213078692,2.247177232254427,,,1418187,1524430,-106243,63.583333333333336,213003.1416666667,0.9319418928083504,61485.0,70243.0,0.43216666666666664,103.43333333333334,124.16666666666667,90.7119970475,10.125568283,159.464968216625,현재 KOSIS 확보분은 소득5분위(상위20%) proxy; 소득10분위/순자산10분위 추가 확보 필요
2022,서울,금천구,11545,63,84.6109746031746,70000.0,73761.90476190476,70000.0,7.0,82~86㎡,median,4.79041916167664,소득5분위,15025.6975797391,100528.0244442397,121088.2011854,20560.1767411603,136.83342574979002,소득5분위,4.658685537128683,0.6963232430656906,1.4361146349177099,146076.0,40021618240.0,273978.05416358606,-2.6257374262573796,-4.6678417583223215,-2.097170523390035,,,,1201527,1236867,-35340,-15.2772518715797,-18.863640836246987,-66.73663206046515,553.8333333333334,771.0353866317168,227516.38333333333,0.17127108040228267,64.48496540835136,63867.0,54660.0,44894.0,31836.0,3.8741156379604735,-22.1844169525789,0.2519166666666667,40.23610326358334,1.8295229814166667,105.25811626666666,95.49166666666667,86.33333333333333,74.68328998583333,-0.24192885895013555,8.791005291005291,867.6190476190476,15025.6975797391,100528.0244442397,146076.0,-2.6257374262573796,273978.05416358606,-2.097170523390035,,,1201527,1236867,-35340,553.8333333333334,227516.38333333333,0.17127108040228267,63867.0,54660.0,0.2519166666666667,95.49166666666667,86.33333333333333,40.23610326358334,1.8295229814166667,105.25811626666666,현재 KOSIS 확보분은 소득5분위(상위20%) proxy; 소득10분위/순자산10분위 추가 확보 필요
2023,서울,금천구,11545,198,84.75753282828283,65000.0,72533.23232323233,65000.0,6.5,82~86㎡,median,-7.14285714285714,소득5분위,15598.0072555042,96824.6678861857,117458.2830186514,20633.6151324657,132.28366158878754,소득5분위,4.167198984797427,0.671316529341525,1.4896102751720879,229360.0,68175282290.0,297241.3772671782,57.01415701415702,70.34614113094892,8.490943982579768,,,,1206963,1238213,-31250,0.45242429009086926,0.10882334155573048,-11.573288058856823,1106.3333333333333,99.75925368642791,229970.69166666665,0.32939259859179243,65.97604190461169,33730.0,53056.0,27426.0,38028.0,-47.18712324048413,-2.934504207830224,0.09166666666666667,31.353072227499997,8.5077256575,90.6199605275,97.19166666666666,93.33333333333333,68.61149256916667,-0.13624869201255668,5.587542087542087,267.95959595959596,15598.0072555042,96824.6678861857,229360.0,57.01415701415702,297241.3772671782,8.490943982579768,,,1206963,1238213,-31250,1106.3333333333333,229970.69166666665,0.32939259859179243,33730.0,53056.0,0.09166666666666667,97.19166666666666,93.33333333333333,31.353072227499997,8.5077256575,90.6199605275,현재 KOSIS 확보분은 소득5분위(상위20%) proxy; 소득10분위/순자산10분위 추가 확보 필요
2024,서울,금천구,11545,235,84.7161055319149,65000.0,71879.68936170213,65000.0,6.5,82~86㎡,median,0.0,소득5분위,16601.7403727805,103251.534864841,123780.2346436831,20528.6997788421,123.65390204812547,소득5분위,3.9152521687769077,0.6295305932748285,1.5884851517667846,,,,,,,,,,1221380,1266072,-44692,1.194485663603606,2.249935996472341,43.01440000000001,960.4166666666666,-13.189213618559803,249981.58333333334,0.7486124213056833,68.17754361080347,26418.0,39555.0,21821.0,32988.0,-21.67803142603024,-25.446697828709286,0.2545,42.59107177916667,17.392026454166665,133.71870944,99.77499999999999,105.75,73.486134025,,4.086879432624113,168.31914893617022,16601.7403727805,103251.534864841,,,,,,,1221380,1266072,-44692,960.4166666666666,249981.58333333334,0.7486124213056833,26418.0,39555.0,0.2545,99.77499999999999,105.75,42.59107177916667,17.392026454166665,133.71870944,현재 KOSIS 확보분은 소득5분위(상위20%) proxy; 소득10분위/순자산10분위 추가 확보 필요
2017,서울,영등포구,11560,1343,84.6344029039464,52900.0,54551.52419955324,52900.0,5.29,82~86㎡,median,,소득5분위,12955.9113611205,67547.4968553551,83022.796550379,15475.2996950239,119.44585960555314,소득5분위,4.083078258681828,0.7831526327804423,1.2768902997231588,385624.0,114745247360.0,297557.32879696286,-0.009334647098480087,4.337023125949568,4.346763528083608,30802301.0,1.95812839515066,2015년 기준년가격,1472937,1571423,-98486,-2.8150530284335895,-5.099226443797445,-29.781757773230566,104.66666666666667,-78.80526493418833,153237.45833333334,0.3850083708195118,67.33610151153572,95078.0,73883.0,55274.0,29201.0,-6.764336706676078,-20.394992026893078,0.35283333333333333,,,,106.325,104.16666666666667,38.50029009916667,-0.2553938551542435,0.0779349714569372,55.013402829486225,12955.9113611205,67547.4968553551,385624.0,-0.009334647098480087,297557.32879696286,4.346763528083608,30802301.0,1.95812839515066,1472937,1571423,-98486,104.66666666666667,153237.45833333334,0.3850083708195118,95078.0,73883.0,0.35283333333333333,106.325,104.16666666666667,,,,현재 KOSIS 확보분은 소득5분위(상위20%) proxy; 소득10분위/순자산10분위 추가 확보 필요
2018,서울,영등포구,11560,1012,84.63001916996048,63000.0,65739.44664031621,63000.0,6.3,82~86㎡,median,19.092627599243862,소득5분위,13546.653990428,74263.716571368,91414.0185944494,17150.3020230813,126.6017574169948,소득5분위,4.650594902956516,0.848328132614485,1.1787891519264762,400662.0,123729463480.0,308812.5738902117,3.899653548534321,7.829706525284719,3.7825467578816774,32377459.0,5.113767312383577,2015년 기준년가격,1439707,1549937,-110230,-2.2560367483470123,-1.367295756775866,11.924537497715404,39.583333333333336,-62.181528662420384,161249.48333333334,0.4459881960217275,65.16508478483199,80273.0,76043.0,44744.0,38853.0,-15.571425566377084,2.9235412747181444,0.49574999999999997,,,,104.33333333333333,106.25,48.469404526666665,-0.2751196769346731,0.03911396574440053,75.1413043478261,13546.653990428,74263.716571368,400662.0,3.899653548534321,308812.5738902117,3.7825467578816774,32377459.0,5.113767312383577,1439707,1549937,-110230,39.583333333333336,161249.48333333334,0.4459881960217275,80273.0,76043.0,0.49574999999999997,104.33333333333333,106.25,,,,현재 KOSIS 확보분은 소득5분위(상위20%) proxy; 소득10분위/순자산10분위 추가 확보 필요
2019,서울,영등포구,11560,935,84.65712631016044,78000.0,81635.02673796791,78000.0,7.8,82~86㎡,median,23.809523809523814,소득5분위,13785.8226582056,76921.0769571673,94608.1453937105,17687.0684365432,128.29896971012823,소득5분위,5.6579866094224585,1.0140263642360792,0.9861676532970167,406014.0,130914538760.0,322438.48428871913,1.3357892687602124,5.807085133898937,4.412356086041913,34201860.0,5.634787461239621,2015년 기준년가격,1426493,1476081,-49588,-0.9178256409116625,-4.765096903938682,-55.01406150775651,213.33333333333334,438.9473684210526,171462.98333333334,0.5841504939828667,64.46142954767093,78782.0,78592.0,51321.0,45860.0,-1.8574115829731008,3.3520508133556115,0.43016666666666664,,,,99.125,101.41666666666667,52.094689102500006,-0.12213371952691286,0.22816399286987524,84.05561497326204,13785.8226582056,76921.0769571673,406014.0,1.3357892687602124,322438.48428871913,4.412356086041913,34201860.0,5.634787461239621,1426493,1476081,-49588,213.33333333333334,171462.98333333334,0.5841504939828667,78782.0,78592.0,0.43016666666666664,99.125,101.41666666666667,,,,현재 KOSIS 확보분은 소득5분위(상위20%) proxy; 소득10분위/순자산10분위 추가 확보 필요
2020,서울,영등포구,11560,1137,84.67506886543535,89400.0,94092.17238346527,89400.0,8.94,82~86㎡,median,14.615384615384608,소득5분위,13946.7843124463,79518.8733094601,98130.0812940564,18611.2079845963,133.44443828522827,소득5분위,6.410079771594247,1.1242614020961532,0.8894728558105157,407291.0,135594300420.0,332917.4973667476,0.314521174146698,3.574669172977951,3.249926292497185,,,,1578127,1642977,-64850,10.62984536201721,11.306696583724074,30.77760748568201,72.0,-66.25000000000001,188852.1083333333,0.9608004148317176,64.02712117307318,68651.0,80879.0,40417.0,54355.0,-12.85953644233454,2.9099653908794876,0.3918333333333333,,,,87.39999999999999,116.25,60.04829466,-0.15922276701424778,0.0633245382585752,71.13368513632366,13946.7843124463,79518.8733094601,407291.0,0.314521174146698,332917.4973667476,3.249926292497185,,,1578127,1642977,-64850,72.0,188852.1083333333,0.9608004148317176,68651.0,80879.0,0.3918333333333333,87.39999999999999,116.25,,,,현재 KOSIS 확보분은 소득5분위(상위20%) proxy; 소득10분위/순자산10분위 추가 확보 필요
2021,서울,영등포구,11560,495,84.72781737373737,109000.0,114453.83838383839,109000.0,10.9,82~86㎡,median,21.923937360178968,소득5분위,14268.8269839115,90300.814516767,109951.7311755528,19650.9166587858,137.7192160290594,소득5분위,7.639030182572158,1.2070765981824112,0.828447839603367,417783.0,143320351700.0,343049.74520265305,2.576045137260574,5.697917431683153,3.0434711050178365,,,,1418187,1524430,-106243,-10.134799037086372,-7.215377938948631,63.82883577486507,63.583333333333336,-11.689814814814813,213003.1416666667,0.9319418928083504,63.436729680954954,61485.0,70243.0,34570.0,43729.0,-10.43830388486694,-13.1505087847278,0.43216666666666664,90.7119970475,10.125568283,159.464968216625,103.43333333333334,124.16666666666667,70.16310603416666,-0.2543018744180591,0.12845117845117845,141.9050505050505,14268.8269839115,90300.814516767,417783.0,2.576045137260574,343049.74520265305,3.0434711050178365,,,1418187,1524430,-106243,63.583333333333336,213003.1416666667,0.9319418928083504,61485.0,70243.0,0.43216666666666664,103.43333333333334,124.16666666666667,90.7119970475,10.125568283,159.464968216625,현재 KOSIS 확보분은 소득5분위(상위20%) proxy; 소득10분위/순자산10분위 추가 확보 필요
2022,서울,영등포구,11560,119,84.68584957983192,110000.0,114978.99159663866,110000.0,11.0,82~86㎡,median,0.917431192660545,소득5분위,15025.6975797391,100528.0244442397,121088.2011854,20560.1767411603,136.83342574979002,소득5분위,7.320791558345073,1.0942222391032281,0.91389113131127,418864.0,142688859140.0,340656.7743706788,0.25874676566541854,-0.4406161110473983,-0.6975579680319033,,,,1201527,1236867,-35340,-15.2772518715797,-18.863640836246987,-66.73663206046515,553.8333333333334,771.0353866317168,227516.38333333333,0.17127108040228267,64.48496540835136,63867.0,54660.0,44894.0,31836.0,3.8741156379604735,-22.1844169525789,0.2519166666666667,40.23610326358334,1.8295229814166667,105.25811626666666,95.49166666666667,86.33333333333333,74.68328998583333,-0.08437106077390275,4.65406162464986,459.327731092437,15025.6975797391,100528.0244442397,418864.0,0.25874676566541854,340656.7743706788,-0.6975579680319033,,,1201527,1236867,-35340,553.8333333333334,227516.38333333333,0.17127108040228267,63867.0,54660.0,0.2519166666666667,95.49166666666667,86.33333333333333,40.23610326358334,1.8295229814166667,105.25811626666666,현재 KOSIS 확보분은 소득5분위(상위20%) proxy; 소득10분위/순자산10분위 추가 확보 필요
2023,서울,영등포구,11560,549,84.72987049180328,107000.0,108146.6029143898,107000.0,10.7,82~86㎡,median,-2.7272727272727226,소득5분위,15598.0072555042,96824.6678861857,117458.2830186514,20633.6151324657,132.28366158878754,소득5분위,6.859850636512687,1.1050902867622028,0.9049034381886515,635412.0,238659903110.0,375598.6715863093,51.698880782306425,67.25896089465363,10.25721484041564,,,,1206963,1238213,-31250,0.45242429009086926,0.10882334155573048,-11.573288058856823,1106.3333333333333,99.75925368642791,229970.69166666665,0.32939259859179243,65.97604190461169,33730.0,53056.0,27426.0,38028.0,-47.18712324048413,-2.934504207830224,0.09166666666666667,31.353072227499997,8.5077256575,90.6199605275,97.19166666666666,93.33333333333333,68.61149256916667,-0.0491806890647328,2.015179113539769,96.64116575591986,15598.0072555042,96824.6678861857,635412.0,51.698880782306425,375598.6715863093,10.25721484041564,,,1206963,1238213,-31250,1106.3333333333333,229970.69166666665,0.32939259859179243,33730.0,53056.0,0.09166666666666667,97.19166666666666,93.33333333333333,31.353072227499997,8.5077256575,90.6199605275,현재 KOSIS 확보분은 소득5분위(상위20%) proxy; 소득10분위/순자산10분위 추가 확보 필요
2024,서울,영등포구,11560,946,84.70465623678648,112000.0,116148.48837209302,112000.0,11.2,82~86㎡,median,4.672897196261672,소득5분위,16601.7403727805,103251.534864841,123780.2346436831,20528.6997788421,123.65390204812547,소득5분위,6.746280660046364,1.0847296376427815,0.9218887041503661,,,,,,,,,,1221380,1266072,-44692,1.194485663603606,2.249935996472341,43.01440000000001,960.4166666666666,-13.189213618559803,249981.58333333334,0.7486124213056833,68.17754361080347,26418.0,39555.0,21821.0,32988.0,-21.67803142603024,-25.446697828709286,0.2545,42.59107177916667,17.392026454166665,133.71870944,99.77499999999999,105.75,73.486134025,,1.0152396053558843,41.81289640591966,16601.7403727805,103251.534864841,,,,,,,1221380,1266072,-44692,960.4166666666666,249981.58333333334,0.7486124213056833,26418.0,39555.0,0.2545,99.77499999999999,105.75,42.59107177916667,17.392026454166665,133.71870944,현재 KOSIS 확보분은 소득5분위(상위20%) proxy; 소득10분위/순자산10분위 추가 확보 필요
2017,서울,동작구,11590,1945,84.77944298200514,63500.0,64421.00822622108,63500.0,6.35,82~86㎡,median,,소득5분위,12955.9113611205,67547.4968553551,83022.796550379,15475.2996950239,119.44585960555314,소득5분위,4.901237607302384,0.9400792472884327,1.063740107958348,39250.0,9490157640.0,241787.4557961784,-2.392320700288475,4.187489345112394,6.7410782559403915,6005916.0,2.792728895874963,2015년 기준년가격,1472937,1571423,-98486,-2.8150530284335895,-5.099226443797445,-29.781757773230566,104.66666666666667,-78.80526493418833,153237.45833333334,0.3850083708195118,67.33610151153572,95078.0,73883.0,55274.0,29201.0,-6.764336706676078,-20.394992026893078,0.35283333333333333,,,,106.325,104.16666666666667,38.50029009916667,-2.5091974522292992,0.053813196229648676,37.98611825192802,12955.9113611205,67547.4968553551,39250.0,-2.392320700288475,241787.4557961784,6.7410782559403915,6005916.0,2.792728895874963,1472937,1571423,-98486,104.66666666666667,153237.45833333334,0.3850083708195118,95078.0,73883.0,0.35283333333333333,106.325,104.16666666666667,,,,현재 KOSIS 확보분은 소득5분위(상위20%) proxy; 소득10분위/순자산10분위 추가 확보 필요
2018,서울,동작구,11590,1124,84.77638434163701,75000.0,76972.24644128114,75000.0,7.5,82~86㎡,median,18.11023622047243,소득5분위,13546.653990428,74263.716571368,91414.0185944494,17150.3020230813,126.6017574169948,소득5분위,5.5364225035196615,1.0099144435886727,0.99018288761824,39884.0,9940872420.0,249244.61989770335,1.6152866242038266,4.749286546097875,3.0841815498531044,6024527.0,0.3098777938286279,2015년 기준년가격,1439707,1549937,-110230,-2.2560367483470123,-1.367295756775866,11.924537497715404,39.583333333333336,-62.181528662420384,161249.48333333334,0.4459881960217275,65.16508478483199,80273.0,76043.0,44744.0,38853.0,-15.571425566377084,2.9235412747181444,0.49574999999999997,,,,104.33333333333333,106.25,48.469404526666665,-2.7637649182629627,0.03521648873072361,67.65391459074733,13546.653990428,74263.716571368,39884.0,1.6152866242038266,249244.61989770335,3.0841815498531044,6024527.0,0.3098777938286279,1439707,1549937,-110230,39.583333333333336,161249.48333333334,0.4459881960217275,80273.0,76043.0,0.49574999999999997,104.33333333333333,106.25,,,,현재 KOSIS 확보분은 소득5분위(상위20%) proxy; 소득10분위/순자산10분위 추가 확보 필요
2019,서울,동작구,11590,1188,84.80089149831649,89000.0,92245.62373737374,89000.0,8.9,82~86㎡,median,18.666666666666675,소득5분위,13785.8226582056,76921.0769571673,94608.1453937105,17687.0684365432,128.29896971012823,소득5분위,6.455907797930753,1.1570300822693722,0.8642817635636776,39841.0,10551308920.0,264835.4438894606,-0.1078126567044424,6.14067331527024,6.255229901514481,6115838.0,1.5156542580023302,2015년 기준년가격,1426493,1476081,-49588,-0.9178256409116625,-4.765096903938682,-55.01406150775651,213.33333333333334,438.9473684210526,171462.98333333334,0.5841504939828667,64.46142954767093,78782.0,78592.0,51321.0,45860.0,-1.8574115829731008,3.3520508133556115,0.43016666666666664,,,,99.125,101.41666666666667,52.094689102500006,-1.2446474737079893,0.17957351290684626,66.15488215488216,13785.8226582056,76921.0769571673,39841.0,-0.1078126567044424,264835.4438894606,6.255229901514481,6115838.0,1.5156542580023302,1426493,1476081,-49588,213.33333333333334,171462.98333333334,0.5841504939828667,78782.0,78592.0,0.43016666666666664,99.125,101.41666666666667,,,,현재 KOSIS 확보분은 소득5분위(상위20%) proxy; 소득10분위/순자산10분위 추가 확보 필요
2020,서울,동작구,11590,1322,84.78789561270801,102250.0,106790.56127080182,102250.0,10.225,82~86㎡,median,14.8876404494382,소득5분위,13946.7843124463,79518.8733094601,98130.0812940564,18611.2079845963,133.44443828522827,소득5분위,7.331439112365903,1.2858582591088554,0.7776906925130572,40297.0,11036850040.0,273887.6353078393,1.1445495845987752,4.60171457097287,3.418043780483182,,,,1578127,1642977,-64850,10.62984536201721,11.306696583724074,30.77760748568201,72.0,-66.25000000000001,188852.1083333333,0.9608004148317176,64.02712117307318,68651.0,80879.0,40417.0,54355.0,-12.85953644233454,2.9099653908794876,0.3918333333333333,,,,87.39999999999999,116.25,60.04829466,-1.6093009405166638,0.05446293494704992,61.17927382753404,13946.7843124463,79518.8733094601,40297.0,1.1445495845987752,273887.6353078393,3.418043780483182,,,1578127,1642977,-64850,72.0,188852.1083333333,0.9608004148317176,68651.0,80879.0,0.3918333333333333,87.39999999999999,116.25,,,,현재 KOSIS 확보분은 소득5분위(상위20%) proxy; 소득10분위/순자산10분위 추가 확보 필요
2021,서울,동작구,11590,594,84.76373265993266,125000.0,127901.46464646465,125000.0,12.5,82~86㎡,median,22.249388753056245,소득5분위,14268.8269839115,90300.814516767,109951.7311755528,19650.9166587858,137.7192160290594,소득5분위,8.760355713958896,1.384262153878912,0.722406516134136,37917.0,10597696640.0,279497.23448585067,-5.906146859567707,-3.9789740587976685,2.0481388915955856,,,,1418187,1524430,-106243,-10.134799037086372,-7.215377938948631,63.82883577486507,63.583333333333336,-11.689814814814813,213003.1416666667,0.9319418928083504,63.436729680954954,61485.0,70243.0,34570.0,43729.0,-10.43830388486694,-13.1505087847278,0.43216666666666664,90.7119970475,10.125568283,159.464968216625,103.43333333333334,124.16666666666667,70.16310603416666,-2.8019885539467784,0.10704264870931537,118.25420875420875,14268.8269839115,90300.814516767,37917.0,-5.906146859567707,279497.23448585067,2.0481388915955856,,,1418187,1524430,-106243,63.583333333333336,213003.1416666667,0.9319418928083504,61485.0,70243.0,0.43216666666666664,103.43333333333334,124.16666666666667,90.7119970475,10.125568283,159.464968216625,현재 KOSIS 확보분은 소득5분위(상위20%) proxy; 소득10분위/순자산10분위 추가 확보 필요
2022,서울,동작구,11590,141,84.74046666666666,121500.0,122997.87234042553,121500.0,12.15,82~86㎡,median,-2.8000000000000025,소득5분위,15025.6975797391,100528.0244442397,121088.2011854,20560.1767411603,136.83342574979002,소득5분위,8.086147039444786,1.20861820046402,0.8273911476892156,36286.0,10175507660.0,280425.1683845009,-4.30150064614817,-3.9837805736624654,0.33200110203495115,,,,1201527,1236867,-35340,-15.2772518715797,-18.863640836246987,-66.73663206046515,553.8333333333334,771.0353866317168,227516.38333333333,0.17127108040228267,64.48496540835136,63867.0,54660.0,44894.0,31836.0,3.8741156379604735,-22.1844169525789,0.2519166666666667,40.23610326358334,1.8295229814166667,105.25811626666666,95.49166666666667,86.33333333333333,74.68328998583333,-0.9739293391390619,3.9278959810874707,387.6595744680851,15025.6975797391,100528.0244442397,36286.0,-4.30150064614817,280425.1683845009,0.33200110203495115,,,1201527,1236867,-35340,553.8333333333334,227516.38333333333,0.17127108040228267,63867.0,54660.0,0.2519166666666667,95.49166666666667,86.33333333333333,40.23610326358334,1.8295229814166667,105.25811626666666,현재 KOSIS 확보분은 소득5분위(상위20%) proxy; 소득10분위/순자산10분위 추가 확보 필요
2023,서울,동작구,11590,542,84.81839354243543,114000.0,115535.14944649447,114000.0,11.4,82~86㎡,median,-6.172839506172845,소득5분위,15598.0072555042,96824.6678861857,117458.2830186514,20633.6151324657,132.28366158878754,소득5분위,7.308625911798564,1.1773859129989823,0.8493391919840851,51831.0,15645394290.0,301853.99259130633,42.84021385658381,53.755417545427896,7.641548128598652,,,,1206963,1238213,-31250,0.45242429009086926,0.10882334155573048,-11.573288058856823,1106.3333333333333,99.75925368642791,229970.69166666665,0.32939259859179243,65.97604190461169,33730.0,53056.0,27426.0,38028.0,-47.18712324048413,-2.934504207830224,0.09166666666666667,31.353072227499997,8.5077256575,90.6199605275,97.19166666666666,93.33333333333333,68.61149256916667,-0.6029210318149371,2.0412054120541203,97.88929889298893,15598.0072555042,96824.6678861857,51831.0,42.84021385658381,301853.99259130633,7.641548128598652,,,1206963,1238213,-31250,1106.3333333333333,229970.69166666665,0.32939259859179243,33730.0,53056.0,0.09166666666666667,97.19166666666666,93.33333333333333,31.353072227499997,8.5077256575,90.6199605275,현재 KOSIS 확보분은 소득5분위(상위20%) proxy; 소득10분위/순자산10분위 추가 확보 필요
2024,서울,동작구,11590,1149,84.81895752828547,120500.0,125582.78938207137,120500.0,12.05,82~86㎡,median,5.701754385964919,소득5분위,16601.7403727805,103251.534864841,123780.2346436831,20528.6997788421,123.65390204812547,소득5분위,7.258275174424883,1.1670528690710282,0.8568592104966058,,,,,,,,,,1221380,1266072,-44692,1.194485663603606,2.249935996472341,43.01440000000001,960.4166666666666,-13.189213618559803,249981.58333333334,0.7486124213056833,68.17754361080347,26418.0,39555.0,21821.0,32988.0,-21.67803142603024,-25.446697828709286,0.2545,42.59107177916667,17.392026454166665,133.71870944,99.77499999999999,105.75,73.486134025,,0.8358717725558457,34.425587467362924,16601.7403727805,103251.534864841,,,,,,,1221380,1266072,-44692,960.4166666666666,249981.58333333334,0.7486124213056833,26418.0,39555.0,0.2545,99.77499999999999,105.75,42.59107177916667,17.392026454166665,133.71870944,현재 KOSIS 확보분은 소득5분위(상위20%) proxy; 소득10분위/순자산10분위 추가 확보 필요
2017,서울,관악구,11620,1143,84.65826491688539,46300.0,46208.904636920386,46300.0,4.63,82~86㎡,median,,소득5분위,12955.9113611205,67547.4968553551,83022.796550379,15475.2996950239,119.44585960555314,소득5분위,3.573658286899218,0.6854436086528257,1.4589092193381232,27987.0,6070675040.0,216910.531318112,-3.1357076108399995,3.0952284386660978,6.432644987972269,5553958.0,0.8545645842723104,2015년 기준년가격,1472937,1571423,-98486,-2.8150530284335895,-5.099226443797445,-29.781757773230566,104.66666666666667,-78.80526493418833,153237.45833333334,0.3850083708195118,67.33610151153572,95078.0,73883.0,55274.0,29201.0,-6.764336706676078,-20.394992026893078,0.35283333333333333,,,,106.325,104.16666666666667,38.50029009916667,-3.5189909600886127,0.0915718868474774,64.63954505686789,12955.9113611205,67547.4968553551,27987.0,-3.1357076108399995,216910.531318112,6.432644987972269,5553958.0,0.8545645842723104,1472937,1571423,-98486,104.66666666666667,153237.45833333334,0.3850083708195118,95078.0,73883.0,0.35283333333333333,106.325,104.16666666666667,,,,현재 KOSIS 확보분은 소득5분위(상위20%) proxy; 소득10분위/순자산10분위 추가 확보 필요
2018,서울,관악구,11620,970,84.64437958762888,52000.0,52169.79381443299,52000.0,5.2,82~86㎡,median,12.311015118790491,소득5분위,13546.653990428,74263.716571368,91414.0185944494,17150.3020230813,126.6017574169948,소득5분위,3.8385862691069654,0.7002073475548131,1.4281483956032308,30390.0,6732027800.0,221521.1516946364,8.586129274305932,10.894221081548782,2.1255862260383784,5578726.0,0.44595223802557094,2015년 기준년가격,1439707,1549937,-110230,-2.2560367483470123,-1.367295756775866,11.924537497715404,39.583333333333336,-62.181528662420384,161249.48333333334,0.4459881960217275,65.16508478483199,80273.0,76043.0,44744.0,38853.0,-15.571425566377084,2.9235412747181444,0.49574999999999997,,,,104.33333333333333,106.25,48.469404526666665,-3.627179993418888,0.040807560137457045,78.39484536082475,13546.653990428,74263.716571368,30390.0,8.586129274305932,221521.1516946364,2.1255862260383784,5578726.0,0.44595223802557094,1439707,1549937,-110230,39.583333333333336,161249.48333333334,0.4459881960217275,80273.0,76043.0,0.49574999999999997,104.33333333333333,106.25,,,,현재 KOSIS 확보분은 소득5분위(상위20%) proxy; 소득10분위/순자산10분위 추가 확보 필요
2019,서울,관악구,11620,719,84.6780230876217,64000.0,62175.86926286509,64000.0,6.4,82~86㎡,median,23.076923076923084,소득5분위,13785.8226582056,76921.0769571673,94608.1453937105,17687.0684365432,128.29896971012823,소득5분위,4.642450551320992,0.832021632193706,1.201891827455739,29979.0,6880092620.0,229497.06861469697,-1.3524185587364235,2.199408921038626,3.6005216021336217,5649476.0,1.2682106990018926,2015년 기준년가격,1426493,1476081,-49588,-0.9178256409116625,-4.765096903938682,-55.01406150775651,213.33333333333334,438.9473684210526,171462.98333333334,0.5841504939828667,64.46142954767093,78782.0,78592.0,51321.0,45860.0,-1.8574115829731008,3.3520508133556115,0.43016666666666664,,,,99.125,101.41666666666667,52.094689102500006,-1.6540911971713532,0.296708391284191,109.30737134909597,13785.8226582056,76921.0769571673,29979.0,-1.3524185587364235,229497.06861469697,3.6005216021336217,5649476.0,1.2682106990018926,1426493,1476081,-49588,213.33333333333334,171462.98333333334,0.5841504939828667,78782.0,78592.0,0.43016666666666664,99.125,101.41666666666667,,,,현재 KOSIS 확보분은 소득5분위(상위20%) proxy; 소득10분위/순자산10분위 추가 확보 필요
2020,서울,관악구,11620,853,84.59879132473623,71000.0,70627.06916764361,71000.0,7.1,82~86㎡,median,10.9375,소득5분위,13946.7843124463,79518.8733094601,98130.0812940564,18611.2079845963,133.44443828522827,소득5분위,5.090779236948451,0.892869793611039,1.1199841311191565,31991.0,7520674800.0,235087.20577662467,6.711364621902005,9.310662157917292,2.4358207255853914,,,,1578127,1642977,-64850,10.62984536201721,11.306696583724074,30.77760748568201,72.0,-66.25000000000001,188852.1083333333,0.9608004148317176,64.02712117307318,68651.0,80879.0,40417.0,54355.0,-12.85953644233454,2.9099653908794876,0.3918333333333333,,,,87.39999999999999,116.25,60.04829466,-2.0271326310524835,0.08440797186400938,94.81711606096131,13946.7843124463,79518.8733094601,31991.0,6.711364621902005,235087.20577662467,2.4358207255853914,,,1578127,1642977,-64850,72.0,188852.1083333333,0.9608004148317176,68651.0,80879.0,0.3918333333333333,87.39999999999999,116.25,,,,현재 KOSIS 확보분은 소득5분위(상위20%) proxy; 소득10분위/순자산10분위 추가 확보 필요
2021,서울,관악구,11620,422,84.52952180094788,89500.0,88678.15165876778,89500.0,8.95,82~86㎡,median,26.056338028169023,소득5분위,14268.8269839115,90300.814516767,109951.7311755528,19650.9166587858,137.7192160290594,소득5분위,6.27241469119457,0.9911317021773008,1.0089476482320334,30889.0,7524104760.0,243585.2491178089,-3.4447188271701457,0.045607077705311916,3.6148472279086574,,,,1418187,1524430,-106243,-10.134799037086372,-7.215377938948631,63.82883577486507,63.583333333333336,-11.689814814814813,213003.1416666667,0.9319418928083504,63.436729680954954,61485.0,70243.0,34570.0,43729.0,-10.43830388486694,-13.1505087847278,0.43216666666666664,90.7119970475,10.125568283,159.464968216625,103.43333333333334,124.16666666666667,70.16310603416666,-3.4395092103985236,0.15067140600315956,166.45260663507108,14268.8269839115,90300.814516767,30889.0,-3.4447188271701457,243585.2491178089,3.6148472279086574,,,1418187,1524430,-106243,63.583333333333336,213003.1416666667,0.9319418928083504,61485.0,70243.0,0.43216666666666664,103.43333333333334,124.16666666666667,90.7119970475,10.125568283,159.464968216625,현재 KOSIS 확보분은 소득5분위(상위20%) proxy; 소득10분위/순자산10분위 추가 확보 필요
2022,서울,관악구,11620,99,84.54173434343434,90000.0,90844.9494949495,90000.0,9.0,82~86㎡,median,0.5586592178770999,소득5분위,15025.6975797391,100528.0244442397,121088.2011854,20560.1767411603,136.83342574979002,소득5분위,5.989738547736878,0.8952727410844593,1.116978049380441,30672.0,7619117820.0,248406.29303599373,-0.7025154585774906,1.2627822582310877,1.979201916226514,,,,1201527,1236867,-35340,-15.2772518715797,-18.863640836246987,-66.73663206046515,553.8333333333334,771.0353866317168,227516.38333333333,0.17127108040228267,64.48496540835136,63867.0,54660.0,44894.0,31836.0,3.8741156379604735,-22.1844169525789,0.2519166666666667,40.23610326358334,1.8295229814166667,105.25811626666666,95.49166666666667,86.33333333333333,74.68328998583333,-1.152190923317684,5.594276094276094,552.1212121212121,15025.6975797391,100528.0244442397,30672.0,-0.7025154585774906,248406.29303599373,1.979201916226514,,,1201527,1236867,-35340,553.8333333333334,227516.38333333333,0.17127108040228267,63867.0,54660.0,0.2519166666666667,95.49166666666667,86.33333333333333,40.23610326358334,1.8295229814166667,105.25811626666666,현재 KOSIS 확보분은 소득5분위(상위20%) proxy; 소득10분위/순자산10분위 추가 확보 필요
2023,서울,관악구,11620,377,84.70225092838196,80000.0,77021.61007957559,80000.0,8.0,82~86㎡,median,-11.111111111111116,소득5분위,15598.0072555042,96824.6678861857,117458.2830186514,20633.6151324657,132.28366158878754,소득5분위,5.128860288981448,0.8262357284203384,1.2103083485773214,51008.5,13900317360.0,272509.82404893305,66.30314293166406,82.439984370789,9.703269075170628,,,,1206963,1238213,-31250,0.45242429009086926,0.10882334155573048,-11.573288058856823,1106.3333333333333,99.75925368642791,229970.69166666665,0.32939259859179243,65.97604190461169,33730.0,53056.0,27426.0,38028.0,-47.18712324048413,-2.934504207830224,0.09166666666666667,31.353072227499997,8.5077256575,90.6199605275,97.19166666666666,93.33333333333333,68.61149256916667,-0.61264299087407,2.934571175950486,140.73209549071618,15598.0072555042,96824.6678861857,51008.5,66.30314293166406,272509.82404893305,9.703269075170628,,,1206963,1238213,-31250,1106.3333333333333,229970.69166666665,0.32939259859179243,33730.0,53056.0,0.09166666666666667,97.19166666666666,93.33333333333333,31.353072227499997,8.5077256575,90.6199605275,현재 KOSIS 확보분은 소득5분위(상위20%) proxy; 소득10분위/순자산10분위 추가 확보 필요
2024,서울,관악구,11620,530,84.72404056603773,84000.0,83738.07547169812,84000.0,8.4,82~86㎡,median,5.000000000000004,소득5분위,16601.7403727805,103251.534864841,123780.2346436831,20528.6997788421,123.65390204812547,소득5분위,5.059710495034773,0.8135472282320861,1.2291849388671547,,,,,,,,,,1221380,1266072,-44692,1.194485663603606,2.249935996472341,43.01440000000001,960.4166666666666,-13.189213618559803,249981.58333333334,0.7486124213056833,68.17754361080347,26418.0,39555.0,21821.0,32988.0,-21.67803142603024,-25.446697828709286,0.2545,42.59107177916667,17.392026454166665,133.71870944,99.77499999999999,105.75,73.486134025,,1.8121069182389937,74.63207547169812,16601.7403727805,103251.534864841,,,,,,,1221380,1266072,-44692,960.4166666666666,249981.58333333334,0.7486124213056833,26418.0,39555.0,0.2545,99.77499999999999,105.75,42.59107177916667,17.392026454166665,133.71870944,현재 KOSIS 확보분은 소득5분위(상위20%) proxy; 소득10분위/순자산10분위 추가 확보 필요
2017,서울,서초구,11650,1526,84.75746474442988,100900.0,111824.42070773263,100900.0,10.09,82~86㎡,median,,소득5분위,12955.9113611205,67547.4968553551,83022.796550379,15475.2996950239,119.44585960555314,소득5분위,7.787950780737173,1.493763717344927,0.6694499192800307,358536.0,102229820120.0,285131.25633130287,-1.3623558411832049,2.075711620607912,3.4855530980195226,32412600.0,2.109775995233698,2015년 기준년가격,1472937,1571423,-98486,-2.8150530284335895,-5.099226443797445,-29.781757773230566,104.66666666666667,-78.80526493418833,153237.45833333334,0.3850083708195118,67.33610151153572,95078.0,73883.0,55274.0,29201.0,-6.764336706676078,-20.394992026893078,0.35283333333333333,,,,106.325,104.16666666666667,38.50029009916667,-0.27468929200972847,0.06858890345128878,48.416120576671034,12955.9113611205,67547.4968553551,358536.0,-1.3623558411832049,285131.25633130287,3.4855530980195226,32412600.0,2.109775995233698,1472937,1571423,-98486,104.66666666666667,153237.45833333334,0.3850083708195118,95078.0,73883.0,0.35283333333333333,106.325,104.16666666666667,,,,현재 KOSIS 확보분은 소득5분위(상위20%) proxy; 소득10분위/순자산10분위 추가 확보 필요
2018,서울,서초구,11650,724,84.75772859116023,133000.0,140601.1049723757,133000.0,13.3,82~86㎡,median,31.813676907829525,소득5분위,13546.653990428,74263.716571368,91414.0185944494,17150.3020230813,126.6017574169948,소득5분위,9.8179225729082,1.7909149466305794,0.5583738088072782,367721.0,108517971040.0,295109.52880036767,2.561806903630326,6.150994800361387,3.4995365283526647,33432374.0,3.146227084528852,2015년 기준년가격,1439707,1549937,-110230,-2.2560367483470123,-1.367295756775866,11.924537497715404,39.583333333333336,-62.181528662420384,161249.48333333334,0.4459881960217275,65.16508478483199,80273.0,76043.0,44744.0,38853.0,-15.571425566377084,2.9235412747181444,0.49574999999999997,,,,104.33333333333333,106.25,48.469404526666665,-0.29976531120061134,0.0546731123388582,105.0317679558011,13546.653990428,74263.716571368,367721.0,2.561806903630326,295109.52880036767,3.4995365283526647,33432374.0,3.146227084528852,1439707,1549937,-110230,39.583333333333336,161249.48333333334,0.4459881960217275,80273.0,76043.0,0.49574999999999997,104.33333333333333,106.25,,,,현재 KOSIS 확보분은 소득5분위(상위20%) proxy; 소득10분위/순자산10분위 추가 확보 필요
2019,서울,서초구,11650,918,84.75697897603484,159250.0,166840.8496732026,159250.0,15.925,82~86㎡,median,19.736842105263165,소득5분위,13785.8226582056,76921.0769571673,94608.1453937105,17687.0684365432,128.29896971012823,소득5분위,11.551722660904186,2.070303826981995,0.4830208914107837,371311.0,114457623340.0,308252.71360126685,0.9762836498323546,5.473427343947135,4.453663307425804,33420206.0,-0.03639585989316796,2015년 기준년가격,1426493,1476081,-49588,-0.9178256409116625,-4.765096903938682,-55.01406150775651,213.33333333333334,438.9473684210526,171462.98333333334,0.5841504939828667,64.46142954767093,78782.0,78592.0,51321.0,45860.0,-1.8574115829731008,3.3520508133556115,0.43016666666666664,,,,99.125,101.41666666666667,52.094689102500006,-0.13354842705979625,0.23238925199709515,85.61220043572985,13785.8226582056,76921.0769571673,371311.0,0.9762836498323546,308252.71360126685,4.453663307425804,33420206.0,-0.03639585989316796,1426493,1476081,-49588,213.33333333333334,171462.98333333334,0.5841504939828667,78782.0,78592.0,0.43016666666666664,99.125,101.41666666666667,,,,현재 KOSIS 확보분은 소득5분위(상위20%) proxy; 소득10분위/순자산10분위 추가 확보 필요
2020,서울,서초구,11650,825,84.77082933333334,185000.0,191089.75515151516,185000.0,18.5,82~86㎡,median,16.16954474097332,소득5분위,13946.7843124463,79518.8733094601,98130.0812940564,18611.2079845963,133.44443828522827,소득5분위,13.264706462471317,2.3264917157470735,0.42983174761870324,364876.0,117070310340.0,320849.57722623576,-1.7330485765301828,2.2826675268618146,4.08653778836261,,,,1578127,1642977,-64850,10.62984536201721,11.306696583724074,30.77760748568201,72.0,-66.25000000000001,188852.1083333333,0.9608004148317176,64.02712117307318,68651.0,80879.0,40417.0,54355.0,-12.85953644233454,2.9099653908794876,0.3918333333333333,,,,87.39999999999999,116.25,60.04829466,-0.17773161293151646,0.08727272727272728,98.03515151515151,13946.7843124463,79518.8733094601,364876.0,-1.7330485765301828,320849.57722623576,4.08653778836261,,,1578127,1642977,-64850,72.0,188852.1083333333,0.9608004148317176,68651.0,80879.0,0.3918333333333333,87.39999999999999,116.25,,,,현재 KOSIS 확보분은 소득5분위(상위20%) proxy; 소득10분위/순자산10분위 추가 확보 필요
2021,서울,서초구,11650,513,84.75163021442495,220000.0,228119.59259259258,220000.0,22.0,82~86㎡,median,18.918918918918926,소득5분위,14268.8269839115,90300.814516767,109951.7311755528,19650.9166587858,137.7192160290594,소득5분위,15.418226056567658,2.436301390826885,0.4104582478034864,368097.0,122310649040.0,332278.3099020095,0.8827656518926918,4.476232005177749,3.562022046148794,,,,1418187,1524430,-106243,-10.134799037086372,-7.215377938948631,63.82883577486507,63.583333333333336,-11.689814814814813,213003.1416666667,0.9319418928083504,63.436729680954954,61485.0,70243.0,34570.0,43729.0,-10.43830388486694,-13.1505087847278,0.43216666666666664,90.7119970475,10.125568283,159.464968216625,103.43333333333334,124.16666666666667,70.16310603416666,-0.2886277258440031,0.12394411955815465,136.92592592592592,14268.8269839115,90300.814516767,368097.0,0.8827656518926918,332278.3099020095,3.562022046148794,,,1418187,1524430,-106243,63.583333333333336,213003.1416666667,0.9319418928083504,61485.0,70243.0,0.43216666666666664,103.43333333333334,124.16666666666667,90.7119970475,10.125568283,159.464968216625,현재 KOSIS 확보분은 소득5분위(상위20%) proxy; 소득10분위/순자산10분위 추가 확보 필요
2022,서울,서초구,11650,136,84.73996691176471,262500.0,263493.1617647059,262500.0,26.25,82~86㎡,median,19.318181818181813,소득5분위,15025.6975797391,100528.0244442397,121088.2011854,20560.1767411603,136.83342574979002,소득5분위,17.47007076423256,2.6112121614963395,0.38296390264472263,373217.0,123941128680.0,332088.6473017038,1.3909377147871327,1.3330643347880367,-0.057079440533336356,,,,1201527,1236867,-35340,-15.2772518715797,-18.863640836246987,-66.73663206046515,553.8333333333334,771.0353866317168,227516.38333333333,0.17127108040228267,64.48496540835136,63867.0,54660.0,44894.0,31836.0,3.8741156379604735,-22.1844169525789,0.2519166666666667,40.23610326358334,1.8295229814166667,105.25811626666666,95.49166666666667,86.33333333333333,74.68328998583333,-0.09469022043476047,4.072303921568627,401.9117647058824,15025.6975797391,100528.0244442397,373217.0,1.3909377147871327,332088.6473017038,-0.057079440533336356,,,1201527,1236867,-35340,553.8333333333334,227516.38333333333,0.17127108040228267,63867.0,54660.0,0.2519166666666667,95.49166666666667,86.33333333333333,40.23610326358334,1.8295229814166667,105.25811626666666,현재 KOSIS 확보분은 소득5분위(상위20%) proxy; 소득10분위/순자산10분위 추가 확보 필요
2023,서울,서초구,11650,479,84.74973235908142,220000.0,227760.43841336117,220000.0,22.0,82~86㎡,median,-16.19047619047619,소득5분위,15598.0072555042,96824.6678861857,117458.2830186514,20633.6151324657,132.28366158878754,소득5분위,14.104365794698982,2.272148253155931,0.4401121267553896,561599.5,203884661590.0,363042.81180805893,50.47532668661931,64.50121421469694,9.321054711705678,,,,1206963,1238213,-31250,0.45242429009086926,0.10882334155573048,-11.573288058856823,1106.3333333333333,99.75925368642791,229970.69166666665,0.32939259859179243,65.97604190461169,33730.0,53056.0,27426.0,38028.0,-47.18712324048413,-2.934504207830224,0.09166666666666667,31.353072227499997,8.5077256575,90.6199605275,97.19166666666666,93.33333333333333,68.61149256916667,-0.055644636435751814,2.3096729297146834,110.76409185803757,15598.0072555042,96824.6678861857,561599.5,50.47532668661931,363042.81180805893,9.321054711705678,,,1206963,1238213,-31250,1106.3333333333333,229970.69166666665,0.32939259859179243,33730.0,53056.0,0.09166666666666667,97.19166666666666,93.33333333333333,31.353072227499997,8.5077256575,90.6199605275,현재 KOSIS 확보분은 소득5분위(상위20%) proxy; 소득10분위/순자산10분위 추가 확보 필요
2024,서울,서초구,11650,1073,84.76962721342032,250000.0,261831.50046598323,250000.0,25.0,82~86㎡,median,13.636363636363647,소득5분위,16601.7403727805,103251.534864841,123780.2346436831,20528.6997788421,123.65390204812547,소득5분위,15.058662187603492,2.4212715125954944,0.413006139459364,,,,,,,,,,1221380,1266072,-44692,1.194485663603606,2.249935996472341,43.01440000000001,960.4166666666666,-13.189213618559803,249981.58333333334,0.7486124213056833,68.17754361080347,26418.0,39555.0,21821.0,32988.0,-21.67803142603024,-25.446697828709286,0.2545,42.59107177916667,17.392026454166665,133.71870944,99.77499999999999,105.75,73.486134025,,0.8950761105933519,36.863932898415655,16601.7403727805,103251.534864841,,,,,,,1221380,1266072,-44692,960.4166666666666,249981.58333333334,0.7486124213056833,26418.0,39555.0,0.2545,99.77499999999999,105.75,42.59107177916667,17.392026454166665,133.71870944,현재 KOSIS 확보분은 소득5분위(상위20%) proxy; 소득10분위/순자산10분위 추가 확보 필요
2017,서울,강남구,11680,1658,84.57320494571773,117725.0,118158.98914354644,117725.0,11.7725,82~86㎡,median,,소득5분위,12955.9113611205,67547.4968553551,83022.796550379,15475.2996950239,119.44585960555314,소득5분위,9.08658578456178,1.742847706882374,0.57377359826167,613451.0,155880197900.0,254103.7473245622,1.8343263042392088,6.233974731231928,4.32039822588739,62951638.0,0.5611324930411277,2015년 기준년가격,1472937,1571423,-98486,-2.8150530284335895,-5.099226443797445,-29.781757773230566,104.66666666666667,-78.80526493418833,153237.45833333334,0.3850083708195118,67.33610151153572,95078.0,73883.0,55274.0,29201.0,-6.764336706676078,-20.394992026893078,0.35283333333333333,,,,106.325,104.16666666666667,38.50029009916667,-0.16054419994424982,0.06312826698833937,44.561519903498194,12955.9113611205,67547.4968553551,613451.0,1.8343263042392088,254103.7473245622,4.32039822588739,62951638.0,0.5611324930411277,1472937,1571423,-98486,104.66666666666667,153237.45833333334,0.3850083708195118,95078.0,73883.0,0.35283333333333333,106.325,104.16666666666667,,,,현재 KOSIS 확보분은 소득5분위(상위20%) proxy; 소득10분위/순자산10분위 추가 확보 필요
2018,서울,강남구,11680,770,84.57679558441558,140000.0,145021.55844155845,140000.0,14.0,82~86㎡,median,18.921214695264375,소득5분위,13546.653990428,74263.716571368,91414.0185944494,17150.3020230813,126.6017574169948,소득5분위,10.334655339903367,1.885173628032189,0.5304551183669143,637574.0,168630112060.0,264487.1215890234,3.9323434145514424,8.179303293019501,4.08627356888156,65689895.0,4.349778793682857,2015년 기준년가격,1439707,1549937,-110230,-2.2560367483470123,-1.367295756775866,11.924537497715404,39.583333333333336,-62.181528662420384,161249.48333333334,0.4459881960217275,65.16508478483199,80273.0,76043.0,44744.0,38853.0,-15.571425566377084,2.9235412747181444,0.49574999999999997,,,,104.33333333333333,106.25,48.469404526666665,-0.17288973515231174,0.05140692640692641,98.75714285714285,13546.653990428,74263.716571368,637574.0,3.9323434145514424,264487.1215890234,4.08627356888156,65689895.0,4.349778793682857,1439707,1549937,-110230,39.583333333333336,161249.48333333334,0.4459881960217275,80273.0,76043.0,0.49574999999999997,104.33333333333333,106.25,,,,현재 KOSIS 확보분은 소득5분위(상위20%) proxy; 소득10분위/순자산10분위 추가 확보 필요
2019,서울,강남구,11680,1143,84.59455371828523,170000.0,171767.35170603674,170000.0,17.0,82~86㎡,median,21.42857142857142,소득5분위,13785.8226582056,76921.0769571673,94608.1453937105,17687.0684365432,128.29896971012823,소득5분위,12.331509276946383,2.2100574605145313,0.4524769232774547,651024.0,181506252940.0,278801.17006439087,2.1095590472635317,7.6357304888812205,5.4120020624707665,67789806.0,3.1967032372330673,2015년 기준년가격,1426493,1476081,-49588,-0.9178256409116625,-4.765096903938682,-55.01406150775651,213.33333333333334,438.9473684210526,171462.98333333334,0.5841504939828667,64.46142954767093,78782.0,78592.0,51321.0,45860.0,-1.8574115829731008,3.3520508133556115,0.43016666666666664,,,,99.125,101.41666666666667,52.094689102500006,-0.07616923492835902,0.18664333624963547,68.7594050743657,13785.8226582056,76921.0769571673,651024.0,2.1095590472635317,278801.17006439087,5.4120020624707665,67789806.0,3.1967032372330673,1426493,1476081,-49588,213.33333333333334,171462.98333333334,0.5841504939828667,78782.0,78592.0,0.43016666666666664,99.125,101.41666666666667,,,,현재 KOSIS 확보분은 소득5분위(상위20%) proxy; 소득10분위/순자산10분위 추가 확보 필요
2020,서울,강남구,11680,821,84.54246272838003,185000.0,186199.62850182704,185000.0,18.5,82~86㎡,median,8.823529411764696,소득5분위,13946.7843124463,79518.8733094601,98130.0812940564,18611.2079845963,133.44443828522827,소득5분위,13.264706462471317,2.3264917157470735,0.42983174761870324,624511.0,183615904140.0,294015.4843389468,-4.072507311558404,1.1623022159447993,5.457048215056659,,,,1578127,1642977,-64850,10.62984536201721,11.306696583724074,30.77760748568201,72.0,-66.25000000000001,188852.1083333333,0.9608004148317176,64.02712117307318,68651.0,80879.0,40417.0,54355.0,-12.85953644233454,2.9099653908794876,0.3918333333333333,,,,87.39999999999999,116.25,60.04829466,-0.10384124539039344,0.0876979293544458,98.51278928136419,13946.7843124463,79518.8733094601,624511.0,-4.072507311558404,294015.4843389468,5.457048215056659,,,1578127,1642977,-64850,72.0,188852.1083333333,0.9608004148317176,68651.0,80879.0,0.3918333333333333,87.39999999999999,116.25,,,,현재 KOSIS 확보분은 소득5분위(상위20%) proxy; 소득10분위/순자산10분위 추가 확보 필요
2021,서울,강남구,11680,489,84.60898568507157,225000.0,219889.60122699387,225000.0,22.5,82~86㎡,median,21.62162162162162,소득5분위,14268.8269839115,90300.814516767,109951.7311755528,19650.9166587858,137.7192160290594,소득5분위,15.768640285126015,2.4916718769820414,0.40133695340785336,630982.0,192907196220.0,305725.35543010733,1.036170699955652,5.0601782691524155,3.9827395885249084,,,,1418187,1524430,-106243,-10.134799037086372,-7.215377938948631,63.82883577486507,63.583333333333336,-11.689814814814813,213003.1416666667,0.9319418928083504,63.436729680954954,61485.0,70243.0,34570.0,43729.0,-10.43830388486694,-13.1505087847278,0.43216666666666664,90.7119970475,10.125568283,159.464968216625,103.43333333333334,124.16666666666667,70.16310603416666,-0.168377227876548,0.13002726653033403,143.64621676891616,14268.8269839115,90300.814516767,630982.0,1.036170699955652,305725.35543010733,3.9827395885249084,,,1418187,1524430,-106243,63.583333333333336,213003.1416666667,0.9319418928083504,61485.0,70243.0,0.43216666666666664,103.43333333333334,124.16666666666667,90.7119970475,10.125568283,159.464968216625,현재 KOSIS 확보분은 소득5분위(상위20%) proxy; 소득10분위/순자산10분위 추가 확보 필요
2022,서울,강남구,11680,128,84.5150828125,230500.0,232631.1796875,230500.0,23.05,82~86㎡,median,2.444444444444449,소득5분위,15025.6975797391,100528.0244442397,121088.2011854,20560.1767411603,136.83342574979002,소득5분위,15.340385947259449,2.2928929646663097,0.43613025789258003,653746.0,200390257500.0,306526.16994979704,3.6077098871283075,3.8790990832016314,0.2619391900168244,,,,1201527,1236867,-35340,-15.2772518715797,-18.863640836246987,-66.73663206046515,553.8333333333334,771.0353866317168,227516.38333333333,0.17127108040228267,64.48496540835136,63867.0,54660.0,44894.0,31836.0,3.8741156379604735,-22.1844169525789,0.2519166666666667,40.23610326358334,1.8295229814166667,105.25811626666666,95.49166666666667,86.33333333333333,74.68328998583333,-0.054057692131194685,4.326822916666667,427.03125,15025.6975797391,100528.0244442397,653746.0,3.6077098871283075,306526.16994979704,0.2619391900168244,,,1201527,1236867,-35340,553.8333333333334,227516.38333333333,0.17127108040228267,63867.0,54660.0,0.2519166666666667,95.49166666666667,86.33333333333333,40.23610326358334,1.8295229814166667,105.25811626666666,현재 KOSIS 확보분은 소득5분위(상위20%) proxy; 소득10분위/순자산10분위 추가 확보 필요
2023,서울,강남구,11680,571,84.66773940455342,230000.0,219597.0227670753,230000.0,23.0,82~86㎡,median,-0.2169197396963085,소득5분위,15598.0072555042,96824.6678861857,117458.2830186514,20633.6151324657,132.28366158878754,소득5분위,14.745473330821664,2.375427719208473,0.4209768168964596,1009112.0,339173943660.0,336111.29751702485,54.358420548653456,69.25670334048051,9.651746071819334,,,,1206963,1238213,-31250,0.45242429009086926,0.10882334155573048,-11.573288058856823,1106.3333333333333,99.75925368642791,229970.69166666665,0.32939259859179243,65.97604190461169,33730.0,53056.0,27426.0,38028.0,-47.18712324048413,-2.934504207830224,0.09166666666666667,31.353072227499997,8.5077256575,90.6199605275,97.19166666666666,93.33333333333333,68.61149256916667,-0.030967821213106178,1.9375364856976065,92.91768826619965,15598.0072555042,96824.6678861857,1009112.0,54.358420548653456,336111.29751702485,9.651746071819334,,,1206963,1238213,-31250,1106.3333333333333,229970.69166666665,0.32939259859179243,33730.0,53056.0,0.09166666666666667,97.19166666666666,93.33333333333333,31.353072227499997,8.5077256575,90.6199605275,현재 KOSIS 확보분은 소득5분위(상위20%) proxy; 소득10분위/순자산10분위 추가 확보 필요
2024,서울,강남구,11680,989,84.59643892821032,233000.0,232632.8614762386,233000.0,23.3,82~86㎡,median,1.304347826086949,소득5분위,16601.7403727805,103251.534864841,123780.2346436831,20528.6997788421,123.65390204812547,소득5분위,14.034673158846454,2.256625049739001,0.4431396346130515,,,,,,,,,,1221380,1266072,-44692,1.194485663603606,2.249935996472341,43.01440000000001,960.4166666666666,-13.189213618559803,249981.58333333334,0.7486124213056833,68.17754361080347,26418.0,39555.0,21821.0,32988.0,-21.67803142603024,-25.446697828709286,0.2545,42.59107177916667,17.392026454166665,133.71870944,99.77499999999999,105.75,73.486134025,,0.9710987529491069,39.99494438827098,16601.7403727805,103251.534864841,,,,,,,1221380,1266072,-44692,960.4166666666666,249981.58333333334,0.7486124213056833,26418.0,39555.0,0.2545,99.77499999999999,105.75,42.59107177916667,17.392026454166665,133.71870944,현재 KOSIS 확보분은 소득5분위(상위20%) proxy; 소득10분위/순자산10분위 추가 확보 필요
2017,서울,송파구,11710,3272,84.57111943765283,77000.0,86607.61399755502,77000.0,7.7,82~86㎡,median,,소득5분위,12955.9113611205,67547.4968553551,83022.796550379,15475.2996950239,119.44585960555314,소득5분위,5.943233004130449,1.139938614822194,0.8772402189007156,213837.0,53908575840.0,252101.25394576244,2.6335493160547063,6.206307068763284,3.4810817481391476,25892942.0,6.240268569829555,2015년 기준년가격,1472937,1571423,-98486,-2.8150530284335895,-5.099226443797445,-29.781757773230566,104.66666666666667,-78.80526493418833,153237.45833333334,0.3850083708195118,67.33610151153572,95078.0,73883.0,55274.0,29201.0,-6.764336706676078,-20.394992026893078,0.35283333333333333,,,,106.325,104.16666666666667,38.50029009916667,-0.46056575803064953,0.031988590057049716,22.580378973105134,12955.9113611205,67547.4968553551,213837.0,2.6335493160547063,252101.25394576244,3.4810817481391476,25892942.0,6.240268569829555,1472937,1571423,-98486,104.66666666666667,153237.45833333334,0.3850083708195118,95078.0,73883.0,0.35283333333333333,106.325,104.16666666666667,,,,현재 KOSIS 확보분은 소득5분위(상위20%) proxy; 소득10분위/순자산10분위 추가 확보 필요
2018,서울,송파구,11710,1740,84.59120005747127,87500.0,102779.85057471265,87500.0,8.75,82~86㎡,median,13.636363636363647,소득5분위,13546.653990428,74263.716571368,91414.0185944494,17150.3020230813,126.6017574169948,소득5분위,6.459159587439605,1.178233517520118,0.8487281893870628,225475.0,57385331640.0,254508.62241933696,5.442463184575175,6.449355683813596,0.9549212611581925,27402979.0,5.831847922109423,2015년 기준년가격,1439707,1549937,-110230,-2.2560367483470123,-1.367295756775866,11.924537497715404,39.583333333333336,-62.181528662420384,161249.48333333334,0.4459881960217275,65.16508478483199,80273.0,76043.0,44744.0,38853.0,-15.571425566377084,2.9235412747181444,0.49574999999999997,,,,104.33333333333333,106.25,48.469404526666665,-0.4888790331522342,0.02274904214559387,43.70287356321839,13546.653990428,74263.716571368,225475.0,5.442463184575175,254508.62241933696,0.9549212611581925,27402979.0,5.831847922109423,1439707,1549937,-110230,39.583333333333336,161249.48333333334,0.4459881960217275,80273.0,76043.0,0.49574999999999997,104.33333333333333,106.25,,,,현재 KOSIS 확보분은 소득5분위(상위20%) proxy; 소득10분위/순자산10분위 추가 확보 필요
2019,서울,송파구,11710,2323,84.56021463624623,120000.0,125479.83469651313,120000.0,12.0,82~86㎡,median,37.142857142857146,소득5분위,13785.8226582056,76921.0769571673,94608.1453937105,17687.0684365432,128.29896971012823,소득5분위,8.70459478372686,1.5600405603631986,0.6410089746430608,236135.0,62666359820.0,265383.61454252864,4.727796873267542,9.202749255035926,4.27293661794832,28427927.0,3.7402794783734983,2015년 기준년가격,1426493,1476081,-49588,-0.9178256409116625,-4.765096903938682,-55.01406150775651,213.33333333333334,438.9473684210526,171462.98333333334,0.5841504939828667,64.46142954767093,78782.0,78592.0,51321.0,45860.0,-1.8574115829731008,3.3520508133556115,0.43016666666666664,,,,99.125,101.41666666666667,52.094689102500006,-0.2099985177970229,0.0918352704835701,33.83211364614722,13785.8226582056,76921.0769571673,236135.0,4.727796873267542,265383.61454252864,4.27293661794832,28427927.0,3.7402794783734983,1426493,1476081,-49588,213.33333333333334,171462.98333333334,0.5841504939828667,78782.0,78592.0,0.43016666666666664,99.125,101.41666666666667,,,,현재 KOSIS 확보분은 소득5분위(상위20%) proxy; 소득10분위/순자산10분위 추가 확보 필요
2020,서울,송파구,11710,1635,84.60114605504587,135000.0,141177.85626911314,135000.0,13.5,82~86㎡,median,12.5,소득5분위,13946.7843124463,79518.8733094601,98130.0812940564,18611.2079845963,133.44443828522827,소득5분위,9.679650661803393,1.697710170950567,0.589028691181186,256728.0,70267783580.0,273705.1805023215,8.720858830753597,12.129990926286416,3.1356743611084203,,,,1578127,1642977,-64850,10.62984536201721,11.306696583724074,30.77760748568201,72.0,-66.25000000000001,188852.1083333333,0.9608004148317176,64.02712117307318,68651.0,80879.0,40417.0,54355.0,-12.85953644233454,2.9099653908794876,0.3918333333333333,,,,87.39999999999999,116.25,60.04829466,-0.2526019756317971,0.044036697247706424,49.467278287461774,13946.7843124463,79518.8733094601,256728.0,8.720858830753597,273705.1805023215,3.1356743611084203,,,1578127,1642977,-64850,72.0,188852.1083333333,0.9608004148317176,68651.0,80879.0,0.3918333333333333,87.39999999999999,116.25,,,,현재 KOSIS 확보분은 소득5분위(상위20%) proxy; 소득10분위/순자산10분위 추가 확보 필요
2021,서울,송파구,11710,737,84.553363229308,170000.0,173654.85753052917,170000.0,17.0,82~86㎡,median,25.92592592592593,소득5분위,14268.8269839115,90300.814516767,109951.7311755528,19650.9166587858,137.7192160290594,소득5분위,11.9140837709841,1.8825965292753202,0.5311812618633353,252412.0,74437019380.0,294902.85477711045,-1.6811567106042147,5.933353220474524,7.74471065395459,,,,1418187,1524430,-106243,-10.134799037086372,-7.215377938948631,63.82883577486507,63.583333333333336,-11.689814814814813,213003.1416666667,0.9319418928083504,63.436729680954954,61485.0,70243.0,34570.0,43729.0,-10.43830388486694,-13.1505087847278,0.43216666666666664,90.7119970475,10.125568283,159.464968216625,103.43333333333334,124.16666666666667,70.16310603416666,-0.42091105018778824,0.08627317955676166,95.30936227951153,14268.8269839115,90300.814516767,252412.0,-1.6811567106042147,294902.85477711045,7.74471065395459,,,1418187,1524430,-106243,63.583333333333336,213003.1416666667,0.9319418928083504,61485.0,70243.0,0.43216666666666664,103.43333333333334,124.16666666666667,90.7119970475,10.125568283,159.464968216625,현재 KOSIS 확보분은 소득5분위(상위20%) proxy; 소득10분위/순자산10분위 추가 확보 필요
2022,서울,송파구,11710,261,84.67597931034483,186500.0,180478.96168582374,186500.0,18.65,82~86㎡,median,9.705882352941186,소득5분위,15025.6975797391,100528.0244442397,121088.2011854,20560.1767411603,136.83342574979002,소득5분위,12.412069323921418,1.8552040690250184,0.5390242597546364,265305.0,77160809660.0,290838.12841823563,5.107918799423161,3.6591877303618014,-1.3783272331992058,,,,1201527,1236867,-35340,-15.2772518715797,-18.863640836246987,-66.73663206046515,553.8333333333334,771.0353866317168,227516.38333333333,0.17127108040228267,64.48496540835136,63867.0,54660.0,44894.0,31836.0,3.8741156379604735,-22.1844169525789,0.2519166666666667,40.23610326358334,1.8295229814166667,105.25811626666666,95.49166666666667,86.33333333333333,74.68328998583333,-0.13320517894498785,2.1219667943805876,209.42528735632183,15025.6975797391,100528.0244442397,265305.0,5.107918799423161,290838.12841823563,-1.3783272331992058,,,1201527,1236867,-35340,553.8333333333334,227516.38333333333,0.17127108040228267,63867.0,54660.0,0.2519166666666667,95.49166666666667,86.33333333333333,40.23610326358334,1.8295229814166667,105.25811626666666,현재 KOSIS 확보분은 소득5분위(상위20%) proxy; 소득10분위/순자산10분위 추가 확보 필요
2023,서울,송파구,11710,1084,84.66126282287823,181000.0,172587.4446494465,181000.0,18.1,82~86㎡,median,-2.9490616621983934,소득5분위,15598.0072555042,96824.6678861857,117458.2830186514,20633.6151324657,132.28366158878754,소득5분위,11.604046403820526,1.8693583355510157,0.5349429164982635,388541.5,122979413250.0,316515.5157171113,46.45087729217317,59.38066719607307,8.828755513771803,,,,1206963,1238213,-31250,0.45242429009086926,0.10882334155573048,-11.573288058856823,1106.3333333333333,99.75925368642791,229970.69166666665,0.32939259859179243,65.97604190461169,33730.0,53056.0,27426.0,38028.0,-47.18712324048413,-2.934504207830224,0.09166666666666667,31.353072227499997,8.5077256575,90.6199605275,97.19166666666666,93.33333333333333,68.61149256916667,-0.08042898892396308,1.0206027060270602,48.944649446494466,15598.0072555042,96824.6678861857,388541.5,46.45087729217317,316515.5157171113,8.828755513771803,,,1206963,1238213,-31250,1106.3333333333333,229970.69166666665,0.32939259859179243,33730.0,53056.0,0.09166666666666667,97.19166666666666,93.33333333333333,31.353072227499997,8.5077256575,90.6199605275,현재 KOSIS 확보분은 소득5분위(상위20%) proxy; 소득10분위/순자산10분위 추가 확보 필요
2024,서울,송파구,11710,1819,84.59743897746014,178000.0,176881.99835074216,178000.0,17.8,82~86㎡,median,-1.6574585635359074,소득5분위,16601.7403727805,103251.534864841,123780.2346436831,20528.6997788421,123.65390204812547,소득5분위,10.721767477573685,1.7239453169679921,0.5800648026114663,,,,,,,,,,1221380,1266072,-44692,1.194485663603606,2.249935996472341,43.01440000000001,960.4166666666666,-13.189213618559803,249981.58333333334,0.7486124213056833,68.17754361080347,26418.0,39555.0,21821.0,32988.0,-21.67803142603024,-25.446697828709286,0.2545,42.59107177916667,17.392026454166665,133.71870944,99.77499999999999,105.75,73.486134025,,0.5279915704599597,21.74546454095657,16601.7403727805,103251.534864841,,,,,,,1221380,1266072,-44692,960.4166666666666,249981.58333333334,0.7486124213056833,26418.0,39555.0,0.2545,99.77499999999999,105.75,42.59107177916667,17.392026454166665,133.71870944,현재 KOSIS 확보분은 소득5분위(상위20%) proxy; 소득10분위/순자산10분위 추가 확보 필요
2017,서울,강동구,11740,2463,84.57040641494113,55800.0,57436.17133576939,55800.0,5.58,82~86㎡,median,,소득5분위,12955.9113611205,67547.4968553551,83022.796550379,15475.2996950239,119.44585960555314,소득5분위,4.306914306889339,0.8260853858062134,1.210528617479482,57559.0,15089979580.0,262165.42295731336,-0.13013151958912728,3.6889605402640635,3.8240683781437967,7905206.0,2.491323470134832,2015년 기준년가격,1472937,1571423,-98486,-2.8150530284335895,-5.099226443797445,-29.781757773230566,104.66666666666667,-78.80526493418833,153237.45833333334,0.3850083708195118,67.33610151153572,95078.0,73883.0,55274.0,29201.0,-6.764336706676078,-20.394992026893078,0.35283333333333333,,,,106.325,104.16666666666667,38.50029009916667,-1.7110443197414826,0.042495601569901204,29.997157937474626,12955.9113611205,67547.4968553551,57559.0,-0.13013151958912728,262165.42295731336,3.8240683781437967,7905206.0,2.491323470134832,1472937,1571423,-98486,104.66666666666667,153237.45833333334,0.3850083708195118,95078.0,73883.0,0.35283333333333333,106.325,104.16666666666667,,,,현재 KOSIS 확보분은 소득5분위(상위20%) proxy; 소득10분위/순자산10분위 추가 확보 필요
2018,서울,강동구,11740,1551,84.59600580270794,68000.0,68799.12894906513,68000.0,6.8,82~86㎡,median,21.863799283154115,소득5분위,13546.653990428,74263.716571368,91414.0185944494,17150.3020230813,126.6017574169948,소득5분위,5.0196897365244935,0.9156557621870631,1.0921134789907059,58550.0,16102735900.0,275025.3783091375,1.721711635017975,6.71144924107312,4.905282781672549,8347156.0,5.590619649886408,2015년 기준년가격,1439707,1549937,-110230,-2.2560367483470123,-1.367295756775866,11.924537497715404,39.583333333333336,-62.181528662420384,161249.48333333334,0.4459881960217275,65.16508478483199,80273.0,76043.0,44744.0,38853.0,-15.571425566377084,2.9235412747181444,0.49574999999999997,,,,104.33333333333333,106.25,48.469404526666665,-1.88266438941076,0.025521169138190417,49.02836879432624,13546.653990428,74263.716571368,58550.0,1.721711635017975,275025.3783091375,4.905282781672549,8347156.0,5.590619649886408,1439707,1549937,-110230,39.583333333333336,161249.48333333334,0.4459881960217275,80273.0,76043.0,0.49574999999999997,104.33333333333333,106.25,,,,현재 KOSIS 확보분은 소득5분위(상위20%) proxy; 소득10분위/순자산10분위 추가 확보 필요
2019,서울,강동구,11740,1592,84.60986746231157,76450.0,78928.35113065326,76450.0,7.645,82~86㎡,median,12.426470588235293,소득5분위,13785.8226582056,76921.0769571673,94608.1453937105,17687.0684365432,128.29896971012823,소득5분위,5.545552260132653,0.9938758403313878,1.0061618961042158,58172.0,16633359780.0,285934.1226019391,-0.6456020495303139,3.295240531144783,3.9664500635791633,8720189.0,4.46898320817295,2015년 기준년가격,1426493,1476081,-49588,-0.9178256409116625,-4.765096903938682,-55.01406150775651,213.33333333333334,438.9473684210526,171462.98333333334,0.5841504939828667,64.46142954767093,78782.0,78592.0,51321.0,45860.0,-1.8574115829731008,3.3520508133556115,0.43016666666666664,,,,99.125,101.41666666666667,52.094689102500006,-0.8524375988448051,0.1340033500837521,49.36683417085427,13785.8226582056,76921.0769571673,58172.0,-0.6456020495303139,285934.1226019391,3.9664500635791633,8720189.0,4.46898320817295,1426493,1476081,-49588,213.33333333333334,171462.98333333334,0.5841504939828667,78782.0,78592.0,0.43016666666666664,99.125,101.41666666666667,,,,현재 KOSIS 확보분은 소득5분위(상위20%) proxy; 소득10분위/순자산10분위 추가 확보 필요
2020,서울,강동구,11740,1571,84.60137670273711,90000.0,94951.61425843411,90000.0,9.0,82~86㎡,median,17.724002616088953,소득5분위,13946.7843124463,79518.8733094601,98130.0812940564,18611.2079845963,133.44443828522827,소득5분위,6.4531004412022615,1.1318067806337113,0.8835430367717789,58402.0,17360634020.0,297260.9503099209,0.3953792202434192,4.372383268439117,3.9613417261676,,,,1578127,1642977,-64850,10.62984536201721,11.306696583724074,30.77760748568201,72.0,-66.25000000000001,188852.1083333333,0.9608004148317176,64.02712117307318,68651.0,80879.0,40417.0,54355.0,-12.85953644233454,2.9099653908794876,0.3918333333333333,,,,87.39999999999999,116.25,60.04829466,-1.1104071778363755,0.04583068109484405,51.482495225970716,13946.7843124463,79518.8733094601,58402.0,0.3953792202434192,297260.9503099209,3.9613417261676,,,1578127,1642977,-64850,72.0,188852.1083333333,0.9608004148317176,68651.0,80879.0,0.3918333333333333,87.39999999999999,116.25,,,,현재 KOSIS 확보분은 소득5분위(상위20%) proxy; 소득10분위/순자산10분위 추가 확보 필요
2021,서울,강동구,11740,673,84.61190817236256,119000.0,119210.21248142645,119000.0,11.9,82~86㎡,median,32.22222222222222,소득5분위,14268.8269839115,90300.814516767,109951.7311755528,19650.9166587858,137.7192160290594,소득5분위,8.33985863968887,1.3178175704927242,0.758830374090479,61995.0,19017476300.0,306758.22727639327,6.152186568953111,9.543673797231511,3.1949292218068415,,,,1418187,1524430,-106243,-10.134799037086372,-7.215377938948631,63.82883577486507,63.583333333333336,-11.689814814814813,213003.1416666667,0.9319418928083504,63.436729680954954,61485.0,70243.0,34570.0,43729.0,-10.43830388486694,-13.1505087847278,0.43216666666666664,90.7119970475,10.125568283,159.464968216625,103.43333333333334,124.16666666666667,70.16310603416666,-1.7137349786273086,0.09447746409113422,104.37295690936106,14268.8269839115,90300.814516767,61995.0,6.152186568953111,306758.22727639327,3.1949292218068415,,,1418187,1524430,-106243,63.583333333333336,213003.1416666667,0.9319418928083504,61485.0,70243.0,0.43216666666666664,103.43333333333334,124.16666666666667,90.7119970475,10.125568283,159.464968216625,현재 KOSIS 확보분은 소득5분위(상위20%) proxy; 소득10분위/순자산10분위 추가 확보 필요
2022,서울,강동구,11740,164,84.63350548780487,124800.0,121590.24390243902,124800.0,12.48,82~86㎡,median,4.873949579831938,소득5분위,15025.6975797391,100528.0244442397,121088.2011854,20560.1767411603,136.83342574979002,소득5분위,8.305770786195136,1.2414448676371168,0.8055130163801257,60463.0,18565980440.0,307063.5006532921,-2.471167029599164,-2.3741102808683356,0.09951595417969639,,,,1201527,1236867,-35340,-15.2772518715797,-18.863640836246987,-66.73663206046515,553.8333333333334,771.0353866317168,227516.38333333333,0.17127108040228267,64.48496540835136,63867.0,54660.0,44894.0,31836.0,3.8741156379604735,-22.1844169525789,0.2519166666666667,40.23610326358334,1.8295229814166667,105.25811626666666,95.49166666666667,86.33333333333333,74.68328998583333,-0.5844896879083076,3.3770325203252036,333.2926829268293,15025.6975797391,100528.0244442397,60463.0,-2.471167029599164,307063.5006532921,0.09951595417969639,,,1201527,1236867,-35340,553.8333333333334,227516.38333333333,0.17127108040228267,63867.0,54660.0,0.2519166666666667,95.49166666666667,86.33333333333333,40.23610326358334,1.8295229814166667,105.25811626666666,현재 KOSIS 확보분은 소득5분위(상위20%) proxy; 소득10분위/순자산10분위 추가 확보 필요
2023,서울,강동구,11740,897,84.67345050167224,118000.0,113084.34336677815,118000.0,11.8,82~86㎡,median,-5.448717948717952,소득5분위,15598.0072555042,96824.6678861857,117458.2830186514,20633.6151324657,132.28366158878754,소득5분위,7.565068926247636,1.2186976994199992,0.8205480329337772,97834.0,33028940840.0,337601.86479138135,61.808047897061,77.90033199022372,9.945292772705795,,,,1206963,1238213,-31250,0.45242429009086926,0.10882334155573048,-11.573288058856823,1106.3333333333333,99.75925368642791,229970.69166666665,0.32939259859179243,65.97604190461169,33730.0,53056.0,27426.0,38028.0,-47.18712324048413,-2.934504207830224,0.09166666666666667,31.353072227499997,8.5077256575,90.6199605275,97.19166666666666,93.33333333333333,68.61149256916667,-0.3194186070282315,1.2333704942400594,59.148272017837236,15598.0072555042,96824.6678861857,97834.0,61.808047897061,337601.86479138135,9.945292772705795,,,1206963,1238213,-31250,1106.3333333333333,229970.69166666665,0.32939259859179243,33730.0,53056.0,0.09166666666666667,97.19166666666666,93.33333333333333,31.353072227499997,8.5077256575,90.6199605275,현재 KOSIS 확보분은 소득5분위(상위20%) proxy; 소득10분위/순자산10분위 추가 확보 필요
2024,서울,강동구,11740,1209,84.66081712158808,122600.0,120040.11662531017,122600.0,12.26,82~86㎡,median,3.8983050847457568,소득5분위,16601.7403727805,103251.534864841,123780.2346436831,20528.6997788421,123.65390204812547,소득5분위,7.384767936800753,1.1873915497768306,0.8421821767115906,,,,,,,,,,1221380,1266072,-44692,1.194485663603606,2.249935996472341,43.01440000000001,960.4166666666666,-13.189213618559803,249981.58333333334,0.7486124213056833,68.17754361080347,26418.0,39555.0,21821.0,32988.0,-21.67803142603024,-25.446697828709286,0.2545,42.59107177916667,17.392026454166665,133.71870944,99.77499999999999,105.75,73.486134025,,0.7943893024538186,32.71712158808933,16601.7403727805,103251.534864841,,,,,,,1221380,1266072,-44692,960.4166666666666,249981.58333333334,0.7486124213056833,26418.0,39555.0,0.2545,99.77499999999999,105.75,42.59107177916667,17.392026454166665,133.71870944,현재 KOSIS 확보분은 소득5분위(상위20%) proxy; 소득10분위/순자산10분위 추가 확보 필요
