source,source_name,source_id,complex_id,단지명,주소,시도,시군구,지역코드,법정동코드,입주예정연월,준공연월,사용승인일,세대수,공급세대수,일반공급세대수,특별공급세대수,주택형,전용면적,사업유형,사업주체,시공사,위도,경도,source_url,license_note,수집일시,원천파일명,원천시트명,allowed_scope,validation_status,validation_message
reb_movein_plan,한국부동산원_주택공급정보_입주예정물량정보,15111714:1,53fe5dfdcc6a13b5,강릉 오션시티 아이파크,강원특별자치도 강릉시 견소동 244-2,강원,강릉시,,,2026-08,,,794,794,,,,,분양,,,,,https://www.data.go.kr/data/15111714/fileData.do,공공데이터포털 파일데이터. 출처표시 필요. 입주예정월은 원천 기준 예정값.,2026-05-12 17:21:55,15111714.csv,csv,public_allowed,ok,
reb_movein_plan,한국부동산원_주택공급정보_입주예정물량정보,15111714:2,f26fa3ffa11e7547,강릉 모아미래도 오션리버,강원특별자치도 강릉시 견소동 219-0,강원,강릉시,,,2026-12,,,561,561,,,,,분양,,,,,https://www.data.go.kr/data/15111714/fileData.do,공공데이터포털 파일데이터. 출처표시 필요. 입주예정월은 원천 기준 예정값.,2026-05-12 17:21:55,15111714.csv,csv,public_allowed,ok,
reb_movein_plan,한국부동산원_주택공급정보_입주예정물량정보,15111714:3,78338c67dcd04dac,강릉자이르네 디오션,강원특별자치도 강릉시 송정동 산 77-3,강원,강릉시,,,2026-11,,,228,228,,,,,분양,,,,,https://www.data.go.kr/data/15111714/fileData.do,공공데이터포털 파일데이터. 출처표시 필요. 입주예정월은 원천 기준 예정값.,2026-05-12 17:21:55,15111714.csv,csv,public_allowed,ok,
reb_movein_plan,한국부동산원_주택공급정보_입주예정물량정보,15111714:4,5a8f30164db69994,강릉시 주문진 라일플로리스 벨벳 도시형생활주택,강원특별자치도 강릉시 주문진읍 주문리 762-5,강원,강릉시,,,2026-12,,,299,299,,,,,분양,,,,,https://www.data.go.kr/data/15111714/fileData.do,공공데이터포털 파일데이터. 출처표시 필요. 입주예정월은 원천 기준 예정값.,2026-05-12 17:21:55,15111714.csv,csv,public_allowed,ok,
reb_movein_plan,한국부동산원_주택공급정보_입주예정물량정보,15111714:5,738af445e2cf4b1a,강릉 유블레스 리센트,강원특별자치도 강릉시 포남동 1153-0,강원,강릉시,,,2027-04,,,226,226,,,,,분양,,,,,https://www.data.go.kr/data/15111714/fileData.do,공공데이터포털 파일데이터. 출처표시 필요. 입주예정월은 원천 기준 예정값.,2026-05-12 17:21:55,15111714.csv,csv,public_allowed,ok,
reb_movein_plan,한국부동산원_주택공급정보_입주예정물량정보,15111714:6,796ab18fc7db6172,강릉 아테라,강원특별자치도 강릉시 회산동 536-0,강원,강릉시,,,2027-04,,,329,329,,,,,분양,,,,,https://www.data.go.kr/data/15111714/fileData.do,공공데이터포털 파일데이터. 출처표시 필요. 입주예정월은 원천 기준 예정값.,2026-05-12 17:21:55,15111714.csv,csv,public_allowed,ok,
reb_movein_plan,한국부동산원_주택공급정보_입주예정물량정보,15111714:7,a08593c91072171e,아야진 라메르 데시앙,강원특별자치도 고성군 토성면 아야진리 산 21-0,강원,고성군,,,2026-01,,,811,811,,,,,분양,,,,,https://www.data.go.kr/data/15111714/fileData.do,공공데이터포털 파일데이터. 출처표시 필요. 입주예정월은 원천 기준 예정값.,2026-05-12 17:21:55,15111714.csv,csv,public_allowed,ok,
reb_movein_plan,한국부동산원_주택공급정보_입주예정물량정보,15111714:8,50a4a5135dbf4789,동해천곡1(고령자)행복주택,강원특별자치도 동해시 천곡동 산 6번지,강원,동해시,,,2027-10,,,200,200,,,,,임대,,,,,https://www.data.go.kr/data/15111714/fileData.do,공공데이터포털 파일데이터. 출처표시 필요. 입주예정월은 원천 기준 예정값.,2026-05-12 17:21:55,15111714.csv,csv,public_allowed,ok,
reb_movein_plan,한국부동산원_주택공급정보_입주예정물량정보,15111714:9,669b140f98c91aa8,동해천곡1(고령자)영구임대,강원특별자치도 동해시 천곡동 산 6번지,강원,동해시,,,2027-10,,,202,202,,,,,임대,,,,,https://www.data.go.kr/data/15111714/fileData.do,공공데이터포털 파일데이터. 출처표시 필요. 입주예정월은 원천 기준 예정값.,2026-05-12 17:21:55,15111714.csv,csv,public_allowed,ok,
reb_movein_plan,한국부동산원_주택공급정보_입주예정물량정보,15111714:10,930dae360b749ae4,힐스테이트 속초,강원특별자치도 속초시 금호동 622-40,강원,속초시,,,2026-05,,,925,925,,,,,분양,,,,,https://www.data.go.kr/data/15111714/fileData.do,공공데이터포털 파일데이터. 출처표시 필요. 입주예정월은 원천 기준 예정값.,2026-05-12 17:21:55,15111714.csv,csv,public_allowed,ok,
reb_movein_plan,한국부동산원_주택공급정보_입주예정물량정보,15111714:11,3a2c8655d186c9aa,더샵 속초프라임뷰,강원특별자치도 속초시 금호동 617-21,강원,속초시,,,2027-07,,,1024,1024,,,,,분양,,,,,https://www.data.go.kr/data/15111714/fileData.do,공공데이터포털 파일데이터. 출처표시 필요. 입주예정월은 원천 기준 예정값.,2026-05-12 17:21:55,15111714.csv,csv,public_allowed,ok,
reb_movein_plan,한국부동산원_주택공급정보_입주예정물량정보,15111714:12,063e6eec75c1316a,두산위브더제니스 센트럴 원주,강원특별자치도 원주시 원동 129-1,강원,원주시,,,2026-03,,,1167,1167,,,,,분양,,,,,https://www.data.go.kr/data/15111714/fileData.do,공공데이터포털 파일데이터. 출처표시 필요. 입주예정월은 원천 기준 예정값.,2026-05-12 17:21:55,15111714.csv,csv,public_allowed,ok,
reb_movein_plan,한국부동산원_주택공급정보_입주예정물량정보,15111714:13,997fb54508dbe6df,원주자이 센트로,강원특별자치도 원주시 단구동 0-0,강원,원주시,,,2026-06,,,970,970,,,,,분양,,,,,https://www.data.go.kr/data/15111714/fileData.do,공공데이터포털 파일데이터. 출처표시 필요. 입주예정월은 원천 기준 예정값.,2026-05-12 17:21:55,15111714.csv,csv,public_allowed,ok,
reb_movein_plan,한국부동산원_주택공급정보_입주예정물량정보,15111714:14,17933be2fd937f9b,원주 모아엘가 그랑데,강원특별자치도 원주시 단구동 531-8,강원,원주시,,,2027-02,,,353,353,,,,,분양,,,,,https://www.data.go.kr/data/15111714/fileData.do,공공데이터포털 파일데이터. 출처표시 필요. 입주예정월은 원천 기준 예정값.,2026-05-12 17:21:55,15111714.csv,csv,public_allowed,ok,
reb_movein_plan,한국부동산원_주택공급정보_입주예정물량정보,15111714:15,52251ac2c63e0270,원주 푸르지오 더 센트럴,강원특별자치도 원주시 원동 274-40,강원,원주시,,,2027-11,,,1502,1502,,,,,분양,,,,,https://www.data.go.kr/data/15111714/fileData.do,공공데이터포털 파일데이터. 출처표시 필요. 입주예정월은 원천 기준 예정값.,2026-05-12 17:21:55,15111714.csv,csv,public_allowed,ok,
reb_movein_plan,한국부동산원_주택공급정보_입주예정물량정보,15111714:16,1618451c54b1b62f,정선사북 국민임대주택,강원특별자치도 정선군 사북읍 사북6길 8,강원,정선군,,,2027-08,,,30,30,,,,,임대,,,,,https://www.data.go.kr/data/15111714/fileData.do,공공데이터포털 파일데이터. 출처표시 필요. 입주예정월은 원천 기준 예정값.,2026-05-12 17:21:55,15111714.csv,csv,public_allowed,ok,
reb_movein_plan,한국부동산원_주택공급정보_입주예정물량정보,15111714:17,7f5f739f7c2d494a,정선사북 행복주택,강원특별자치도 정선군 사북읍 사북6길 8,강원,정선군,,,2027-08,,,120,120,,,,,임대,,,,,https://www.data.go.kr/data/15111714/fileData.do,공공데이터포털 파일데이터. 출처표시 필요. 입주예정월은 원천 기준 예정값.,2026-05-12 17:21:55,15111714.csv,csv,public_allowed,ok,
reb_movein_plan,한국부동산원_주택공급정보_입주예정물량정보,15111714:18,002e0dc589c57b5b,춘천 레이크시티 아이파크,강원특별자치도 춘천시 삼천동 22-2,강원,춘천시,,,2026-08,,,874,874,,,,,분양,,,,,https://www.data.go.kr/data/15111714/fileData.do,공공데이터포털 파일데이터. 출처표시 필요. 입주예정월은 원천 기준 예정값.,2026-05-12 17:21:55,15111714.csv,csv,public_allowed,ok,
reb_movein_plan,한국부동산원_주택공급정보_입주예정물량정보,15111714:19,73dd6111e936bb73,춘천 금호어울림 더 퍼스트,강원특별자치도 춘천시 동면 만천리 785-0,강원,춘천시,,,2026-09,,,543,543,,,,,분양,,,,,https://www.data.go.kr/data/15111714/fileData.do,공공데이터포털 파일데이터. 출처표시 필요. 입주예정월은 원천 기준 예정값.,2026-05-12 17:21:55,15111714.csv,csv,public_allowed,ok,
reb_movein_plan,한국부동산원_주택공급정보_입주예정물량정보,15111714:20,233a0c7c12125c84,춘천 아테라 에듀파크,강원특별자치도 춘천시 동면 만천리 768-7,강원,춘천시,,,2027-06,,,477,477,,,,,분양,,,,,https://www.data.go.kr/data/15111714/fileData.do,공공데이터포털 파일데이터. 출처표시 필요. 입주예정월은 원천 기준 예정값.,2026-05-12 17:21:55,15111714.csv,csv,public_allowed,ok,
reb_movein_plan,한국부동산원_주택공급정보_입주예정물량정보,15111714:21,ddec433f6d88802e,대상 웰라움 홍천,강원특별자치도 홍천군 홍천읍 갈마곡리 23-26,강원,홍천군,,,2026-09,,,200,200,,,,,분양,,,,,https://www.data.go.kr/data/15111714/fileData.do,공공데이터포털 파일데이터. 출처표시 필요. 입주예정월은 원천 기준 예정값.,2026-05-12 17:21:55,15111714.csv,csv,public_allowed,ok,
reb_movein_plan,한국부동산원_주택공급정보_입주예정물량정보,15111714:22,3877526d43ded0d7,스위트클래스 더 스카이 45,강원특별자치도 홍천군 홍천읍 희망리 396-9,강원,홍천군,,,2026-10,,,264,264,,,,,분양,,,,,https://www.data.go.kr/data/15111714/fileData.do,공공데이터포털 파일데이터. 출처표시 필요. 입주예정월은 원천 기준 예정값.,2026-05-12 17:21:55,15111714.csv,csv,public_allowed,ok,
reb_movein_plan,한국부동산원_주택공급정보_입주예정물량정보,15111714:23,72bbf377648682de,홍천 에듀포레 휴티스,강원특별자치도 홍천군 홍천읍 갈마곡리 436-1,강원,홍천군,,,2026-12,,,239,239,,,,,분양,,,,,https://www.data.go.kr/data/15111714/fileData.do,공공데이터포털 파일데이터. 출처표시 필요. 입주예정월은 원천 기준 예정값.,2026-05-12 17:21:55,15111714.csv,csv,public_allowed,ok,
reb_movein_plan,한국부동산원_주택공급정보_입주예정물량정보,15111714:24,fe8b48e694481e7f,인제서화,강원특별자치도 인제군 서화면 천도리 0-0,강원,인제군,,,2027-03,,,80,80,,,,,임대,,,,,https://www.data.go.kr/data/15111714/fileData.do,공공데이터포털 파일데이터. 출처표시 필요. 입주예정월은 원천 기준 예정값.,2026-05-12 17:21:55,15111714.csv,csv,public_allowed,ok,
reb_movein_plan,한국부동산원_주택공급정보_입주예정물량정보,15111714:25,3443ca01b0ba0f1c,자라섬 수자인 리버페스타,경기도 가평군 가평읍 달전리 284-7,경기,가평군,,,2027-09,,,381,381,,,,,분양,,,,,https://www.data.go.kr/data/15111714/fileData.do,공공데이터포털 파일데이터. 출처표시 필요. 입주예정월은 원천 기준 예정값.,2026-05-12 17:21:55,15111714.csv,csv,public_allowed,ok,
reb_movein_plan,한국부동산원_주택공급정보_입주예정물량정보,15111714:26,9f2cee2e5bab76a8,청평 수자인 더퍼스트,경기도 가평군 청평면 청평리 산 81-18,경기,가평군,,,2027-09,,,551,551,,,,,분양,,,,,https://www.data.go.kr/data/15111714/fileData.do,공공데이터포털 파일데이터. 출처표시 필요. 입주예정월은 원천 기준 예정값.,2026-05-12 17:21:55,15111714.csv,csv,public_allowed,ok,
reb_movein_plan,한국부동산원_주택공급정보_입주예정물량정보,15111714:27,36dadf8112bf5785,고양창릉지구 S-6 공공분양,경기도 고양시 덕양구 용두동 827-0,경기,고양시 덕양구,,,2027-12,,,430,430,,,,,분양,,,,,https://www.data.go.kr/data/15111714/fileData.do,공공데이터포털 파일데이터. 출처표시 필요. 입주예정월은 원천 기준 예정값.,2026-05-12 17:21:55,15111714.csv,csv,public_allowed,ok,
reb_movein_plan,한국부동산원_주택공급정보_입주예정물량정보,15111714:28,1c8c3d725246f926,고양더샵포레나,경기도 고양시 덕양구 주교동 559-1,경기,고양시 덕양구,,,2027-04,,,2601,2601,,,,,분양,,,,,https://www.data.go.kr/data/15111714/fileData.do,공공데이터포털 파일데이터. 출처표시 필요. 입주예정월은 원천 기준 예정값.,2026-05-12 17:21:55,15111714.csv,csv,public_allowed,ok,
reb_movein_plan,한국부동산원_주택공급정보_입주예정물량정보,15111714:29,99e96c9c5ec2af30,행신한신더휴,경기도 고양시 덕양구 행신동 173-1,경기,고양시 덕양구,,,2027-05,,,272,272,,,,,분양,,,,,https://www.data.go.kr/data/15111714/fileData.do,공공데이터포털 파일데이터. 출처표시 필요. 입주예정월은 원천 기준 예정값.,2026-05-12 17:21:55,15111714.csv,csv,public_allowed,ok,
reb_movein_plan,한국부동산원_주택공급정보_입주예정물량정보,15111714:30,4b489b931d16ca88,휴먼빌 일산 클래스원,경기도 고양시 일산동구 식사동 1110-0,경기,고양시 일산동구,,,2027-04,,,529,529,,,,,분양,,,,,https://www.data.go.kr/data/15111714/fileData.do,공공데이터포털 파일데이터. 출처표시 필요. 입주예정월은 원천 기준 예정값.,2026-05-12 17:21:55,15111714.csv,csv,public_allowed,ok,
reb_movein_plan,한국부동산원_주택공급정보_입주예정물량정보,15111714:31,151ed4f00778e076,신혼희망타운(행복주택),경기도 고양시 일산동구 장항동 0-0,경기,고양시 일산동구,,,2026-04,,,279,279,,,,,임대,,,,,https://www.data.go.kr/data/15111714/fileData.do,공공데이터포털 파일데이터. 출처표시 필요. 입주예정월은 원천 기준 예정값.,2026-05-12 17:21:55,15111714.csv,csv,public_allowed,ok,
reb_movein_plan,한국부동산원_주택공급정보_입주예정물량정보,15111714:32,5e11fdc72b80ff8d,고양 장항 아테라(장항지구 B-3),경기도 고양시 일산동구 장항동 529-26,경기,고양시 일산동구,,,2027-05,,,760,760,,,,,분양,,,,,https://www.data.go.kr/data/15111714/fileData.do,공공데이터포털 파일데이터. 출처표시 필요. 입주예정월은 원천 기준 예정값.,2026-05-12 17:21:55,15111714.csv,csv,public_allowed,ok,
reb_movein_plan,한국부동산원_주택공급정보_입주예정물량정보,15111714:33,1188b8198c4ddfb5,고양장항 제일풍경채,경기도 고양시 일산동구 장항동 658-65,경기,고양시 일산동구,,,2026-12,,,1184,1184,,,,,분양,,,,,https://www.data.go.kr/data/15111714/fileData.do,공공데이터포털 파일데이터. 출처표시 필요. 입주예정월은 원천 기준 예정값.,2026-05-12 17:21:55,15111714.csv,csv,public_allowed,ok,
reb_movein_plan,한국부동산원_주택공급정보_입주예정물량정보,15111714:34,f725ebfa3f37ab60,e편한세상 일산 메이포레 1단지,경기도 고양시 일산동구 풍동 822-0,경기,고양시 일산동구,,,2027-03,,,321,321,,,,,분양,,,,,https://www.data.go.kr/data/15111714/fileData.do,공공데이터포털 파일데이터. 출처표시 필요. 입주예정월은 원천 기준 예정값.,2026-05-12 17:21:55,15111714.csv,csv,public_allowed,ok,
reb_movein_plan,한국부동산원_주택공급정보_입주예정물량정보,15111714:35,a1bea68967a970e5,e편한세상 일산 메이포레 3단지,경기도 고양시 일산동구 풍동 852-0,경기,고양시 일산동구,,,2027-03,,,457,457,,,,,분양,,,,,https://www.data.go.kr/data/15111714/fileData.do,공공데이터포털 파일데이터. 출처표시 필요. 입주예정월은 원천 기준 예정값.,2026-05-12 17:21:55,15111714.csv,csv,public_allowed,ok,
reb_movein_plan,한국부동산원_주택공급정보_입주예정물량정보,15111714:36,57b35ad185698c89,고양장항A2(신혼희망타운),경기도 고양시 장항동 663-106,경기,고양시,,,2026-04,,,371,371,,,,,분양,,,,,https://www.data.go.kr/data/15111714/fileData.do,공공데이터포털 파일데이터. 출처표시 필요. 입주예정월은 원천 기준 예정값.,2026-05-12 17:21:55,15111714.csv,csv,public_allowed,ok,
reb_movein_plan,한국부동산원_주택공급정보_입주예정물량정보,15111714:37,8560eb2dd8e61f86,일산1-2,경기도 고양시 일산서구 일산동 960-16,경기,고양시 일산서구,,,2026-12,,,308,308,,,,,분양,,,,,https://www.data.go.kr/data/15111714/fileData.do,공공데이터포털 파일데이터. 출처표시 필요. 입주예정월은 원천 기준 예정값.,2026-05-12 17:21:55,15111714.csv,csv,public_allowed,ok,
reb_movein_plan,한국부동산원_주택공급정보_입주예정물량정보,15111714:38,3670ad672055a496,과천지식정보타운 S-11BL 행복주택(리츠),경기도 과천시 갈현동 0-0,경기,과천시,,,2026-05,,,846,846,,,,,임대,,,,,https://www.data.go.kr/data/15111714/fileData.do,공공데이터포털 파일데이터. 출처표시 필요. 입주예정월은 원천 기준 예정값.,2026-05-12 17:21:55,15111714.csv,csv,public_allowed,ok,
reb_movein_plan,한국부동산원_주택공급정보_입주예정물량정보,15111714:39,0154e1d450b945fb,과천 디에트르 퍼스티지(S2BL),경기도 과천시 갈현동 822,경기,과천시,,,2027-05,,,740,740,,,,,분양,,,,,https://www.data.go.kr/data/15111714/fileData.do,공공데이터포털 파일데이터. 출처표시 필요. 입주예정월은 원천 기준 예정값.,2026-05-12 17:21:55,15111714.csv,csv,public_allowed,ok,
reb_movein_plan,한국부동산원_주택공급정보_입주예정물량정보,15111714:40,68e90fcd3a417679,프레스티어자이,경기도 과천시 별양동 7-0,경기,과천시,,,2027-10,,,1445,1445,,,,,분양,,,,,https://www.data.go.kr/data/15111714/fileData.do,공공데이터포털 파일데이터. 출처표시 필요. 입주예정월은 원천 기준 예정값.,2026-05-12 17:21:55,15111714.csv,csv,public_allowed,ok,
reb_movein_plan,한국부동산원_주택공급정보_입주예정물량정보,15111714:41,96c060132ee43865,광명 롯데캐슬 시그니처,경기도 광명시 광명동 275-3,경기,광명시,,,2027-10,,,1509,1509,,,,,분양,,,,,https://www.data.go.kr/data/15111714/fileData.do,공공데이터포털 파일데이터. 출처표시 필요. 입주예정월은 원천 기준 예정값.,2026-05-12 17:21:55,15111714.csv,csv,public_allowed,ok,
reb_movein_plan,한국부동산원_주택공급정보_입주예정물량정보,15111714:42,ec1db8ae239f28af,광명자이힐스테이트SKVIEW,경기도 광명시 광명동 78-38,경기,광명시,,,2027-07,,,2878,2878,,,,,분양,,,,,https://www.data.go.kr/data/15111714/fileData.do,공공데이터포털 파일데이터. 출처표시 필요. 입주예정월은 원천 기준 예정값.,2026-05-12 17:21:55,15111714.csv,csv,public_allowed,ok,
reb_movein_plan,한국부동산원_주택공급정보_입주예정물량정보,15111714:43,19dc9b8c7956cccb,광명 유승한내들 라포레,경기도 광명시 소하동 0-0,경기,광명시,,,2027-11,,,444,444,,,,,분양,,,,,https://www.data.go.kr/data/15111714/fileData.do,공공데이터포털 파일데이터. 출처표시 필요. 입주예정월은 원천 기준 예정값.,2026-05-12 17:21:55,15111714.csv,csv,public_allowed,ok,
reb_movein_plan,한국부동산원_주택공급정보_입주예정물량정보,15111714:44,cb0f6c4affddea3f,광명 소하 신원아침도시1*,경기도 광명시 소하동 893-3,경기,광명시,,,2026-02,,,169,169,,,,,분양,,,,,https://www.data.go.kr/data/15111714/fileData.do,공공데이터포털 파일데이터. 출처표시 필요. 입주예정월은 원천 기준 예정값.,2026-05-12 17:21:55,15111714.csv,csv,public_allowed,ok,
reb_movein_plan,한국부동산원_주택공급정보_입주예정물량정보,15111714:45,b54e140f4cd21bed,광명소하 행복주택(일자리연계형 지원주택),경기도 광명시 소하동 1342-5,경기,광명시,,,2026-11,,,152,152,,,,,임대,,,,,https://www.data.go.kr/data/15111714/fileData.do,공공데이터포털 파일데이터. 출처표시 필요. 입주예정월은 원천 기준 예정값.,2026-05-12 17:21:55,15111714.csv,csv,public_allowed,ok,
reb_movein_plan,한국부동산원_주택공급정보_입주예정물량정보,15111714:46,67e4e1ba8ab9ba3c,곤지암역 제일풍경채,경기도 광주시 곤지암읍 곤지암리 636-0,경기,광주시,,,2027-08,,,565,565,,,,,분양,,,,,https://www.data.go.kr/data/15111714/fileData.do,공공데이터포털 파일데이터. 출처표시 필요. 입주예정월은 원천 기준 예정값.,2026-05-12 17:21:55,15111714.csv,csv,public_allowed,ok,
reb_movein_plan,한국부동산원_주택공급정보_입주예정물량정보,15111714:47,cee305ee5cbe8d3b,곤지암역 센트럴 아이파크,경기도 광주시 곤지암읍 곤지암리 637-0,경기,광주시,,,2027-05,,,347,347,,,,,분양,,,,,https://www.data.go.kr/data/15111714/fileData.do,공공데이터포털 파일데이터. 출처표시 필요. 입주예정월은 원천 기준 예정값.,2026-05-12 17:21:55,15111714.csv,csv,public_allowed,ok,
reb_movein_plan,한국부동산원_주택공급정보_입주예정물량정보,15111714:48,c2c92bedc2f91201,힐스테이트 광주곤지암역,경기도 광주시 곤지암읍 신대리 16-1,경기,광주시,,,2027-05,,,635,635,,,,,분양,,,,,https://www.data.go.kr/data/15111714/fileData.do,공공데이터포털 파일데이터. 출처표시 필요. 입주예정월은 원천 기준 예정값.,2026-05-12 17:21:55,15111714.csv,csv,public_allowed,ok,
reb_movein_plan,한국부동산원_주택공급정보_입주예정물량정보,15111714:49,a87cded8fe1cb902,광주 송정 중흥S-클래스 파크뷰,경기도 광주시 송정동 산 28-4,경기,광주시,,,2026-06,,,840,840,,,,,분양,,,,,https://www.data.go.kr/data/15111714/fileData.do,공공데이터포털 파일데이터. 출처표시 필요. 입주예정월은 원천 기준 예정값.,2026-05-12 17:21:55,15111714.csv,csv,public_allowed,ok,
reb_movein_plan,한국부동산원_주택공급정보_입주예정물량정보,15111714:50,de46f88dfefabe77,광주역세권청년혁신타운,경기도 광주시 역동 417-2,경기,광주시,,,2026-08,,,316,316,,,,,임대,,,,,https://www.data.go.kr/data/15111714/fileData.do,공공데이터포털 파일데이터. 출처표시 필요. 입주예정월은 원천 기준 예정값.,2026-05-12 17:21:55,15111714.csv,csv,public_allowed,ok,
reb_movein_plan,한국부동산원_주택공급정보_입주예정물량정보,15111714:51,8a212569a9a94c30,광주 더파크 비스타 데시앙,경기도 광주시 역동 산 1-39,경기,광주시,,,2026-04,,,1690,1690,,,,,분양,,,,,https://www.data.go.kr/data/15111714/fileData.do,공공데이터포털 파일데이터. 출처표시 필요. 입주예정월은 원천 기준 예정값.,2026-05-12 17:21:55,15111714.csv,csv,public_allowed,ok,
reb_movein_plan,한국부동산원_주택공급정보_입주예정물량정보,15111714:52,950325c63f9364bc,광주태전 경남아너스빌 리미티드,경기도 광주시 장지동 695-14,경기,광주시,,,2027-08,,,404,404,,,,,분양,,,,,https://www.data.go.kr/data/15111714/fileData.do,공공데이터포털 파일데이터. 출처표시 필요. 입주예정월은 원천 기준 예정값.,2026-05-12 17:21:55,15111714.csv,csv,public_allowed,ok,
reb_movein_plan,한국부동산원_주택공급정보_입주예정물량정보,15111714:53,b40c03bea0cfd056,구리 한양립스,경기도 구리시 수택동 266-2,경기,구리시,,,2027-11,,,268,268,,,,,분양,,,,,https://www.data.go.kr/data/15111714/fileData.do,공공데이터포털 파일데이터. 출처표시 필요. 입주예정월은 원천 기준 예정값.,2026-05-12 17:21:55,15111714.csv,csv,public_allowed,ok,
reb_movein_plan,한국부동산원_주택공급정보_입주예정물량정보,15111714:54,dea9010c32da9b49,구리역 롯데캐슬 시그니처,경기도 구리시 인창동 280-3,경기,구리시,,,2026-03,,,1180,1180,,,,,분양,,,,,https://www.data.go.kr/data/15111714/fileData.do,공공데이터포털 파일데이터. 출처표시 필요. 입주예정월은 원천 기준 예정값.,2026-05-12 17:21:55,15111714.csv,csv,public_allowed,ok,
reb_movein_plan,한국부동산원_주택공급정보_입주예정물량정보,15111714:55,740458b1619ae332,인창센트레빌인더포레,경기도 구리시 인창동 515-1,경기,구리시,,,2027-04,,,244,244,,,,,분양,,,,,https://www.data.go.kr/data/15111714/fileData.do,공공데이터포털 파일데이터. 출처표시 필요. 입주예정월은 원천 기준 예정값.,2026-05-12 17:21:55,15111714.csv,csv,public_allowed,ok,
reb_movein_plan,한국부동산원_주택공급정보_입주예정물량정보,15111714:56,345d137cedae8049,군포대야미 대방 디에트르 시그니처 B3BL,경기도 군포시 둔대동 57-0,경기,군포시,,,2027-12,,,640,640,,,,,분양,,,,,https://www.data.go.kr/data/15111714/fileData.do,공공데이터포털 파일데이터. 출처표시 필요. 입주예정월은 원천 기준 예정값.,2026-05-12 17:21:55,15111714.csv,csv,public_allowed,ok,
reb_movein_plan,한국부동산원_주택공급정보_입주예정물량정보,15111714:57,28cdb8875cfc727a,김포 북변 우미 린 파크리브,경기도 김포시 북변동 329-2,경기,김포시,,,2027-12,,,1200,1200,,,,,분양,,,,,https://www.data.go.kr/data/15111714/fileData.do,공공데이터포털 파일데이터. 출처표시 필요. 입주예정월은 원천 기준 예정값.,2026-05-12 17:21:55,15111714.csv,csv,public_allowed,ok,
reb_movein_plan,한국부동산원_주택공급정보_입주예정물량정보,15111714:58,da7fb5cf4a5eee29,다산지금A3(공공임대),경기도 남양주시 다산동 6111,경기,남양주시,,,2027-04,,,518,518,,,,,분양,,,,,https://www.data.go.kr/data/15111714/fileData.do,공공데이터포털 파일데이터. 출처표시 필요. 입주예정월은 원천 기준 예정값.,2026-05-12 17:21:55,15111714.csv,csv,public_allowed,ok,
reb_movein_plan,한국부동산원_주택공급정보_입주예정물량정보,15111714:59,b9da2b54fd202211,퇴계원경남아너스빌아파트,경기도 남양주시 퇴계원읍 퇴계원리 142-27,경기,남양주시,,,2027-05,,,227,227,,,,,분양,,,,,https://www.data.go.kr/data/15111714/fileData.do,공공데이터포털 파일데이터. 출처표시 필요. 입주예정월은 원천 기준 예정값.,2026-05-12 17:21:55,15111714.csv,csv,public_allowed,ok,
reb_movein_plan,한국부동산원_주택공급정보_입주예정물량정보,15111714:60,9c5411827d8a159a,더샵 분당센트로,경기도 성남시 분당구 구미동 220-0,경기,성남시 분당구,,,2027-04,,,647,647,,,,,분양,,,,,https://www.data.go.kr/data/15111714/fileData.do,공공데이터포털 파일데이터. 출처표시 필요. 입주예정월은 원천 기준 예정값.,2026-05-12 17:21:55,15111714.csv,csv,public_allowed,ok,
reb_movein_plan,한국부동산원_주택공급정보_입주예정물량정보,15111714:61,f3545ef3ebd9898f,더샵 분당티에르원,경기도 성남시 분당구 정자동 88-0,경기,성남시 분당구,,,2027-11,,,873,873,,,,,분양,,,,,https://www.data.go.kr/data/15111714/fileData.do,공공데이터포털 파일데이터. 출처표시 필요. 입주예정월은 원천 기준 예정값.,2026-05-12 17:21:55,15111714.csv,csv,public_allowed,ok,
reb_movein_plan,한국부동산원_주택공급정보_입주예정물량정보,15111714:62,28a06c974771547c,성남금토 A-2블록 영구임대주택,경기도 성남시 수정구 금토동 0-0,경기,성남시 수정구,,,2027-01,,,195,195,,,,,임대,,,,,https://www.data.go.kr/data/15111714/fileData.do,공공데이터포털 파일데이터. 출처표시 필요. 입주예정월은 원천 기준 예정값.,2026-05-12 17:21:55,15111714.csv,csv,public_allowed,ok,
reb_movein_plan,한국부동산원_주택공급정보_입주예정물량정보,15111714:63,a2a7e608931fa9a6,판교테크노밸리 중흥S-클래스,경기도 성남시 수정구 금토동 0-0,경기,성남시 수정구,,,2027-02,,,317,317,,,,,분양,,,,,https://www.data.go.kr/data/15111714/fileData.do,공공데이터포털 파일데이터. 출처표시 필요. 입주예정월은 원천 기준 예정값.,2026-05-12 17:21:55,15111714.csv,csv,public_allowed,ok,
reb_movein_plan,한국부동산원_주택공급정보_입주예정물량정보,15111714:64,b80f4803d43c0092,성남금토 A-4블록 신혼희망타운(공공분양),경기도 성남시 수정구 금토동 0-0,경기,성남시 수정구,,,2027-11,,,766,766,,,,,분양,,,,,https://www.data.go.kr/data/15111714/fileData.do,공공데이터포털 파일데이터. 출처표시 필요. 입주예정월은 원천 기준 예정값.,2026-05-12 17:21:55,15111714.csv,csv,public_allowed,ok,
reb_movein_plan,한국부동산원_주택공급정보_입주예정물량정보,15111714:65,d338a92e3ae693c4,엘리프 남위례역 에듀포레,경기도 성남시 수정구 복정동 0-0,경기,성남시 수정구,,,2027-09,,,510,510,,,,,분양,,,,,https://www.data.go.kr/data/15111714/fileData.do,공공데이터포털 파일데이터. 출처표시 필요. 입주예정월은 원천 기준 예정값.,2026-05-12 17:21:55,15111714.csv,csv,public_allowed,ok,
reb_movein_plan,한국부동산원_주택공급정보_입주예정물량정보,15111714:66,7741bdfcaac0d769,산성역 헤리스톤,경기도 성남시 수정구 산성동 1336-0,경기,성남시 수정구,,,2027-12,,,3487,3487,,,,,분양,,,,,https://www.data.go.kr/data/15111714/fileData.do,공공데이터포털 파일데이터. 출처표시 필요. 입주예정월은 원천 기준 예정값.,2026-05-12 17:21:55,15111714.csv,csv,public_allowed,ok,
reb_movein_plan,한국부동산원_주택공급정보_입주예정물량정보,15111714:67,ba3c4a762807531e,성남신촌 A1블록 통합공공임대주택,경기도 성남시 수정구 신촌동 0-0,경기,성남시 수정구,,,2026-10,,,227,227,,,,,임대,,,,,https://www.data.go.kr/data/15111714/fileData.do,공공데이터포털 파일데이터. 출처표시 필요. 입주예정월은 원천 기준 예정값.,2026-05-12 17:21:55,15111714.csv,csv,public_allowed,ok,
reb_movein_plan,한국부동산원_주택공급정보_입주예정물량정보,15111714:68,0e883d6545e0b085,엘리프 성남신촌,경기도 성남시 수정구 신촌동 0-0,경기,성남시 수정구,,,2026-05,,,320,320,,,,,분양,,,,,https://www.data.go.kr/data/15111714/fileData.do,공공데이터포털 파일데이터. 출처표시 필요. 입주예정월은 원천 기준 예정값.,2026-05-12 17:21:55,15111714.csv,csv,public_allowed,ok,
reb_movein_plan,한국부동산원_주택공급정보_입주예정물량정보,15111714:69,cec4d7ff177b2277,위례 A2-7블록 신혼희망타운 행복주택,경기도 성남시 수정구 창곡동 0-0,경기,성남시 수정구,,,2026-12,,,219,219,,,,,임대,,,,,https://www.data.go.kr/data/15111714/fileData.do,공공데이터포털 파일데이터. 출처표시 필요. 입주예정월은 원천 기준 예정값.,2026-05-12 17:21:55,15111714.csv,csv,public_allowed,ok,
reb_movein_plan,한국부동산원_주택공급정보_입주예정물량정보,15111714:70,c306c0faa2512b0f,위례지구 A2-7블록 신혼희망타운,경기도 성남시 수정구 창곡동 0-0,경기,성남시 수정구,,,2026-12,,,440,440,,,,,분양,,,,,https://www.data.go.kr/data/15111714/fileData.do,공공데이터포털 파일데이터. 출처표시 필요. 입주예정월은 원천 기준 예정값.,2026-05-12 17:21:55,15111714.csv,csv,public_allowed,ok,
reb_movein_plan,한국부동산원_주택공급정보_입주예정물량정보,15111714:71,ccf767ed113bed0d,해링턴 스퀘어 신흥역,경기도 성남시 중원구 중앙동 912-0,경기,성남시 중원구,,,2027-12,,,1972,1972,,,,,분양,,,,,https://www.data.go.kr/data/15111714/fileData.do,공공데이터포털 파일데이터. 출처표시 필요. 입주예정월은 원천 기준 예정값.,2026-05-12 17:21:55,15111714.csv,csv,public_allowed,ok,
reb_movein_plan,한국부동산원_주택공급정보_입주예정물량정보,15111714:72,1b4afc4be67670d5,신혼희망타운 행복주택,경기도 수원시 권선구 당수동 0-0,경기,수원시 권선구,,,2027-06,,,242,242,,,,,임대,,,,,https://www.data.go.kr/data/15111714/fileData.do,공공데이터포털 파일데이터. 출처표시 필요. 입주예정월은 원천 기준 예정값.,2026-05-12 17:21:55,15111714.csv,csv,public_allowed,ok,
reb_movein_plan,한국부동산원_주택공급정보_입주예정물량정보,15111714:73,9b9fd16dfeb38d11,신혼희망타운(공공분양),경기도 수원시 권선구 당수동 0-0,경기,수원시 권선구,,,2027-06,,,484,484,,,,,분양,,,,,https://www.data.go.kr/data/15111714/fileData.do,공공데이터포털 파일데이터. 출처표시 필요. 입주예정월은 원천 기준 예정값.,2026-05-12 17:21:55,15111714.csv,csv,public_allowed,ok,
reb_movein_plan,한국부동산원_주택공급정보_입주예정물량정보,15111714:74,fb7d5a4dfa539944,매교역 팰루시드,경기도 수원시 권선구 세류동 817-72,경기,수원시 권선구,,,2026-08,,,2178,2178,,,,,조합,,,,,https://www.data.go.kr/data/15111714/fileData.do,공공데이터포털 파일데이터. 출처표시 필요. 입주예정월은 원천 기준 예정값.,2026-05-12 17:21:55,15111714.csv,csv,public_allowed,ok,
reb_movein_plan,한국부동산원_주택공급정보_입주예정물량정보,15111714:75,5953fb1ccc95f730,오목천역 더리브,경기도 수원시 권선구 오목천동 319-1,경기,수원시 권선구,,,2026-02,,,201,201,,,,,분양,,,,,https://www.data.go.kr/data/15111714/fileData.do,공공데이터포털 파일데이터. 출처표시 필요. 입주예정월은 원천 기준 예정값.,2026-05-12 17:21:55,15111714.csv,csv,public_allowed,ok,
reb_movein_plan,한국부동산원_주택공급정보_입주예정물량정보,15111714:76,0fa82124800f4366,영통자이 센트럴파크,경기도 수원시 영통구 영통동 961-11,경기,수원시 영통구,,,2027-03,,,580,580,,,,,분양,,,,,https://www.data.go.kr/data/15111714/fileData.do,공공데이터포털 파일데이터. 출처표시 필요. 입주예정월은 원천 기준 예정값.,2026-05-12 17:21:55,15111714.csv,csv,public_allowed,ok,
reb_movein_plan,한국부동산원_주택공급정보_입주예정물량정보,15111714:77,bd8214affd1ff8c7,서광교 한라비발디 레이크포레,경기도 수원시 장안구 연무동 58-1,경기,수원시 장안구,,,2027-02,,,285,285,,,,,분양,,,,,https://www.data.go.kr/data/15111714/fileData.do,공공데이터포털 파일데이터. 출처표시 필요. 입주예정월은 원천 기준 예정값.,2026-05-12 17:21:55,15111714.csv,csv,public_allowed,ok,
reb_movein_plan,한국부동산원_주택공급정보_입주예정물량정보,15111714:78,1599ba4fedf84d97,북수원이목지구 대방 디에트르 더 리체Ⅰ(A4BL),경기도 수원시 장안구 이목동 511-1 일원,경기,수원시 장안구,,,2027-09,,,768,768,,,,,분양,,,,,https://www.data.go.kr/data/15111714/fileData.do,공공데이터포털 파일데이터. 출처표시 필요. 입주예정월은 원천 기준 예정값.,2026-05-12 17:21:55,15111714.csv,csv,public_allowed,ok,
reb_movein_plan,한국부동산원_주택공급정보_입주예정물량정보,15111714:79,f828690bb5ab3d21,정자동주상복합,경기도 수원시 장안구 정자동 435-1 외 1,경기,수원시 장안구,,,2026-02,,,92,92,,,,,임대,,,,,https://www.data.go.kr/data/15111714/fileData.do,공공데이터포털 파일데이터. 출처표시 필요. 입주예정월은 원천 기준 예정값.,2026-05-12 17:21:55,15111714.csv,csv,public_allowed,ok,
reb_movein_plan,한국부동산원_주택공급정보_입주예정물량정보,15111714:80,c08e8cb3c3e39b50,효성해링턴 플레이스 동수원,경기도 수원시 팔달구 우만동 436-0,경기,수원시 팔달구,,,2027-10,,,162,162,,,,,분양,,,,,https://www.data.go.kr/data/15111714/fileData.do,공공데이터포털 파일데이터. 출처표시 필요. 입주예정월은 원천 기준 예정값.,2026-05-12 17:21:55,15111714.csv,csv,public_allowed,ok,
reb_movein_plan,한국부동산원_주택공급정보_입주예정물량정보,15111714:81,579c435111304047,수원 PEER,경기도 수원시 팔달구 인계동 754-1,경기,수원시 팔달구,,,2026-12,,,216,216,,,,,임대,,,,,https://www.data.go.kr/data/15111714/fileData.do,공공데이터포털 파일데이터. 출처표시 필요. 입주예정월은 원천 기준 예정값.,2026-05-12 17:21:55,15111714.csv,csv,public_allowed,ok,
reb_movein_plan,한국부동산원_주택공급정보_입주예정물량정보,15111714:82,7a0f69e6ea4928e2,대야3(시흥영남2차아파트),경기도 시흥시 대야동 284,경기,시흥시,,,2026-06,,,1026,1026,,,,,조합,,,,,https://www.data.go.kr/data/15111714/fileData.do,공공데이터포털 파일데이터. 출처표시 필요. 입주예정월은 원천 기준 예정값.,2026-05-12 17:21:55,15111714.csv,csv,public_allowed,ok,
reb_movein_plan,한국부동산원_주택공급정보_입주예정물량정보,15111714:83,1399c5450716ccca,시흥 롯데캐슬 시그니처(1블럭),경기도 시흥시 은행동 248-30,경기,시흥시,,,2027-07,,,1230,1230,,,,,분양,,,,,https://www.data.go.kr/data/15111714/fileData.do,공공데이터포털 파일데이터. 출처표시 필요. 입주예정월은 원천 기준 예정값.,2026-05-12 17:21:55,15111714.csv,csv,public_allowed,ok,
reb_movein_plan,한국부동산원_주택공급정보_입주예정물량정보,15111714:84,841fdb018e0a1468,시흥 롯데캐슬 시그니처(2블럭),경기도 시흥시 은행동 288-1,경기,시흥시,,,2027-07,,,903,903,,,,,분양,,,,,https://www.data.go.kr/data/15111714/fileData.do,공공데이터포털 파일데이터. 출처표시 필요. 입주예정월은 원천 기준 예정값.,2026-05-12 17:21:55,15111714.csv,csv,public_allowed,ok,
reb_movein_plan,한국부동산원_주택공급정보_입주예정물량정보,15111714:85,bc5a05061831df2a,신극동아파트 가로주택,경기도 시흥시 은행동 289-31,경기,시흥시,,,2026-10,,,218,218,,,,,분양,,,,,https://www.data.go.kr/data/15111714/fileData.do,공공데이터포털 파일데이터. 출처표시 필요. 입주예정월은 원천 기준 예정값.,2026-05-12 17:21:55,15111714.csv,csv,public_allowed,ok,
reb_movein_plan,한국부동산원_주택공급정보_입주예정물량정보,15111714:86,83300bcf553d079b,시흥정왕 1블록 행복주택,경기도 시흥시 정왕동 1799-2,경기,시흥시,,,2026-03,,,470,470,,,,,임대,,,,,https://www.data.go.kr/data/15111714/fileData.do,공공데이터포털 파일데이터. 출처표시 필요. 입주예정월은 원천 기준 예정값.,2026-05-12 17:21:55,15111714.csv,csv,public_allowed,ok,
reb_movein_plan,한국부동산원_주택공급정보_입주예정물량정보,15111714:87,0ec59336d0e79bab,시화MTV 푸르지오 디오션,경기도 시흥시 정왕동 2715-0,경기,시흥시,,,2026-05,,,400,400,,,,,분양,,,,,https://www.data.go.kr/data/15111714/fileData.do,공공데이터포털 파일데이터. 출처표시 필요. 입주예정월은 원천 기준 예정값.,2026-05-12 17:21:55,15111714.csv,csv,public_allowed,ok,
reb_movein_plan,한국부동산원_주택공급정보_입주예정물량정보,15111714:88,947ec6c2f0c0da97,힐스테이트 더웨이브시티,경기도 시흥시 정왕동 2716-0,경기,시흥시,,,2027-06,,,851,851,,,,,분양,,,,,https://www.data.go.kr/data/15111714/fileData.do,공공데이터포털 파일데이터. 출처표시 필요. 입주예정월은 원천 기준 예정값.,2026-05-12 17:21:55,15111714.csv,csv,public_allowed,ok,
reb_movein_plan,한국부동산원_주택공급정보_입주예정물량정보,15111714:89,c25fb3366cdc449c,e편한세상 일산 메이포레 2단지,경기도 고양시 일산동구 풍동 870,경기,고양시 일산동구,,,2027-03,,,564,564,,,,,분양,,,,,https://www.data.go.kr/data/15111714/fileData.do,공공데이터포털 파일데이터. 출처표시 필요. 입주예정월은 원천 기준 예정값.,2026-05-12 17:21:55,15111714.csv,csv,public_allowed,ok,
reb_movein_plan,한국부동산원_주택공급정보_입주예정물량정보,15111714:90,43c4ea397fa304e3,광명 소하 신원아침도시2,경기도 광명시 소하동 883-18,경기,광명시,,,2026-01,,,203,203,,,,,분양,,,,,https://www.data.go.kr/data/15111714/fileData.do,공공데이터포털 파일데이터. 출처표시 필요. 입주예정월은 원천 기준 예정값.,2026-05-12 17:21:55,15111714.csv,csv,public_allowed,ok,
reb_movein_plan,한국부동산원_주택공급정보_입주예정물량정보,15111714:91,252273f8ace859ef,철산자이 브리에르,경기도 광명시 철산동 105-0,경기,광명시,,,2026-01,,,1490,1490,,,,,분양,,,,,https://www.data.go.kr/data/15111714/fileData.do,공공데이터포털 파일데이터. 출처표시 필요. 입주예정월은 원천 기준 예정값.,2026-05-12 17:21:55,15111714.csv,csv,public_allowed,ok,
reb_movein_plan,한국부동산원_주택공급정보_입주예정물량정보,15111714:92,f4d8782bd17436c4,마석역 극동스타클래스 더 퍼스트,경기도 남양주시 화도읍 마석우리 251-0,경기,남양주시,,,2026-01,,,138,138,,,,,분양,,,,,https://www.data.go.kr/data/15111714/fileData.do,공공데이터포털 파일데이터. 출처표시 필요. 입주예정월은 원천 기준 예정값.,2026-05-12 17:21:55,15111714.csv,csv,public_allowed,ok,
reb_movein_plan,한국부동산원_주택공급정보_입주예정물량정보,15111714:93,d72872f74f8452a4,수원성 중흥S-클래스,경기도 수원시 팔달구 지동 349-1,경기,수원시 팔달구,,,2026-01,,,1154,1154,,,,,조합,,,,,https://www.data.go.kr/data/15111714/fileData.do,공공데이터포털 파일데이터. 출처표시 필요. 입주예정월은 원천 기준 예정값.,2026-05-12 17:21:55,15111714.csv,csv,public_allowed,ok,
reb_movein_plan,한국부동산원_주택공급정보_입주예정물량정보,15111714:94,8b933c4e98ecdef6,범안동130가로주택사업,경기도 부천시 소사구 괴안동 130-13,경기,부천시 소사구,,,2026-10,,,59,59,,,,,분양,,,,,https://www.data.go.kr/data/15111714/fileData.do,공공데이터포털 파일데이터. 출처표시 필요. 입주예정월은 원천 기준 예정값.,2026-05-12 17:21:55,15111714.csv,csv,public_allowed,ok,
reb_movein_plan,한국부동산원_주택공급정보_입주예정물량정보,15111714:95,ec997580badd7797,부천아테라자이(부천괴안지구 B-2),경기도 부천시 소사구 괴안동 0-0,경기,부천시 소사구,,,2027-01,,,200,200,,,,,분양,,,,,https://www.data.go.kr/data/15111714/fileData.do,공공데이터포털 파일데이터. 출처표시 필요. 입주예정월은 원천 기준 예정값.,2026-05-12 17:21:55,15111714.csv,csv,public_allowed,ok,
reb_movein_plan,한국부동산원_주택공급정보_입주예정물량정보,15111714:96,98ab2bd877d66449,역곡역 아테움 스위첸,경기도 부천시 소사구 괴안동 91-2,경기,부천시 소사구,,,2026-02,,,189,189,,,,,분양,,,,,https://www.data.go.kr/data/15111714/fileData.do,공공데이터포털 파일데이터. 출처표시 필요. 입주예정월은 원천 기준 예정값.,2026-05-12 17:21:55,15111714.csv,csv,public_allowed,ok,
reb_movein_plan,한국부동산원_주택공급정보_입주예정물량정보,15111714:97,27f45dbb96f67bea,소사역 롯데캐슬 더 뉴엘,경기도 부천시 소사구 소사본동 134-0,경기,부천시 소사구,,,2027-08,,,983,983,,,,,분양,,,,,https://www.data.go.kr/data/15111714/fileData.do,공공데이터포털 파일데이터. 출처표시 필요. 입주예정월은 원천 기준 예정값.,2026-05-12 17:21:55,15111714.csv,csv,public_allowed,ok,
reb_movein_plan,한국부동산원_주택공급정보_입주예정물량정보,15111714:98,91496e409ff2783f,송내역 푸르지오 센트비엔,경기도 부천시 소사구 송내동 338-0,경기,부천시 소사구,,,2026-10,,,1045,1045,,,,,분양,,,,,https://www.data.go.kr/data/15111714/fileData.do,공공데이터포털 파일데이터. 출처표시 필요. 입주예정월은 원천 기준 예정값.,2026-05-12 17:21:55,15111714.csv,csv,public_allowed,ok,
reb_movein_plan,한국부동산원_주택공급정보_입주예정물량정보,15111714:99,041558bc52480c39,원종 휴먼빌 클라츠,경기도 부천시 오정구,경기,부천시 오정구,,,2027-05,,,255,255,,,,,분양,,,,,https://www.data.go.kr/data/15111714/fileData.do,공공데이터포털 파일데이터. 출처표시 필요. 입주예정월은 원천 기준 예정값.,2026-05-12 17:21:55,15111714.csv,csv,public_allowed,ok,
reb_movein_plan,한국부동산원_주택공급정보_입주예정물량정보,15111714:100,cf71195cde32b102,부천원종 C1블록 행복주택(일자리연계형 지원주택),경기도 부천시 오정구,경기,부천시 오정구,,,2026-03,,,323,323,,,,,임대,,,,,https://www.data.go.kr/data/15111714/fileData.do,공공데이터포털 파일데이터. 출처표시 필요. 입주예정월은 원천 기준 예정값.,2026-05-12 17:21:55,15111714.csv,csv,public_allowed,ok,
reb_movein_plan,한국부동산원_주택공급정보_입주예정물량정보,15111714:101,adf7b482acd1048a,삼하동호진주가로주택정비사업,경기도 부천시 오정구 고강동 293-2,경기,부천시 오정구,,,2026-07,,,90,90,,,,,분양,,,,,https://www.data.go.kr/data/15111714/fileData.do,공공데이터포털 파일데이터. 출처표시 필요. 입주예정월은 원천 기준 예정값.,2026-05-12 17:21:55,15111714.csv,csv,public_allowed,ok,
reb_movein_plan,한국부동산원_주택공급정보_입주예정물량정보,15111714:102,d5f920e196e53e36,고강역 신원아침도시 퍼스티지,경기도 부천시 오정구 고강동 307-0,경기,부천시 오정구,,,2026-07,,,237,237,,,,,분양,,,,,https://www.data.go.kr/data/15111714/fileData.do,공공데이터포털 파일데이터. 출처표시 필요. 입주예정월은 원천 기준 예정값.,2026-05-12 17:21:55,15111714.csv,csv,public_allowed,ok,
reb_movein_plan,한국부동산원_주택공급정보_입주예정물량정보,15111714:103,7ae6e0bfdf76836d,삼우아파트성원주택수정빌라가로주택사업,경기도 부천시 오정구 고강동 310-9,경기,부천시 오정구,,,2026-08,,,108,108,,,,,분양,,,,,https://www.data.go.kr/data/15111714/fileData.do,공공데이터포털 파일데이터. 출처표시 필요. 입주예정월은 원천 기준 예정값.,2026-05-12 17:21:55,15111714.csv,csv,public_allowed,ok,
reb_movein_plan,한국부동산원_주택공급정보_입주예정물량정보,15111714:104,d0c7f88d8c3a63d5,현대주택외가로주택정비사업,경기도 부천시 오정구 고강동 338-4,경기,부천시 오정구,,,2026-06,,,99,99,,,,,분양,,,,,https://www.data.go.kr/data/15111714/fileData.do,공공데이터포털 파일데이터. 출처표시 필요. 입주예정월은 원천 기준 예정값.,2026-05-12 17:21:55,15111714.csv,csv,public_allowed,ok,
reb_movein_plan,한국부동산원_주택공급정보_입주예정물량정보,15111714:105,9d020dddab508401,성산주택가로주택정비사업,경기도 부천시 오정구 고강동 292-3,경기,부천시 오정구,,,2027-01,,,33,33,,,,,분양,,,,,https://www.data.go.kr/data/15111714/fileData.do,공공데이터포털 파일데이터. 출처표시 필요. 입주예정월은 원천 기준 예정값.,2026-05-12 17:21:55,15111714.csv,csv,public_allowed,ok,
reb_movein_plan,한국부동산원_주택공급정보_입주예정물량정보,15111714:106,ba4cfafb372f0b63,e편한세상 대장 퍼스티움(부천대장지구 A-6BL)신혼희망타운 공공분양,경기도 부천시 오정구 대장동 684-0,경기,부천시 오정구,,,2027-11,,,461,461,,,,,분양,,,,,https://www.data.go.kr/data/15111714/fileData.do,공공데이터포털 파일데이터. 출처표시 필요. 입주예정월은 원천 기준 예정값.,2026-05-12 17:21:55,15111714.csv,csv,public_allowed,ok,
reb_movein_plan,한국부동산원_주택공급정보_입주예정물량정보,15111714:107,598f390217843c5e,e편한세상 대장 퍼스티움(부천대장지구 A-5BL) 신혼희망타운 공공분양,경기도 부천시 오정구 대장동 684-0,경기,부천시 오정구,,,2027-11,,,638,638,,,,,분양,,,,,https://www.data.go.kr/data/15111714/fileData.do,공공데이터포털 파일데이터. 출처표시 필요. 입주예정월은 원천 기준 예정값.,2026-05-12 17:21:55,15111714.csv,csv,public_allowed,ok,
reb_movein_plan,한국부동산원_주택공급정보_입주예정물량정보,15111714:108,40213706d8351e42,여월 중앙하이츠 아르비채,경기도 부천시 오정구 여월동 8-6,경기,부천시 오정구,,,2026-10,,,102,102,,,,,분양,,,,,https://www.data.go.kr/data/15111714/fileData.do,공공데이터포털 파일데이터. 출처표시 필요. 입주예정월은 원천 기준 예정값.,2026-05-12 17:21:55,15111714.csv,csv,public_allowed,ok,
reb_movein_plan,한국부동산원_주택공급정보_입주예정물량정보,15111714:109,d7ef5802cf0435ef,오정 해모로 스마트시티,경기도 부천시 오정구 오정동 613-0,경기,부천시 오정구,,,2027-07,,,200,200,,,,,분양,,,,,https://www.data.go.kr/data/15111714/fileData.do,공공데이터포털 파일데이터. 출처표시 필요. 입주예정월은 원천 기준 예정값.,2026-05-12 17:21:55,15111714.csv,csv,public_allowed,ok,
reb_movein_plan,한국부동산원_주택공급정보_입주예정물량정보,15111714:110,f90e8b7dcde9bbf1,우진아파트가로주택정비사업,경기도 부천시 오정구 오정동 570-5,경기,부천시 오정구,,,2026-09,,,48,48,,,,,분양,,,,,https://www.data.go.kr/data/15111714/fileData.do,공공데이터포털 파일데이터. 출처표시 필요. 입주예정월은 원천 기준 예정값.,2026-05-12 17:21:55,15111714.csv,csv,public_allowed,ok,
reb_movein_plan,한국부동산원_주택공급정보_입주예정물량정보,15111714:111,7a064499ca3a0361,부천원종 A-1블록 행복주택,경기도 부천시 오정구 원종동 0-0,경기,부천시 오정구,,,2026-03,,,422,422,,,,,임대,,,,,https://www.data.go.kr/data/15111714/fileData.do,공공데이터포털 파일데이터. 출처표시 필요. 입주예정월은 원천 기준 예정값.,2026-05-12 17:21:55,15111714.csv,csv,public_allowed,ok,
reb_movein_plan,한국부동산원_주택공급정보_입주예정물량정보,15111714:112,497a06341c884502,부천원종 A2블록 행복주택,경기도 부천시 오정구 원종동 0-0,경기,부천시 오정구,,,2026-05,,,472,472,,,,,임대,,,,,https://www.data.go.kr/data/15111714/fileData.do,공공데이터포털 파일데이터. 출처표시 필요. 입주예정월은 원천 기준 예정값.,2026-05-12 17:21:55,15111714.csv,csv,public_allowed,ok,
reb_movein_plan,한국부동산원_주택공급정보_입주예정물량정보,15111714:113,b2c574d21fce8492,로얄빌라외가로주택정비사업,경기도 부천시 오정구 고강동 334-7,경기,부천시 오정구,,,2026-10,,,72,72,,,,,분양,,,,,https://www.data.go.kr/data/15111714/fileData.do,공공데이터포털 파일데이터. 출처표시 필요. 입주예정월은 원천 기준 예정값.,2026-05-12 17:21:55,15111714.csv,csv,public_allowed,ok,
reb_movein_plan,한국부동산원_주택공급정보_입주예정물량정보,15111714:114,56eeb7330db6c5c6,부촌3차아파트외가로주택정비사업,경기도 부천시 오정구 오정동 140-5,경기,부천시 오정구,,,2026-10,,,231,231,,,,,분양,,,,,https://www.data.go.kr/data/15111714/fileData.do,공공데이터포털 파일데이터. 출처표시 필요. 입주예정월은 원천 기준 예정값.,2026-05-12 17:21:55,15111714.csv,csv,public_allowed,ok,
reb_movein_plan,한국부동산원_주택공급정보_입주예정물량정보,15111714:115,65b251b203ee2f5f,은성빌라가로주택정비사업,경기도 부천시 오정구 원종동 136-4,경기,부천시 오정구,,,2026-10,,,82,82,,,,,분양,,,,,https://www.data.go.kr/data/15111714/fileData.do,공공데이터포털 파일데이터. 출처표시 필요. 입주예정월은 원천 기준 예정값.,2026-05-12 17:21:55,15111714.csv,csv,public_allowed,ok,
reb_movein_plan,한국부동산원_주택공급정보_입주예정물량정보,15111714:116,c2abc2199ada3e21,영동주택가로주택정비사업,경기도 부천시 오정구 원종동 288,경기,부천시 오정구,,,2026-10,,,164,164,,,,,분양,,,,,https://www.data.go.kr/data/15111714/fileData.do,공공데이터포털 파일데이터. 출처표시 필요. 입주예정월은 원천 기준 예정값.,2026-05-12 17:21:55,15111714.csv,csv,public_allowed,ok,
reb_movein_plan,한국부동산원_주택공급정보_입주예정물량정보,15111714:117,f349ba7f55af2f1b,대성연립가로주택정비사업,경기도 부천시 오정구 원종동 335,경기,부천시 오정구,,,2026-01,,,62,62,,,,,분양,,,,,https://www.data.go.kr/data/15111714/fileData.do,공공데이터포털 파일데이터. 출처표시 필요. 입주예정월은 원천 기준 예정값.,2026-05-12 17:21:55,15111714.csv,csv,public_allowed,ok,
reb_movein_plan,한국부동산원_주택공급정보_입주예정물량정보,15111714:118,cebfa004ac7101e1,과천지식정보타운 S-12BL 행복주택,경기도 과천시 갈현동 0-0,경기,과천시,,,2027-12,,,1464,1464,,,,,임대,,,,,https://www.data.go.kr/data/15111714/fileData.do,공공데이터포털 파일데이터. 출처표시 필요. 입주예정월은 원천 기준 예정값.,2026-05-12 17:21:55,15111714.csv,csv,public_allowed,ok,
reb_movein_plan,한국부동산원_주택공급정보_입주예정물량정보,15111714:119,7d6e607b9d34d539,LH매입임대주택,경기도 구리시 수택동 518-7,경기,구리시,,,2027-07,,,39,39,,,,,임대,,,,,https://www.data.go.kr/data/15111714/fileData.do,공공데이터포털 파일데이터. 출처표시 필요. 입주예정월은 원천 기준 예정값.,2026-05-12 17:21:55,15111714.csv,csv,public_allowed,ok,
reb_movein_plan,한국부동산원_주택공급정보_입주예정물량정보,15111714:120,38e83a228b93729e,진양아파트소규모재건축사업,경기도 부천시 소사구 소사본동 191-3 외 1필지,경기,부천시 소사구,,,2026-12,,,104,104,,,,,분양,,,,,https://www.data.go.kr/data/15111714/fileData.do,공공데이터포털 파일데이터. 출처표시 필요. 입주예정월은 원천 기준 예정값.,2026-05-12 17:21:55,15111714.csv,csv,public_allowed,ok,
reb_movein_plan,한국부동산원_주택공급정보_입주예정물량정보,15111714:121,a3e3f509da204f87,심곡동 96-4 공동주택 신축공사,경기도 부천시 원미구 심곡동 96-4,경기,부천시 원미구,,,2026-04,,,56,56,,,,,분양,,,,,https://www.data.go.kr/data/15111714/fileData.do,공공데이터포털 파일데이터. 출처표시 필요. 입주예정월은 원천 기준 예정값.,2026-05-12 17:21:55,15111714.csv,csv,public_allowed,ok,
reb_movein_plan,한국부동산원_주택공급정보_입주예정물량정보,15111714:122,e2a15a98968dc9fd,고강동 한일빌라외 가로주택정비사업,경기도 부천시 오정구 고강동 419-2,경기,부천시 오정구,,,,,,92,92,,,,,분양,,,,,https://www.data.go.kr/data/15111714/fileData.do,공공데이터포털 파일데이터. 출처표시 필요. 입주예정월은 원천 기준 예정값.,2026-05-12 17:21:55,15111714.csv,csv,public_allowed,warn,입주예정연월/준공예정월 누락
reb_movein_plan,한국부동산원_주택공급정보_입주예정물량정보,15111714:123,d163f35042a2b414,대현청실외2 가로주택정비사업,경기도 부천시 괴안동 106-1,경기,부천시,,,2027-09,,,252,252,,,,,분양,,,,,https://www.data.go.kr/data/15111714/fileData.do,공공데이터포털 파일데이터. 출처표시 필요. 입주예정월은 원천 기준 예정값.,2026-05-12 17:21:55,15111714.csv,csv,public_allowed,ok,
reb_movein_plan,한국부동산원_주택공급정보_입주예정물량정보,15111714:124,8ffbb5740cb69a67,성남금토 A-2블록 국민임대주택,경기도 성남시 수정구 금토동 0-0,경기,성남시 수정구,,,2027-01,,,438,438,,,,,임대,,,,,https://www.data.go.kr/data/15111714/fileData.do,공공데이터포털 파일데이터. 출처표시 필요. 입주예정월은 원천 기준 예정값.,2026-05-12 17:21:55,15111714.csv,csv,public_allowed,ok,
reb_movein_plan,한국부동산원_주택공급정보_입주예정물량정보,15111714:125,b5a0299d600d3eb5,한화포레나 안산고잔2차,경기도 안산시 단원구 고잔동 648-0,경기,안산시 단원구,,,2026-09,,,472,472,,,,,분양,,,,,https://www.data.go.kr/data/15111714/fileData.do,공공데이터포털 파일데이터. 출처표시 필요. 입주예정월은 원천 기준 예정값.,2026-05-12 17:21:55,15111714.csv,csv,public_allowed,ok,
reb_movein_plan,한국부동산원_주택공급정보_입주예정물량정보,15111714:126,3f7cf8277016879a,롯데캐슬 시그니처 중앙,경기도 안산시 단원구 고잔동 674-0,경기,안산시 단원구,,,2027-11,,,1051,1051,,,,,분양,,,,,https://www.data.go.kr/data/15111714/fileData.do,공공데이터포털 파일데이터. 출처표시 필요. 입주예정월은 원천 기준 예정값.,2026-05-12 17:21:55,15111714.csv,csv,public_allowed,ok,
reb_movein_plan,한국부동산원_주택공급정보_입주예정물량정보,15111714:127,18e1def6af7691d4,해링턴 플레이스 진사(1BL),경기도 안성시 공도읍 진사리 29-13,경기,안성시,,,2026-03,,,355,355,,,,,분양,,,,,https://www.data.go.kr/data/15111714/fileData.do,공공데이터포털 파일데이터. 출처표시 필요. 입주예정월은 원천 기준 예정값.,2026-05-12 17:21:55,15111714.csv,csv,public_allowed,ok,
reb_movein_plan,한국부동산원_주택공급정보_입주예정물량정보,15111714:128,eacd80cbd893b933,해링턴 플레이스 진사(2BL),경기도 안성시 공도읍 진사리 33-0,경기,안성시,,,2026-03,,,637,637,,,,,분양,,,,,https://www.data.go.kr/data/15111714/fileData.do,공공데이터포털 파일데이터. 출처표시 필요. 입주예정월은 원천 기준 예정값.,2026-05-12 17:21:55,15111714.csv,csv,public_allowed,ok,
reb_movein_plan,한국부동산원_주택공급정보_입주예정물량정보,15111714:129,9de29e1dd9d27a16,안성당왕(B-1) 경남아너스빌 하이스트,경기도 안성시 신소현동 84-0,경기,안성시,,,2027-03,,,976,976,,,,,분양,,,,,https://www.data.go.kr/data/15111714/fileData.do,공공데이터포털 파일데이터. 출처표시 필요. 입주예정월은 원천 기준 예정값.,2026-05-12 17:21:55,15111714.csv,csv,public_allowed,ok,
reb_movein_plan,한국부동산원_주택공급정보_입주예정물량정보,15111714:130,859ea04ba2b1dd94,안성영무예다음(민간임대)2BL,경기도 안성시 신소현동 86-1,경기,안성시,,,2026-10,,,997,997,,,,,임대,,,,,https://www.data.go.kr/data/15111714/fileData.do,공공데이터포털 파일데이터. 출처표시 필요. 입주예정월은 원천 기준 예정값.,2026-05-12 17:21:55,15111714.csv,csv,public_allowed,ok,
reb_movein_plan,한국부동산원_주택공급정보_입주예정물량정보,15111714:131,e4d69caac861341c,"평촌자이 퍼스니티 (1,2단지)",경기도 안양시 동안구 비산동 354-10,경기,안양시 동안구,,,2027-12,,,2737,2737,,,,,분양,,,,,https://www.data.go.kr/data/15111714/fileData.do,공공데이터포털 파일데이터. 출처표시 필요. 입주예정월은 원천 기준 예정값.,2026-05-12 17:21:55,15111714.csv,csv,public_allowed,ok,
reb_movein_plan,한국부동산원_주택공급정보_입주예정물량정보,15111714:132,f2c6e44ef7a7fbb6,e편한세상 평촌 어반밸리,경기도 안양시 동안구 호계동 533-3,경기,안양시 동안구,,,2026-10,,,458,458,,,,,분양,,,,,https://www.data.go.kr/data/15111714/fileData.do,공공데이터포털 파일데이터. 출처표시 필요. 입주예정월은 원천 기준 예정값.,2026-05-12 17:21:55,15111714.csv,csv,public_allowed,ok,
reb_movein_plan,한국부동산원_주택공급정보_입주예정물량정보,15111714:133,d6f71333dcdce73a,안양자이 더 포레스트,경기도 안양시 만안구 석수동 348-1,경기,안양시 만안구,,,2026-05,,,483,483,,,,,분양,,,,,https://www.data.go.kr/data/15111714/fileData.do,공공데이터포털 파일데이터. 출처표시 필요. 입주예정월은 원천 기준 예정값.,2026-05-12 17:21:55,15111714.csv,csv,public_allowed,ok,
reb_movein_plan,한국부동산원_주택공급정보_입주예정물량정보,15111714:134,75ab0e885d022d08,평촌한신더휴,경기도 안양시 만안구 안양동 190-11,경기,안양시 만안구,,,2026-06,,,222,222,,,,,분양,,,,,https://www.data.go.kr/data/15111714/fileData.do,공공데이터포털 파일데이터. 출처표시 필요. 입주예정월은 원천 기준 예정값.,2026-05-12 17:21:55,15111714.csv,csv,public_allowed,ok,
reb_movein_plan,한국부동산원_주택공급정보_입주예정물량정보,15111714:135,a0fa009c9d8b0ba5,덕계역 한신더휴 포레스트,경기도 양주시 덕계동 707-1,경기,양주시,,,2027-12,,,724,724,,,,,분양,,,,,https://www.data.go.kr/data/15111714/fileData.do,공공데이터포털 파일데이터. 출처표시 필요. 입주예정월은 원천 기준 예정값.,2026-05-12 17:21:55,15111714.csv,csv,public_allowed,ok,
reb_movein_plan,한국부동산원_주택공급정보_입주예정물량정보,15111714:136,805a5f9808bdc091,양주 백석 모아엘가 그랑데,경기도 양주시 백석읍 복지리 279-1,경기,양주시,,,2027-10,,,929,929,,,,,분양,,,,,https://www.data.go.kr/data/15111714/fileData.do,공공데이터포털 파일데이터. 출처표시 필요. 입주예정월은 원천 기준 예정값.,2026-05-12 17:21:55,15111714.csv,csv,public_allowed,ok,
reb_movein_plan,한국부동산원_주택공급정보_입주예정물량정보,15111714:137,53150834bc9cae27,양주 용암 영무 예다음 더퍼스트,경기도 양주시 은현면 용암리 784-8,경기,양주시,,,2027-08,,,644,644,,,,,분양,,,,,https://www.data.go.kr/data/15111714/fileData.do,공공데이터포털 파일데이터. 출처표시 필요. 입주예정월은 원천 기준 예정값.,2026-05-12 17:21:55,15111714.csv,csv,public_allowed,ok,
reb_movein_plan,한국부동산원_주택공급정보_입주예정물량정보,15111714:138,7d75ac25597aec4b,양주회천 A25 영구임대주택,경기도 양주시 회정동 0-0,경기,양주시,,,2026-09,,,472,472,,,,,임대,,,,,https://www.data.go.kr/data/15111714/fileData.do,공공데이터포털 파일데이터. 출처표시 필요. 입주예정월은 원천 기준 예정값.,2026-05-12 17:21:55,15111714.csv,csv,public_allowed,ok,
reb_movein_plan,한국부동산원_주택공급정보_입주예정물량정보,15111714:139,014cb037d185e70d,회천중앙역 대광로제비앙,경기도 양주시 회천지구 A12BL (회정동 857 일원),경기,양주시 회천지구,,,2026-09,,,621,621,,,,,분양,,,,,https://www.data.go.kr/data/15111714/fileData.do,공공데이터포털 파일데이터. 출처표시 필요. 입주예정월은 원천 기준 예정값.,2026-05-12 17:21:55,15111714.csv,csv,public_allowed,ok,
reb_movein_plan,한국부동산원_주택공급정보_입주예정물량정보,15111714:140,268ef65d4eb2330b,회천중앙역 로제비앙 그랜드센텀,경기도 양주시 회천지구 A11BL (회정동 819 일원),경기,양주시 회천지구,,,2026-12,,,642,642,,,,,분양,,,,,https://www.data.go.kr/data/15111714/fileData.do,공공데이터포털 파일데이터. 출처표시 필요. 입주예정월은 원천 기준 예정값.,2026-05-12 17:21:55,15111714.csv,csv,public_allowed,ok,
reb_movein_plan,한국부동산원_주택공급정보_입주예정물량정보,15111714:141,6244a73c490b9ae8,양주회천 A25 국민임대주택,경기도 양주시 회정동 0-0,경기,양주시,,,2026-09,,,1002,1002,,,,,임대,,,,,https://www.data.go.kr/data/15111714/fileData.do,공공데이터포털 파일데이터. 출처표시 필요. 입주예정월은 원천 기준 예정값.,2026-05-12 17:21:55,15111714.csv,csv,public_allowed,ok,
reb_movein_plan,한국부동산원_주택공급정보_입주예정물량정보,15111714:142,6a6b7ff48f7903f8,양주덕정역한라비발디퍼스티어,경기도 양주시 회정동 194-1,경기,양주시,,,2027-06,,,427,427,,,,,분양,,,,,https://www.data.go.kr/data/15111714/fileData.do,공공데이터포털 파일데이터. 출처표시 필요. 입주예정월은 원천 기준 예정값.,2026-05-12 17:21:55,15111714.csv,csv,public_allowed,ok,
reb_movein_plan,한국부동산원_주택공급정보_입주예정물량정보,15111714:143,fe0475ff5510960f,양평 하늘채 센트로힐스,경기도 양평군 양평읍 덕평리 661-7,경기,양평군,,,2027-03,,,539,539,,,,,분양,,,,,https://www.data.go.kr/data/15111714/fileData.do,공공데이터포털 파일데이터. 출처표시 필요. 입주예정월은 원천 기준 예정값.,2026-05-12 17:21:55,15111714.csv,csv,public_allowed,ok,
reb_movein_plan,한국부동산원_주택공급정보_입주예정물량정보,15111714:144,078effa29d358147,여주역자이 헤리티지,경기도 여주시 교동 0-0,경기,여주시,,,2027-06,,,769,769,,,,,분양,,,,,https://www.data.go.kr/data/15111714/fileData.do,공공데이터포털 파일데이터. 출처표시 필요. 입주예정월은 원천 기준 예정값.,2026-05-12 17:21:55,15111714.csv,csv,public_allowed,ok,
reb_movein_plan,한국부동산원_주택공급정보_입주예정물량정보,15111714:145,8a53f674eb78270c,오산역 금강펜테리움 센트럴파크,경기도 오산시 가수동 449,경기,오산시,,,2026-10,,,730,730,,,,,분양,,,,,https://www.data.go.kr/data/15111714/fileData.do,공공데이터포털 파일데이터. 출처표시 필요. 입주예정월은 원천 기준 예정값.,2026-05-12 17:21:55,15111714.csv,csv,public_allowed,ok,
reb_movein_plan,한국부동산원_주택공급정보_입주예정물량정보,15111714:146,09fb251773c9fc5c,오산 세교 아테라(오산 세교2지구 A12),경기도 오산시 벌음동 382,경기,오산시,,,2027-11,,,433,433,,,,,분양,,,,,https://www.data.go.kr/data/15111714/fileData.do,공공데이터포털 파일데이터. 출처표시 필요. 입주예정월은 원천 기준 예정값.,2026-05-12 17:21:55,15111714.csv,csv,public_allowed,ok,
reb_movein_plan,한국부동산원_주택공급정보_입주예정물량정보,15111714:147,0a693cf6c8827347,오산세교2A5(우미린),경기도 오산시 궐동 822,경기,오산시,,,2026-11,,,1050,1050,,,,,임대,,,,,https://www.data.go.kr/data/15111714/fileData.do,공공데이터포털 파일데이터. 출처표시 필요. 입주예정월은 원천 기준 예정값.,2026-05-12 17:21:55,15111714.csv,csv,public_allowed,ok,
reb_movein_plan,한국부동산원_주택공급정보_입주예정물량정보,15111714:148,e3931c21c672d56c,오산세교 힐데스하임(A20블록),경기도 오산시 벌음동 381,경기,오산시,,,2027-02,,,715,715,,,,,분양,,,,,https://www.data.go.kr/data/15111714/fileData.do,공공데이터포털 파일데이터. 출처표시 필요. 입주예정월은 원천 기준 예정값.,2026-05-12 17:21:55,15111714.csv,csv,public_allowed,ok,
reb_movein_plan,한국부동산원_주택공급정보_입주예정물량정보,15111714:149,0dbc6596acbb2a2d,오산세교 호반써밋라프리미어,경기도 오산시 벌음동 397,경기,오산시,,,2026-06,,,1030,1030,,,,,분양,,,,,https://www.data.go.kr/data/15111714/fileData.do,공공데이터포털 파일데이터. 출처표시 필요. 입주예정월은 원천 기준 예정값.,2026-05-12 17:21:55,15111714.csv,csv,public_allowed,ok,
reb_movein_plan,한국부동산원_주택공급정보_입주예정물량정보,15111714:150,76ce33b7cb0bd0ad,오산세교파라곤(A3),경기도 오산시 세교동 궐동826,경기,오산시,,,2026-04,,,1068,1068,,,,,분양,,,,,https://www.data.go.kr/data/15111714/fileData.do,공공데이터포털 파일데이터. 출처표시 필요. 입주예정월은 원천 기준 예정값.,2026-05-12 17:21:55,15111714.csv,csv,public_allowed,ok,
reb_movein_plan,한국부동산원_주택공급정보_입주예정물량정보,15111714:151,6dfc4020efebbe6b,힐스테이트 오산더클래스,경기도 오산시 양산동 10-2,경기,오산시,,,2027-08,,,970,970,,,,,분양,,,,,https://www.data.go.kr/data/15111714/fileData.do,공공데이터포털 파일데이터. 출처표시 필요. 입주예정월은 원천 기준 예정값.,2026-05-12 17:21:55,15111714.csv,csv,public_allowed,ok,
reb_movein_plan,한국부동산원_주택공급정보_입주예정물량정보,15111714:152,055fc149dea89f9f,롯데캐슬 위너스포레,경기도 오산시 양산동 95-0,경기,오산시,,,2027-08,,,1672,1672,,,,,분양,,,,,https://www.data.go.kr/data/15111714/fileData.do,공공데이터포털 파일데이터. 출처표시 필요. 입주예정월은 원천 기준 예정값.,2026-05-12 17:21:55,15111714.csv,csv,public_allowed,ok,
reb_movein_plan,한국부동산원_주택공급정보_입주예정물량정보,15111714:153,4f802c300e53f92e,영통역자이 프라시엘,경기도 용인시 기흥구 서천동 335-2,경기,용인시 기흥구,,,2026-12,,,472,472,,,,,분양,,,,,https://www.data.go.kr/data/15111714/fileData.do,공공데이터포털 파일데이터. 출처표시 필요. 입주예정월은 원천 기준 예정값.,2026-05-12 17:21:55,15111714.csv,csv,public_allowed,ok,
reb_movein_plan,한국부동산원_주택공급정보_입주예정물량정보,15111714:154,5df5a74e8d58735f,용인 푸르지오 원클러스터 1단지,경기도 용인시 처인구 남동 산 126-13,경기,용인시 처인구,,,2027-07,,,1681,1681,,,,,분양,,,,,https://www.data.go.kr/data/15111714/fileData.do,공공데이터포털 파일데이터. 출처표시 필요. 입주예정월은 원천 기준 예정값.,2026-05-12 17:21:55,15111714.csv,csv,public_allowed,ok,
reb_movein_plan,한국부동산원_주택공급정보_입주예정물량정보,15111714:155,66fb10ba236442a9,힐스테이트 용인마크밸리,경기도 용인시 처인구 남사읍 아곡리 705-0,경기,용인시 처인구,,,2027-12,,,660,660,,,,,분양,,,,,https://www.data.go.kr/data/15111714/fileData.do,공공데이터포털 파일데이터. 출처표시 필요. 입주예정월은 원천 기준 예정값.,2026-05-12 17:21:55,15111714.csv,csv,public_allowed,ok,
reb_movein_plan,한국부동산원_주택공급정보_입주예정물량정보,15111714:156,53e2e28947b8ca3d,두산위브더제니스 센트럴 용인,경기도 용인시 처인구 삼가동 174-0,경기,용인시 처인구,,,2027-03,,,568,568,,,,,분양,,,,,https://www.data.go.kr/data/15111714/fileData.do,공공데이터포털 파일데이터. 출처표시 필요. 입주예정월은 원천 기준 예정값.,2026-05-12 17:21:55,15111714.csv,csv,public_allowed,ok,
reb_movein_plan,한국부동산원_주택공급정보_입주예정물량정보,15111714:157,b3608d4938abfee0,역북 서희스타힐스 프라임시티,경기도 용인시 처인구 역북동 89-25,경기,용인시 처인구,,,2027-03,,,912,912,,,,,분양,,,,,https://www.data.go.kr/data/15111714/fileData.do,공공데이터포털 파일데이터. 출처표시 필요. 입주예정월은 원천 기준 예정값.,2026-05-12 17:21:55,15111714.csv,csv,public_allowed,ok,
reb_movein_plan,한국부동산원_주택공급정보_입주예정물량정보,15111714:158,cc0a74fa25f9c454,용인 둔전역 에피트,경기도 용인시 처인구 포곡읍 금어리 646-0,경기,용인시 처인구,,,2027-07,,,1275,1275,,,,,분양,,,,,https://www.data.go.kr/data/15111714/fileData.do,공공데이터포털 파일데이터. 출처표시 필요. 입주예정월은 원천 기준 예정값.,2026-05-12 17:21:55,15111714.csv,csv,public_allowed,ok,
reb_movein_plan,한국부동산원_주택공급정보_입주예정물량정보,15111714:159,d592ed8563e12a18,용인 에버랜드역 칸타빌,경기도 용인시 처인구 포곡읍 전대리 192-2,경기,용인시 처인구,,,2026-12,,,348,348,,,,,분양,,,,,https://www.data.go.kr/data/15111714/fileData.do,공공데이터포털 파일데이터. 출처표시 필요. 입주예정월은 원천 기준 예정값.,2026-05-12 17:21:55,15111714.csv,csv,public_allowed,ok,
reb_movein_plan,한국부동산원_주택공급정보_입주예정물량정보,15111714:160,9bd020979100aeb5,제일풍경채 의왕고천,경기도 의왕시 고천동 0-0,경기,의왕시,,,2026-03,,,900,900,,,,,분양,,,,,https://www.data.go.kr/data/15111714/fileData.do,공공데이터포털 파일데이터. 출처표시 필요. 입주예정월은 원천 기준 예정값.,2026-05-12 17:21:55,15111714.csv,csv,public_allowed,ok,
reb_movein_plan,한국부동산원_주택공급정보_입주예정물량정보,15111714:161,7dc792ac4a5e395e,인덕원 퍼스비엘,경기도 의왕시 내손동 661-0,경기,의왕시,,,2026-06,,,2180,2180,,,,,분양,,,,,https://www.data.go.kr/data/15111714/fileData.do,공공데이터포털 파일데이터. 출처표시 필요. 입주예정월은 원천 기준 예정값.,2026-05-12 17:21:55,15111714.csv,csv,public_allowed,ok,
reb_movein_plan,한국부동산원_주택공급정보_입주예정물량정보,15111714:162,413191ee9a5d2526,의왕 센트라인 데시앙,경기도 의왕시 오전동 32-5,경기,의왕시,,,2026-11,,,733,733,,,,,분양,,,,,https://www.data.go.kr/data/15111714/fileData.do,공공데이터포털 파일데이터. 출처표시 필요. 입주예정월은 원천 기준 예정값.,2026-05-12 17:21:55,15111714.csv,csv,public_allowed,ok,
reb_movein_plan,한국부동산원_주택공급정보_입주예정물량정보,15111714:163,6955d445f55dfb62,신혼희망타운(공공분양),경기도 의왕시 월암동 0-0,경기,의왕시,,,2027-11,,,446,446,,,,,분양,,,,,https://www.data.go.kr/data/15111714/fileData.do,공공데이터포털 파일데이터. 출처표시 필요. 입주예정월은 원천 기준 예정값.,2026-05-12 17:21:55,15111714.csv,csv,public_allowed,ok,
reb_movein_plan,한국부동산원_주택공급정보_입주예정물량정보,15111714:164,64b9824da90e4261,의왕월암지구 대방 디에트르 레이크파크(B2 BL),경기도 의왕시 월암동 219-3,경기,의왕시,,,2027-12,,,703,703,,,,,분양,,,,,https://www.data.go.kr/data/15111714/fileData.do,공공데이터포털 파일데이터. 출처표시 필요. 입주예정월은 원천 기준 예정값.,2026-05-12 17:21:55,15111714.csv,csv,public_allowed,ok,
reb_movein_plan,한국부동산원_주택공급정보_입주예정물량정보,15111714:165,9cdd56f76de94f48,의정부 푸르지오 클라시엘,경기도 의정부시 금오동 360-4,경기,의정부시,,,2027-12,,,656,656,,,,,분양,,,,,https://www.data.go.kr/data/15111714/fileData.do,공공데이터포털 파일데이터. 출처표시 필요. 입주예정월은 원천 기준 예정값.,2026-05-12 17:21:55,15111714.csv,csv,public_allowed,ok,
reb_movein_plan,한국부동산원_주택공급정보_입주예정물량정보,15111714:166,a0863f9945a4ed39,의정부 롯데캐슬 나리벡시티,경기도 의정부시 금오동 산 26-19,경기,의정부시,,,2027-11,,,671,671,,,,,분양,,,,,https://www.data.go.kr/data/15111714/fileData.do,공공데이터포털 파일데이터. 출처표시 필요. 입주예정월은 원천 기준 예정값.,2026-05-12 17:21:55,15111714.csv,csv,public_allowed,ok,
reb_movein_plan,한국부동산원_주택공급정보_입주예정물량정보,15111714:167,418296ce7559bf56,e편한세상 신곡 시그니처뷰 1단지 & 2단지,경기도 의정부시 신곡동 435-3,경기,의정부시,,,2026-09,,,815,815,,,,,분양,,,,,https://www.data.go.kr/data/15111714/fileData.do,공공데이터포털 파일데이터. 출처표시 필요. 입주예정월은 원천 기준 예정값.,2026-05-12 17:21:55,15111714.csv,csv,public_allowed,ok,
reb_movein_plan,한국부동산원_주택공급정보_입주예정물량정보,15111714:168,844b86bc9cdf4f60,의정부역 파밀리에 Ⅱ,경기도 의정부시 의정부동 100-1,경기,의정부시,,,2026-10,,,150,150,,,,,분양,,,,,https://www.data.go.kr/data/15111714/fileData.do,공공데이터포털 파일데이터. 출처표시 필요. 입주예정월은 원천 기준 예정값.,2026-05-12 17:21:55,15111714.csv,csv,public_allowed,ok,
reb_movein_plan,한국부동산원_주택공급정보_입주예정물량정보,15111714:169,4a5228f6203e8771,더샵 의정부역 링크시티,경기도 의정부시 의정부동 248-3,경기,의정부시,,,2027-10,,,1401,1401,,,,,분양,,,,,https://www.data.go.kr/data/15111714/fileData.do,공공데이터포털 파일데이터. 출처표시 필요. 입주예정월은 원천 기준 예정값.,2026-05-12 17:21:55,15111714.csv,csv,public_allowed,ok,
reb_movein_plan,한국부동산원_주택공급정보_입주예정물량정보,15111714:170,ac0a8be36e789539,힐스테이트 회룡역파크뷰,경기도 의정부시 호원동 281-21,경기,의정부시,,,2026-04,,,1816,1816,,,,,분양,,,,,https://www.data.go.kr/data/15111714/fileData.do,공공데이터포털 파일데이터. 출처표시 필요. 입주예정월은 원천 기준 예정값.,2026-05-12 17:21:55,15111714.csv,csv,public_allowed,ok,
reb_movein_plan,한국부동산원_주택공급정보_입주예정물량정보,15111714:171,2628771e7d4905c8,호원동 57-3 LH신혼부부아파트(LH매입약정 임대주택),경기도 의정부시 호원동 57-3,경기,의정부시,,,2027-04,,,81,81,,,,,임대,,,,,https://www.data.go.kr/data/15111714/fileData.do,공공데이터포털 파일데이터. 출처표시 필요. 입주예정월은 원천 기준 예정값.,2026-05-12 17:21:55,15111714.csv,csv,public_allowed,ok,
reb_movein_plan,한국부동산원_주택공급정보_입주예정물량정보,15111714:172,654f45cd1db5cf18,신안실크밸리2BL(민간임대),경기도 이천시 백사면 모전리 1-12,경기,이천시,,,2026-05,,,981,981,,,,,임대,,,,,https://www.data.go.kr/data/15111714/fileData.do,공공데이터포털 파일데이터. 출처표시 필요. 입주예정월은 원천 기준 예정값.,2026-05-12 17:21:55,15111714.csv,csv,public_allowed,ok,
reb_movein_plan,한국부동산원_주택공급정보_입주예정물량정보,15111714:173,6752ca4f27de6fdd,이천자이 더 레브,경기도 이천시 송정동 산 31-0,경기,이천시,,,2027-04,,,635,635,,,,,분양,,,,,https://www.data.go.kr/data/15111714/fileData.do,공공데이터포털 파일데이터. 출처표시 필요. 입주예정월은 원천 기준 예정값.,2026-05-12 17:21:55,15111714.csv,csv,public_allowed,ok,
reb_movein_plan,한국부동산원_주택공급정보_입주예정물량정보,15111714:174,ca7a43368f563dea,이천 롯데캐슬 센트럴 페라즈 스카이,경기도 이천시 안흥동 284-2,경기,이천시,,,2027-09,,,801,801,,,,,분양,,,,,https://www.data.go.kr/data/15111714/fileData.do,공공데이터포털 파일데이터. 출처표시 필요. 입주예정월은 원천 기준 예정값.,2026-05-12 17:21:55,15111714.csv,csv,public_allowed,ok,
reb_movein_plan,한국부동산원_주택공급정보_입주예정물량정보,15111714:175,64c4e3b4a472c57a,이천장호원 B2블록 통합공공임대주택,경기도 이천시 장호원읍 0-0,경기,이천시,,,2026-12,,,620,620,,,,,임대,,,,,https://www.data.go.kr/data/15111714/fileData.do,공공데이터포털 파일데이터. 출처표시 필요. 입주예정월은 원천 기준 예정값.,2026-05-12 17:21:55,15111714.csv,csv,public_allowed,ok,
reb_movein_plan,한국부동산원_주택공급정보_입주예정물량정보,15111714:176,b68e20c04226fc52,우미린 트리쉐이드,경기도 이천시 중리동 498,경기,이천시,,,2026-02,,,849,849,,,,,분양,,,,,https://www.data.go.kr/data/15111714/fileData.do,공공데이터포털 파일데이터. 출처표시 필요. 입주예정월은 원천 기준 예정값.,2026-05-12 17:21:55,15111714.csv,csv,public_allowed,ok,
reb_movein_plan,한국부동산원_주택공급정보_입주예정물량정보,15111714:177,2c5a87ba56928a13,우미린 어반퍼스트,경기도 이천시 중리동 497,경기,이천시,,,2026-06,,,785,785,,,,,분양,,,,,https://www.data.go.kr/data/15111714/fileData.do,공공데이터포털 파일데이터. 출처표시 필요. 입주예정월은 원천 기준 예정값.,2026-05-12 17:21:55,15111714.csv,csv,public_allowed,ok,
reb_movein_plan,한국부동산원_주택공급정보_입주예정물량정보,15111714:178,3641fcfbdfba26ff,이천 중리지구 A-2 신안인스빌 퍼스티지,경기도 이천시 증일동 516,경기,이천시,,,2026-11,,,523,523,,,,,분양,,,,,https://www.data.go.kr/data/15111714/fileData.do,공공데이터포털 파일데이터. 출처표시 필요. 입주예정월은 원천 기준 예정값.,2026-05-12 17:21:55,15111714.csv,csv,public_allowed,ok,
reb_movein_plan,한국부동산원_주택공급정보_입주예정물량정보,15111714:179,9c7928dd8cdffbc6,이천 중리지구 B3블록 금성백조 예미지,경기도 이천시 증일동 518,경기,이천시,,,2026-11,,,1009,1009,,,,,분양,,,,,https://www.data.go.kr/data/15111714/fileData.do,공공데이터포털 파일데이터. 출처표시 필요. 입주예정월은 원천 기준 예정값.,2026-05-12 17:21:55,15111714.csv,csv,public_allowed,ok,
reb_movein_plan,한국부동산원_주택공급정보_입주예정물량정보,15111714:180,f0ccea8667e54d63,힐스테이트 이천역 2단지,경기도 이천시 증일동 60-5,경기,이천시,,,2026-07,,,885,885,,,,,조합,,,,,https://www.data.go.kr/data/15111714/fileData.do,공공데이터포털 파일데이터. 출처표시 필요. 입주예정월은 원천 기준 예정값.,2026-05-12 17:21:55,15111714.csv,csv,public_allowed,ok,
reb_movein_plan,한국부동산원_주택공급정보_입주예정물량정보,15111714:181,1a6f41c20aa72047,힐스테이트 이천역 1단지,경기도 이천시 증일동 79-4,경기,이천시,,,2026-07,,,937,937,,,,,조합,,,,,https://www.data.go.kr/data/15111714/fileData.do,공공데이터포털 파일데이터. 출처표시 필요. 입주예정월은 원천 기준 예정값.,2026-05-12 17:21:55,15111714.csv,csv,public_allowed,ok,
reb_movein_plan,한국부동산원_주택공급정보_입주예정물량정보,15111714:182,e6208ae2b57a51ed,이천자이 더 리체,경기도 이천시 증포동 323-20,경기,이천시,,,2026-07,,,558,558,,,,,분양,,,,,https://www.data.go.kr/data/15111714/fileData.do,공공데이터포털 파일데이터. 출처표시 필요. 입주예정월은 원천 기준 예정값.,2026-05-12 17:21:55,15111714.csv,csv,public_allowed,ok,
reb_movein_plan,한국부동산원_주택공급정보_입주예정물량정보,15111714:183,486526ef45d8ec31,파주 운정3지구 A8블럭(공공지원민간임대),경기도 파주시 다율동 69-2,경기,파주시,,,2026-06,,,552,552,,,,,임대,,,,,https://www.data.go.kr/data/15111714/fileData.do,공공데이터포털 파일데이터. 출처표시 필요. 입주예정월은 원천 기준 예정값.,2026-05-12 17:21:55,15111714.csv,csv,public_allowed,ok,
reb_movein_plan,한국부동산원_주택공급정보_입주예정물량정보,15111714:184,9968df8a946b0c34,파주운정3지구 A20블록 공공분양주택,경기도 파주시 당하동 0-0,경기,파주시,,,2027-08,,,612,612,,,,,분양,,,,,https://www.data.go.kr/data/15111714/fileData.do,공공데이터포털 파일데이터. 출처표시 필요. 입주예정월은 원천 기준 예정값.,2026-05-12 17:21:55,15111714.csv,csv,public_allowed,ok,
reb_movein_plan,한국부동산원_주택공급정보_입주예정물량정보,15111714:185,86ae9302d8ba76dc,파주 운정3 이지더원(A44BL),경기도 파주시 동패동 418,경기,파주시,,,2026-09,,,379,379,,,,,분양,,,,,https://www.data.go.kr/data/15111714/fileData.do,공공데이터포털 파일데이터. 출처표시 필요. 입주예정월은 원천 기준 예정값.,2026-05-12 17:21:55,15111714.csv,csv,public_allowed,ok,
reb_movein_plan,한국부동산원_주택공급정보_입주예정물량정보,15111714:186,9dd38a4146c70e10,운정3 제일풍경채(A46BL),경기도 파주시 동패동 415-13,경기,파주시,,,2026-10,,,383,383,,,,,분양,,,,,https://www.data.go.kr/data/15111714/fileData.do,공공데이터포털 파일데이터. 출처표시 필요. 입주예정월은 원천 기준 예정값.,2026-05-12 17:21:55,15111714.csv,csv,public_allowed,ok,
reb_movein_plan,한국부동산원_주택공급정보_입주예정물량정보,15111714:187,40af8c19aece0d15,파주 운정신도시 우미 린 더 센텀,경기도 파주시 동패동 산 79-1,경기,파주시,,,2026-08,,,418,418,,,,,분양,,,,,https://www.data.go.kr/data/15111714/fileData.do,공공데이터포털 파일데이터. 출처표시 필요. 입주예정월은 원천 기준 예정값.,2026-05-12 17:21:55,15111714.csv,csv,public_allowed,ok,
reb_movein_plan,한국부동산원_주택공급정보_입주예정물량정보,15111714:188,69ffbfc57a690a6a,ANDANTE(안단테),경기도 파주시 동패동 0-0,경기,파주시,,,2026-02,,,1012,1012,,,,,분양,,,,,https://www.data.go.kr/data/15111714/fileData.do,공공데이터포털 파일데이터. 출처표시 필요. 입주예정월은 원천 기준 예정값.,2026-05-12 17:21:55,15111714.csv,csv,public_allowed,ok,
reb_movein_plan,한국부동산원_주택공급정보_입주예정물량정보,15111714:189,1a01884889c0465d,파주운정3A22(공공분양),경기도 파주시 동패동 산80-1,경기,파주시,,,2026-07,,,642,642,,,,,분양,,,,,https://www.data.go.kr/data/15111714/fileData.do,공공데이터포털 파일데이터. 출처표시 필요. 입주예정월은 원천 기준 예정값.,2026-05-12 17:21:55,15111714.csv,csv,public_allowed,ok,
reb_movein_plan,한국부동산원_주택공급정보_입주예정물량정보,15111714:190,12be8d2d255eab74,제일풍경채 운정 A45BL,경기도 파주시 목동동 363,경기,파주시,,,2027-04,,,520,520,,,,,분양,,,,,https://www.data.go.kr/data/15111714/fileData.do,공공데이터포털 파일데이터. 출처표시 필요. 입주예정월은 원천 기준 예정값.,2026-05-12 17:21:55,15111714.csv,csv,public_allowed,ok,
reb_movein_plan,한국부동산원_주택공급정보_입주예정물량정보,15111714:191,b994b2d79b462cec,운정자이 시그니처,경기도 파주시 목동동 산 26,경기,파주시,,,2026-03,,,988,988,,,,,분양,,,,,https://www.data.go.kr/data/15111714/fileData.do,공공데이터포털 파일데이터. 출처표시 필요. 입주예정월은 원천 기준 예정값.,2026-05-12 17:21:55,15111714.csv,csv,public_allowed,ok,
reb_movein_plan,한국부동산원_주택공급정보_입주예정물량정보,15111714:192,333ae4767aa9be0a,문산역3차 동문 디 이스트 센트럴,경기도 파주시 문산읍 문산리 81-61,경기,파주시,,,2027-11,,,951,951,,,,,분양,,,,,https://www.data.go.kr/data/15111714/fileData.do,공공데이터포털 파일데이터. 출처표시 필요. 입주예정월은 원천 기준 예정값.,2026-05-12 17:21:55,15111714.csv,csv,public_allowed,ok,
reb_movein_plan,한국부동산원_주택공급정보_입주예정물량정보,15111714:193,b8435b011894e5ac,평택 고덕 A-47BL 공공지원 민간임대리츠사업 공동주택 신축 공사,경기도 평택시,경기,평택시,,,2026-07,,,510,510,,,,,임대,,,,,https://www.data.go.kr/data/15111714/fileData.do,공공데이터포털 파일데이터. 출처표시 필요. 입주예정월은 원천 기준 예정값.,2026-05-12 17:21:55,15111714.csv,csv,public_allowed,ok,
reb_movein_plan,한국부동산원_주택공급정보_입주예정물량정보,15111714:194,f95edc477504f3aa,지제역 반도체밸리 제일풍경채 2블록,경기도 평택시 가재동 0-0,경기,평택시,,,2026-03,,,1152,1152,,,,,분양,,,,,https://www.data.go.kr/data/15111714/fileData.do,공공데이터포털 파일데이터. 출처표시 필요. 입주예정월은 원천 기준 예정값.,2026-05-12 17:21:55,15111714.csv,csv,public_allowed,ok,
reb_movein_plan,한국부동산원_주택공급정보_입주예정물량정보,15111714:195,f5b0608243b88af0,지제역 반도체밸리 해링턴 플레이스,경기도 평택시 가재동 0-0,경기,평택시,,,2027-02,,,1209,1209,,,,,분양,,,,,https://www.data.go.kr/data/15111714/fileData.do,공공데이터포털 파일데이터. 출처표시 필요. 입주예정월은 원천 기준 예정값.,2026-05-12 17:21:55,15111714.csv,csv,public_allowed,ok,
reb_movein_plan,한국부동산원_주택공급정보_입주예정물량정보,15111714:196,794d725fb43936b8,지제역 반도체밸리 쌍용 더 플래티넘,경기도 평택시 가재동 0-0,경기,평택시,,,2027-01,,,1340,1340,,,,,분양,,,,,https://www.data.go.kr/data/15111714/fileData.do,공공데이터포털 파일데이터. 출처표시 필요. 입주예정월은 원천 기준 예정값.,2026-05-12 17:21:55,15111714.csv,csv,public_allowed,ok,
reb_movein_plan,한국부동산원_주택공급정보_입주예정물량정보,15111714:197,3660f19a085b8ca5,고덕국제신도시 서한이다음 그레이튼,경기도 평택시 고덕동 2394-2,경기,평택시,,,2027-05,,,1138,1138,,,,,분양,,,,,https://www.data.go.kr/data/15111714/fileData.do,공공데이터포털 파일데이터. 출처표시 필요. 입주예정월은 원천 기준 예정값.,2026-05-12 17:21:55,15111714.csv,csv,public_allowed,ok,
reb_movein_plan,한국부동산원_주택공급정보_입주예정물량정보,15111714:198,18f05ebdaa7f703f,평택 고더국제신도시 A48 금성백조 예미지,경기도 평택시 고덕면 0-0,경기,평택시,,,2026-08,,,431,431,,,,,분양,,,,,https://www.data.go.kr/data/15111714/fileData.do,공공데이터포털 파일데이터. 출처표시 필요. 입주예정월은 원천 기준 예정값.,2026-05-12 17:21:55,15111714.csv,csv,public_allowed,ok,
reb_movein_plan,한국부동산원_주택공급정보_입주예정물량정보,15111714:199,be2a18ca2867a08c,평택 브레인시티 수자인,경기도 평택시 장안동 0-0,경기,평택시,,,2027-12,,,889,889,,,,,분양,,,,,https://www.data.go.kr/data/15111714/fileData.do,공공데이터포털 파일데이터. 출처표시 필요. 입주예정월은 원천 기준 예정값.,2026-05-12 17:21:55,15111714.csv,csv,public_allowed,ok,
reb_movein_plan,한국부동산원_주택공급정보_입주예정물량정보,15111714:200,ae391603713c6a9c,평택 브레인시티 5BL 대광로제비앙 그랜드센텀,경기도 평택시 장안동 0-0,경기,평택시,,,2027-01,,,1182,1182,,,,,분양,,,,,https://www.data.go.kr/data/15111714/fileData.do,공공데이터포털 파일데이터. 출처표시 필요. 입주예정월은 원천 기준 예정값.,2026-05-12 17:21:55,15111714.csv,csv,public_allowed,ok,
reb_movein_plan,한국부동산원_주택공급정보_입주예정물량정보,15111714:201,ad7415c822262d03,평택 브레인시티 2BL 대광로제비앙 모아엘가,경기도 평택시 장안동 0-0,경기,평택시,,,2026-08,,,1700,1700,,,,,분양,,,,,https://www.data.go.kr/data/15111714/fileData.do,공공데이터포털 파일데이터. 출처표시 필요. 입주예정월은 원천 기준 예정값.,2026-05-12 17:21:55,15111714.csv,csv,public_allowed,ok,
reb_movein_plan,한국부동산원_주택공급정보_입주예정물량정보,15111714:202,0f2b3e0fa7b07a98,평택 브레인시티 중흥S-클래스,경기도 평택시 장안동 0-0,경기,평택시,,,2027-02,,,1980,1980,,,,,분양,,,,,https://www.data.go.kr/data/15111714/fileData.do,공공데이터포털 파일데이터. 출처표시 필요. 입주예정월은 원천 기준 예정값.,2026-05-12 17:21:55,15111714.csv,csv,public_allowed,ok,
reb_movein_plan,한국부동산원_주택공급정보_입주예정물량정보,15111714:203,19bd883c0a103ad7,진위역 서희스타힐스 더 파크뷰,경기도 평택시 진위면 갈곶리 239-60,경기,평택시,,,2027-02,,,1659,1659,,,,,분양,,,,,https://www.data.go.kr/data/15111714/fileData.do,공공데이터포털 파일데이터. 출처표시 필요. 입주예정월은 원천 기준 예정값.,2026-05-12 17:21:55,15111714.csv,csv,public_allowed,ok,
reb_movein_plan,한국부동산원_주택공급정보_입주예정물량정보,15111714:204,e2f089379436161f,평택 화양 동문 디 이스트,경기도 평택시 현덕면 운정리 0-0,경기,평택시,,,2026-11,,,753,753,,,,,분양,,,,,https://www.data.go.kr/data/15111714/fileData.do,공공데이터포털 파일데이터. 출처표시 필요. 입주예정월은 원천 기준 예정값.,2026-05-12 17:21:55,15111714.csv,csv,public_allowed,ok,
reb_movein_plan,한국부동산원_주택공급정보_입주예정물량정보,15111714:205,11a27af761b77f5b,힐스테이트 평택 화양,경기도 평택시 현덕면 운정리 0-0,경기,평택시,,,2026-03,,,1571,1571,,,,,분양,,,,,https://www.data.go.kr/data/15111714/fileData.do,공공데이터포털 파일데이터. 출처표시 필요. 입주예정월은 원천 기준 예정값.,2026-05-12 17:21:55,15111714.csv,csv,public_allowed,ok,
reb_movein_plan,한국부동산원_주택공급정보_입주예정물량정보,15111714:206,7ad7bec519b0f62b,평택화양 서희스타힐스 센트럴파크 2차,경기도 평택시 현덕면 화양리 0-0,경기,평택시,,,2027-12,,,815,815,,,,,분양,,,,,https://www.data.go.kr/data/15111714/fileData.do,공공데이터포털 파일데이터. 출처표시 필요. 입주예정월은 원천 기준 예정값.,2026-05-12 17:21:55,15111714.csv,csv,public_allowed,ok,
reb_movein_plan,한국부동산원_주택공급정보_입주예정물량정보,15111714:207,a9eb9e6104c5af5c,평택 푸르지오 센터파인,경기도 평택시 현덕면 화양리 0-0,경기,평택시,,,2026-11,,,851,851,,,,,분양,,,,,https://www.data.go.kr/data/15111714/fileData.do,공공데이터포털 파일데이터. 출처표시 필요. 입주예정월은 원천 기준 예정값.,2026-05-12 17:21:55,15111714.csv,csv,public_allowed,ok,
reb_movein_plan,한국부동산원_주택공급정보_입주예정물량정보,15111714:208,d9ec273a2a750c6d,신영지웰 평택화양,경기도 평택시 현덕면 화양리 0-0,경기,평택시,,,2027-04,,,999,999,,,,,분양,,,,,https://www.data.go.kr/data/15111714/fileData.do,공공데이터포털 파일데이터. 출처표시 필요. 입주예정월은 원천 기준 예정값.,2026-05-12 17:21:55,15111714.csv,csv,public_allowed,ok,
reb_movein_plan,한국부동산원_주택공급정보_입주예정물량정보,15111714:209,19d9cd5527490a9f,평택화양 서희스타힐스 센트럴파크,경기도 평택시 현덕면 화양리 0-0,경기,평택시,,,2026-07,,,1554,1554,,,,,분양,,,,,https://www.data.go.kr/data/15111714/fileData.do,공공데이터포털 파일데이터. 출처표시 필요. 입주예정월은 원천 기준 예정값.,2026-05-12 17:21:55,15111714.csv,csv,public_allowed,ok,
reb_movein_plan,한국부동산원_주택공급정보_입주예정물량정보,15111714:210,1e0297ca53087fc2,봉담 중흥S-클래스 센트럴에듀,경기도 화성시 효행구 봉담읍 동화리 273번지,경기,화성시 효행구,,,2026-05,,,806,806,,,,,분양,,,,,https://www.data.go.kr/data/15111714/fileData.do,공공데이터포털 파일데이터. 출처표시 필요. 입주예정월은 원천 기준 예정값.,2026-05-12 17:21:55,15111714.csv,csv,public_allowed,ok,
reb_movein_plan,한국부동산원_주택공급정보_입주예정물량정보,15111714:211,8ac319116c4c8fac,금성백조 예미지2차,경기도 화성시 효행구 비봉면 삼화리 0-0,경기,화성시 효행구,,,2027-10,,,530,530,,,,,분양,,,,,https://www.data.go.kr/data/15111714/fileData.do,공공데이터포털 파일데이터. 출처표시 필요. 입주예정월은 원천 기준 예정값.,2026-05-12 17:21:55,15111714.csv,csv,public_allowed,ok,
reb_movein_plan,한국부동산원_주택공급정보_입주예정물량정보,15111714:212,f96b9690953924de,화성태안3지구 B-3블록 공공분양주택,경기도 화성시 만세구 송산동 203-1,경기,화성시 만세구,,,2026-02,,,688,688,,,,,분양,,,,,https://www.data.go.kr/data/15111714/fileData.do,공공데이터포털 파일데이터. 출처표시 필요. 입주예정월은 원천 기준 예정값.,2026-05-12 17:21:55,15111714.csv,csv,public_allowed,ok,
reb_movein_plan,한국부동산원_주택공급정보_입주예정물량정보,15111714:213,4c666bed1b63cff7,동탄신도시 금강펜테리움7차 센트럴파크,경기도 화성시 동탄구 신동 521 일원,경기,화성시 동탄구,,,2026-07,,,662,662,,,,,분양,,,,,https://www.data.go.kr/data/15111714/fileData.do,공공데이터포털 파일데이터. 출처표시 필요. 입주예정월은 원천 기준 예정값.,2026-05-12 17:21:55,15111714.csv,csv,public_allowed,ok,
reb_movein_plan,한국부동산원_주택공급정보_입주예정물량정보,15111714:214,2fd660a6ab7747e9,동탄신도시 금강펜테리움 6차 센트럴파크,경기도 화성시 동탄구 신동 산165일원,경기,화성시 동탄구,,,2026-02,,,1103,1103,,,,,분양,,,,,https://www.data.go.kr/data/15111714/fileData.do,공공데이터포털 파일데이터. 출처표시 필요. 입주예정월은 원천 기준 예정값.,2026-05-12 17:21:55,15111714.csv,csv,public_allowed,ok,
reb_movein_plan,한국부동산원_주택공급정보_입주예정물량정보,15111714:215,9a15e48e89fc5482,동탄파라곤3차(민간임대)A58,경기도 화성시 동탄구 신동 536,경기,화성시 동탄구,,,2027-02,,,1247,1247,,,,,임대,,,,,https://www.data.go.kr/data/15111714/fileData.do,공공데이터포털 파일데이터. 출처표시 필요. 입주예정월은 원천 기준 예정값.,2026-05-12 17:21:55,15111714.csv,csv,public_allowed,ok,
reb_movein_plan,한국부동산원_주택공급정보_입주예정물량정보,15111714:216,7787d56d07c0f644,동탄2신도시 대방 엘리움 더 시그니처(C18BL),경기도 화성시 동탄구 오산동 733-3 일원,경기,화성시 동탄구,,,2027-06,,,464,464,,,,,분양,,,,,https://www.data.go.kr/data/15111714/fileData.do,공공데이터포털 파일데이터. 출처표시 필요. 입주예정월은 원천 기준 예정값.,2026-05-12 17:21:55,15111714.csv,csv,public_allowed,ok,
reb_movein_plan,한국부동산원_주택공급정보_입주예정물량정보,15111714:217,7b890228b2d45657,향남2지구(B16)공공임대,경기도 화성시 만세구 향남읍 상신리 1329,경기,화성시 만세구,,,2027-06,,,772,772,,,,,임대,,,,,https://www.data.go.kr/data/15111714/fileData.do,공공데이터포털 파일데이터. 출처표시 필요. 입주예정월은 원천 기준 예정값.,2026-05-12 17:21:55,15111714.csv,csv,public_allowed,ok,
reb_movein_plan,한국부동산원_주택공급정보_입주예정물량정보,15111714:218,c846f83078240c08,상신2지구,경기도 화성시 만세구 향남읍 상신리 61-8,경기,화성시 만세구,,,2027-06,,,75,75,,,,,분양,,,,,https://www.data.go.kr/data/15111714/fileData.do,공공데이터포털 파일데이터. 출처표시 필요. 입주예정월은 원천 기준 예정값.,2026-05-12 17:21:55,15111714.csv,csv,public_allowed,ok,
reb_movein_plan,한국부동산원_주택공급정보_입주예정물량정보,15111714:219,fcc3d7650191b183,빌리브 어바인 시티 1BL,경기도 이천시 안흥동 270-0,경기,이천시,,,2026-01,,,264,264,,,,,분양,,,,,https://www.data.go.kr/data/15111714/fileData.do,공공데이터포털 파일데이터. 출처표시 필요. 입주예정월은 원천 기준 예정값.,2026-05-12 17:21:55,15111714.csv,csv,public_allowed,ok,
reb_movein_plan,한국부동산원_주택공급정보_입주예정물량정보,15111714:220,5009950691887d04,빌리브 어바인시티 2BL,경기도 이천시 안흥동 272-6,경기,이천시,,,2026-01,,,264,264,,,,,분양,,,,,https://www.data.go.kr/data/15111714/fileData.do,공공데이터포털 파일데이터. 출처표시 필요. 입주예정월은 원천 기준 예정값.,2026-05-12 17:21:55,15111714.csv,csv,public_allowed,ok,
reb_movein_plan,한국부동산원_주택공급정보_입주예정물량정보,15111714:221,4aace84b11a5d321,동탄호수공원자연&자이A93(장기전세),경기도 화성시 동탄구 장지동 969,경기,화성시 동탄구,,,2026-01,,,965,965,,,,,임대,,,,,https://www.data.go.kr/data/15111714/fileData.do,공공데이터포털 파일데이터. 출처표시 필요. 입주예정월은 원천 기준 예정값.,2026-05-12 17:21:55,15111714.csv,csv,public_allowed,ok,
reb_movein_plan,한국부동산원_주택공급정보_입주예정물량정보,15111714:222,0069ddc2c1770d62,안양동 837-8 외 1필지 공동주택(LH신축매입약정),경기도 안양시 만안구 안양동 837-8 외 1,경기,안양시 만안구,,,2027-05,,,42,42,,,,,임대,,,,,https://www.data.go.kr/data/15111714/fileData.do,공공데이터포털 파일데이터. 출처표시 필요. 입주예정월은 원천 기준 예정값.,2026-05-12 17:21:55,15111714.csv,csv,public_allowed,ok,
reb_movein_plan,한국부동산원_주택공급정보_입주예정물량정보,15111714:223,cc5288a0e0e523ac,안양동 695-18 외 3필지 공동주택(LH신축매입약정),경기도 안양시 만안구 안양동 695-18 외 3,경기,안양시 만안구,,,2027-03,,,104,104,,,,,임대,,,,,https://www.data.go.kr/data/15111714/fileData.do,공공데이터포털 파일데이터. 출처표시 필요. 입주예정월은 원천 기준 예정값.,2026-05-12 17:21:55,15111714.csv,csv,public_allowed,ok,
reb_movein_plan,한국부동산원_주택공급정보_입주예정물량정보,15111714:224,3771699e2dd37574,마평동 734-1번지 일원 공동주택{LH매입임대],경기도 용인시 처인구 마평동 734-1번지,경기,용인시 처인구,,,2027-06,,,68,68,,,,,임대,,,,,https://www.data.go.kr/data/15111714/fileData.do,공공데이터포털 파일데이터. 출처표시 필요. 입주예정월은 원천 기준 예정값.,2026-05-12 17:21:55,15111714.csv,csv,public_allowed,ok,
reb_movein_plan,한국부동산원_주택공급정보_입주예정물량정보,15111714:225,91077bb155b6e11a,상하동 라포레어정[GH매입임대],경기도 용인시 기흥구 상하동 456번지,경기,용인시 기흥구,,,2026-07,,,81,81,,,,,임대,,,,,https://www.data.go.kr/data/15111714/fileData.do,공공데이터포털 파일데이터. 출처표시 필요. 입주예정월은 원천 기준 예정값.,2026-05-12 17:21:55,15111714.csv,csv,public_allowed,ok,
reb_movein_plan,한국부동산원_주택공급정보_입주예정물량정보,15111714:226,6784f2ea7cb4c298,죽전동 도시형생활주택[LH매입임대],경기도 용인시 수지구 죽전동 1003-29번지 일원,경기,용인시 수지구,,,2026-09,,,72,72,,,,,임대,,,,,https://www.data.go.kr/data/15111714/fileData.do,공공데이터포털 파일데이터. 출처표시 필요. 입주예정월은 원천 기준 예정값.,2026-05-12 17:21:55,15111714.csv,csv,public_allowed,ok,
reb_movein_plan,한국부동산원_주택공급정보_입주예정물량정보,15111714:227,cad1a89c0ebfc1ab,이황리 임대아파트,경기도 이천시 장호원읍 이황리 355-7,경기,이천시,,,2027-03,,,930,930,,,,,임대,,,,,https://www.data.go.kr/data/15111714/fileData.do,공공데이터포털 파일데이터. 출처표시 필요. 입주예정월은 원천 기준 예정값.,2026-05-12 17:21:55,15111714.csv,csv,public_allowed,ok,
reb_movein_plan,한국부동산원_주택공급정보_입주예정물량정보,15111714:228,290bbd98f276acd0,파주운정3지구A3BL,경기도 파주시 당하동 513,경기,파주시,,,2027-11,,,1222,1222,,,,,임대,,,,,https://www.data.go.kr/data/15111714/fileData.do,공공데이터포털 파일데이터. 출처표시 필요. 입주예정월은 원천 기준 예정값.,2026-05-12 17:21:55,15111714.csv,csv,public_allowed,ok,
reb_movein_plan,한국부동산원_주택공급정보_입주예정물량정보,15111714:229,2a4d0620e281bdad,화성시 동화2지구 지역주택조합 아파트(미정),경기도 화성시 효행구 봉담읍 동화리 238-31번지 일원,경기,화성시 효행구,,,2027-09,,,258,258,,,,,조합,,,,,https://www.data.go.kr/data/15111714/fileData.do,공공데이터포털 파일데이터. 출처표시 필요. 입주예정월은 원천 기준 예정값.,2026-05-12 17:21:55,15111714.csv,csv,public_allowed,ok,
reb_movein_plan,한국부동산원_주택공급정보_입주예정물량정보,15111714:230,36b7149a81396a2b,매송지역주택조합 공동주택,경기도 화성시 효행구 매송면 천천리 151-12,경기,화성시 효행구,,,2027-11,,,531,531,,,,,분양조합,,,,,https://www.data.go.kr/data/15111714/fileData.do,공공데이터포털 파일데이터. 출처표시 필요. 입주예정월은 원천 기준 예정값.,2026-05-12 17:21:55,15111714.csv,csv,public_allowed,ok,
reb_movein_plan,한국부동산원_주택공급정보_입주예정물량정보,15111714:231,b4063ffb0f59b42d,장안지구 공동주택,경기도 화성시 만세구 장안면 사랑리 477,경기,화성시 만세구,,,2027-03,,,1595,1595,,,,,분양조합,,,,,https://www.data.go.kr/data/15111714/fileData.do,공공데이터포털 파일데이터. 출처표시 필요. 입주예정월은 원천 기준 예정값.,2026-05-12 17:21:55,15111714.csv,csv,public_allowed,ok,
reb_movein_plan,한국부동산원_주택공급정보_입주예정물량정보,15111714:232,172fc2147e8f826b,조암지구 A2블록 공동주택,경기도 화성시 만세구 우정읍 조암지구 A2,경기,화성시 만세구,,,2027-12,,,323,323,,,,,분양조합,,,,,https://www.data.go.kr/data/15111714/fileData.do,공공데이터포털 파일데이터. 출처표시 필요. 입주예정월은 원천 기준 예정값.,2026-05-12 17:21:55,15111714.csv,csv,public_allowed,ok,
reb_movein_plan,한국부동산원_주택공급정보_입주예정물량정보,15111714:233,dabc825086c627aa,의왕초평 A-4BL,경기도 의왕시 초평동 0-0,경기,의왕시,,,2027-06,,,381,381,,,,,임대,,,,,https://www.data.go.kr/data/15111714/fileData.do,공공데이터포털 파일데이터. 출처표시 필요. 입주예정월은 원천 기준 예정값.,2026-05-12 17:21:55,15111714.csv,csv,public_allowed,ok,
reb_movein_plan,한국부동산원_주택공급정보_입주예정물량정보,15111714:234,5413ca4decf7ba66,고성이솔레나(민간임대),경상남도 고성군 고성읍 교사리 97,경남,고성군,,,2027-09,,,161,161,,,,,임대,,,,,https://www.data.go.kr/data/15111714/fileData.do,공공데이터포털 파일데이터. 출처표시 필요. 입주예정월은 원천 기준 예정값.,2026-05-12 17:21:55,15111714.csv,csv,public_allowed,ok,
reb_movein_plan,한국부동산원_주택공급정보_입주예정물량정보,15111714:235,2ae84e1a817e3b0d,김해 구산 롯데캐슬 시그니처,경상남도 김해시 구산동 593-0,경남,김해시,,,2027-09,,,714,714,,,,,분양,,,,,https://www.data.go.kr/data/15111714/fileData.do,공공데이터포털 파일데이터. 출처표시 필요. 입주예정월은 원천 기준 예정값.,2026-05-12 17:21:55,15111714.csv,csv,public_allowed,ok,
reb_movein_plan,한국부동산원_주택공급정보_입주예정물량정보,15111714:236,48f762562589a1fa,김해 삼계 푸르지오 센트럴파크,경상남도 김해시 삼계동 1027-3,경남,김해시,,,2027-04,,,630,630,,,,,분양,,,,,https://www.data.go.kr/data/15111714/fileData.do,공공데이터포털 파일데이터. 출처표시 필요. 입주예정월은 원천 기준 예정값.,2026-05-12 17:21:55,15111714.csv,csv,public_allowed,ok,
reb_movein_plan,한국부동산원_주택공급정보_입주예정물량정보,15111714:237,41c31e62ff2b21f6,김해 대청천 에피트,경상남도 김해시 삼문동 466-0,경남,김해시,,,2026-05,,,423,423,,,,,분양,,,,,https://www.data.go.kr/data/15111714/fileData.do,공공데이터포털 파일데이터. 출처표시 필요. 입주예정월은 원천 기준 예정값.,2026-05-12 17:21:55,15111714.csv,csv,public_allowed,ok,
reb_movein_plan,한국부동산원_주택공급정보_입주예정물량정보,15111714:238,93072c90d2b524e1,더샵 신문그리니티,경상남도 김해시 신문동 0-0,경남,김해시,,,2026-02,,,1146,1146,,,,,분양,,,,,https://www.data.go.kr/data/15111714/fileData.do,공공데이터포털 파일데이터. 출처표시 필요. 입주예정월은 원천 기준 예정값.,2026-05-12 17:21:55,15111714.csv,csv,public_allowed,ok,
reb_movein_plan,한국부동산원_주택공급정보_입주예정물량정보,15111714:239,21beea89151b30cc,삼문 시그니처 웰가,경상남도 밀양시 삼문동 620-1,경남,밀양시,,,2026-10,,,232,232,,,,,분양,,,,,https://www.data.go.kr/data/15111714/fileData.do,공공데이터포털 파일데이터. 출처표시 필요. 입주예정월은 원천 기준 예정값.,2026-05-12 17:21:55,15111714.csv,csv,public_allowed,ok,
reb_movein_plan,한국부동산원_주택공급정보_입주예정물량정보,15111714:240,c58e8006fd7f9a62,e편한세상 삼천포 오션프라임,경상남도 사천시 동금동 151-1번지 일원,경남,사천시,,,2026-02,,,677,677,,,,,분양,,,,,https://www.data.go.kr/data/15111714/fileData.do,공공데이터포털 파일데이터. 출처표시 필요. 입주예정월은 원천 기준 예정값.,2026-05-12 17:21:55,15111714.csv,csv,public_allowed,ok,
reb_movein_plan,한국부동산원_주택공급정보_입주예정물량정보,15111714:241,4d2d48675c1b4fdc,우방아이유쉘 중부센트럴,경상남도 양산시 중부동 160-0,경남,양산시,,,2026-04,,,308,308,,,,,분양,,,,,https://www.data.go.kr/data/15111714/fileData.do,공공데이터포털 파일데이터. 출처표시 필요. 입주예정월은 원천 기준 예정값.,2026-05-12 17:21:55,15111714.csv,csv,public_allowed,ok,
reb_movein_plan,한국부동산원_주택공급정보_입주예정물량정보,15111714:242,2c53113e6bbfcc86,푸르지오 파크베뉴,경상남도 창원시 성산구 가음동 24-1,경남,창원시 성산구,,,2027-06,,,570,570,,,,,분양,,,,,https://www.data.go.kr/data/15111714/fileData.do,공공데이터포털 파일데이터. 출처표시 필요. 입주예정월은 원천 기준 예정값.,2026-05-12 17:21:55,15111714.csv,csv,public_allowed,ok,
reb_movein_plan,한국부동산원_주택공급정보_입주예정물량정보,15111714:243,6beeeb73d0bb763f,창원 센트럴 아이파크,경상남도 창원시 성산구 신월동 90-0,경남,창원시 성산구,,,2026-09,,,1509,1509,,,,,분양,,,,,https://www.data.go.kr/data/15111714/fileData.do,공공데이터포털 파일데이터. 출처표시 필요. 입주예정월은 원천 기준 예정값.,2026-05-12 17:21:55,15111714.csv,csv,public_allowed,ok,
reb_movein_plan,한국부동산원_주택공급정보_입주예정물량정보,15111714:244,d4a121d764dbe696,성산 더리브 포레스트,경상남도 창원시 성산구 신촌동 34-1,경남,창원시 성산구,,,2027-12,,,258,258,,,,,분양,,,,,https://www.data.go.kr/data/15111714/fileData.do,공공데이터포털 파일데이터. 출처표시 필요. 입주예정월은 원천 기준 예정값.,2026-05-12 17:21:55,15111714.csv,csv,public_allowed,ok,
reb_movein_plan,한국부동산원_주택공급정보_입주예정물량정보,15111714:245,ced4fafae44251a9,창원 롯데캐슬 포레스트[1BL],경상남도 창원시 의창구 사화동 670-1,경남,창원시 의창구,,,2026-05,,,967,967,,,,,분양,,,,,https://www.data.go.kr/data/15111714/fileData.do,공공데이터포털 파일데이터. 출처표시 필요. 입주예정월은 원천 기준 예정값.,2026-05-12 17:21:55,15111714.csv,csv,public_allowed,ok,
reb_movein_plan,한국부동산원_주택공급정보_입주예정물량정보,15111714:246,9e5f5f63de8fd593,창원 롯데캐슬 포레스트[2BL],경상남도 창원시 의창구 사화동 670-2,경남,창원시 의창구,,,2026-02,,,998,998,,,,,분양,,,,,https://www.data.go.kr/data/15111714/fileData.do,공공데이터포털 파일데이터. 출처표시 필요. 입주예정월은 원천 기준 예정값.,2026-05-12 17:21:55,15111714.csv,csv,public_allowed,ok,
reb_movein_plan,한국부동산원_주택공급정보_입주예정물량정보,15111714:247,3a03f5d1c92d0cdd,창녕영산 1BL 행복주택,경상남도 창녕군 영산면 서리 175번지 일원,경남,창녕군,,,2026-09,,,150,150,,,,,임대,,,,,https://www.data.go.kr/data/15111714/fileData.do,공공데이터포털 파일데이터. 출처표시 필요. 입주예정월은 원천 기준 예정값.,2026-05-12 17:21:55,15111714.csv,csv,public_allowed,ok,
reb_movein_plan,한국부동산원_주택공급정보_입주예정물량정보,15111714:248,992eecac1596d856,김해삼계동일스위트,경상남도 김해시 삼계동 397-1,경남,김해시,,,2026-01,,,299,299,,,,,분양,,,,,https://www.data.go.kr/data/15111714/fileData.do,공공데이터포털 파일데이터. 출처표시 필요. 입주예정월은 원천 기준 예정값.,2026-05-12 17:21:55,15111714.csv,csv,public_allowed,ok,
reb_movein_plan,한국부동산원_주택공급정보_입주예정물량정보,15111714:249,1427d38573498946,통영더유엘윈썸,경상남도 통영시 원평리 260,경남,통영시,,,2026-06,,,506,506,,,,,조합,,,,,https://www.data.go.kr/data/15111714/fileData.do,공공데이터포털 파일데이터. 출처표시 필요. 입주예정월은 원천 기준 예정값.,2026-05-12 17:21:55,15111714.csv,csv,public_allowed,ok,
reb_movein_plan,한국부동산원_주택공급정보_입주예정물량정보,15111714:250,cfb0116ffbe0531d,합천군 청년신혼부부 행복주택,경상남도 합천군 합천읍 합천리 1527번지 일원,경남,합천군,,,2026-08,,,30,30,,,,,임대,,,,,https://www.data.go.kr/data/15111714/fileData.do,공공데이터포털 파일데이터. 출처표시 필요. 입주예정월은 원천 기준 예정값.,2026-05-12 17:21:55,15111714.csv,csv,public_allowed,ok,
reb_movein_plan,한국부동산원_주택공급정보_입주예정물량정보,15111714:251,1156733d3a9c086e,고성형 근로자 주택(공공임대),경상남도 고성군 서외리 235-5,경남,고성군,,,2027-06,,,70,70,,,,,임대,,,,,https://www.data.go.kr/data/15111714/fileData.do,공공데이터포털 파일데이터. 출처표시 필요. 입주예정월은 원천 기준 예정값.,2026-05-12 17:21:55,15111714.csv,csv,public_allowed,ok,
reb_movein_plan,한국부동산원_주택공급정보_입주예정물량정보,15111714:252,f9369d3429d8cb6e,산청산청 공동주택,경상남도 산청군 산청읍 산청리 31전지 일원,경남,산청군,,,2027-02,,,30,30,,,,,임대,,,,,https://www.data.go.kr/data/15111714/fileData.do,공공데이터포털 파일데이터. 출처표시 필요. 입주예정월은 원천 기준 예정값.,2026-05-12 17:21:55,15111714.csv,csv,public_allowed,ok,
reb_movein_plan,한국부동산원_주택공급정보_입주예정물량정보,15111714:253,f9d4edc98f78ceef,공공주택건설사업(거창숙박시설 정비사업),경상남도 거창군 거창읍 대평리 1005-12,경남,거창군,,,2027-02,,,40,40,,,,,임대,,,,,https://www.data.go.kr/data/15111714/fileData.do,공공데이터포털 파일데이터. 출처표시 필요. 입주예정월은 원천 기준 예정값.,2026-05-12 17:21:55,15111714.csv,csv,public_allowed,ok,
reb_movein_plan,한국부동산원_주택공급정보_입주예정물량정보,15111714:254,1828ae17d81bc296,경주내남 고령자복지주택(영구임대),경상북도 경주시 내남면 이조리 148-1,경북,경주시,,,2026-12,,,90,90,,,,,임대,,,,,https://www.data.go.kr/data/15111714/fileData.do,공공데이터포털 파일데이터. 출처표시 필요. 입주예정월은 원천 기준 예정값.,2026-05-12 17:21:55,15111714.csv,csv,public_allowed,ok,
reb_movein_plan,한국부동산원_주택공급정보_입주예정물량정보,15111714:255,6ca0bea435c728a9,다산 월드메르디앙 센텀하이,경상북도 고령군 다산면 좌학리 139-1,경북,고령군,,,2026-07,,,463,463,,,,,분양,,,,,https://www.data.go.kr/data/15111714/fileData.do,공공데이터포털 파일데이터. 출처표시 필요. 입주예정월은 원천 기준 예정값.,2026-05-12 17:21:55,15111714.csv,csv,public_allowed,ok,
reb_movein_plan,한국부동산원_주택공급정보_입주예정물량정보,15111714:256,e892a9806577bb0e,힐스테이트 구미더퍼스트,경상북도 구미시 봉곡동 59-1,경북,구미시,,,2027-04,,,491,491,,,,,분양,,,,,https://www.data.go.kr/data/15111714/fileData.do,공공데이터포털 파일데이터. 출처표시 필요. 입주예정월은 원천 기준 예정값.,2026-05-12 17:21:55,15111714.csv,csv,public_allowed,ok,
reb_movein_plan,한국부동산원_주택공급정보_입주예정물량정보,15111714:257,4990bc12dcfb0374,신확장로제비앙메가시티(민간임대),경상북도 구미시 산동읍 동곡리 산 60-3,경북,구미시,,,2027-07,,,2740,2740,,,,,임대,,,,,https://www.data.go.kr/data/15111714/fileData.do,공공데이터포털 파일데이터. 출처표시 필요. 입주예정월은 원천 기준 예정값.,2026-05-12 17:21:55,15111714.csv,csv,public_allowed,ok,
reb_movein_plan,한국부동산원_주택공급정보_입주예정물량정보,15111714:258,ea3cab9e08262985,위파크 안동 호반,경상북도 안동시 옥동 산 70-0,경북,안동시,,,2027-01,,,820,820,,,,,분양,,,,,https://www.data.go.kr/data/15111714/fileData.do,공공데이터포털 파일데이터. 출처표시 필요. 입주예정월은 원천 기준 예정값.,2026-05-12 17:21:55,15111714.csv,csv,public_allowed,ok,
reb_movein_plan,한국부동산원_주택공급정보_입주예정물량정보,15111714:259,29d26247a08b3097,안동 용상 하늘채 리버스카이,경상북도 안동시 용상동 494-0,경북,안동시,,,2027-10,,,548,548,,,,,분양,,,,,https://www.data.go.kr/data/15111714/fileData.do,공공데이터포털 파일데이터. 출처표시 필요. 입주예정월은 원천 기준 예정값.,2026-05-12 17:21:55,15111714.csv,csv,public_allowed,ok,
reb_movein_plan,한국부동산원_주택공급정보_입주예정물량정보,15111714:260,c427655e39c388e9,영주자이 시그니처,경상북도 영주시 상망동 산78-1번지 일원,경북,영주시,,,2026-11,,,763,763,,,,,분양,,,,,https://www.data.go.kr/data/15111714/fileData.do,공공데이터포털 파일데이터. 출처표시 필요. 입주예정월은 원천 기준 예정값.,2026-05-12 17:21:55,15111714.csv,csv,public_allowed,ok,
reb_movein_plan,한국부동산원_주택공급정보_입주예정물량정보,15111714:261,15ff99bc27fc8369,울진후포 오션더캐슬,경상북도 울진군 후포면 금음리 5-4,경북,울진군,,,2026-06,,,123,123,,,,,분양,,,,,https://www.data.go.kr/data/15111714/fileData.do,공공데이터포털 파일데이터. 출처표시 필요. 입주예정월은 원천 기준 예정값.,2026-05-12 17:21:55,15111714.csv,csv,public_allowed,ok,
reb_movein_plan,한국부동산원_주택공급정보_입주예정물량정보,15111714:262,c62a64201aa0cd96,경북청도 행복주택,경상북도 청도군 청도읍 498번지 일원,경북,청도군,,,2027-05,,,42,42,,,,,임대,,,,,https://www.data.go.kr/data/15111714/fileData.do,공공데이터포털 파일데이터. 출처표시 필요. 입주예정월은 원천 기준 예정값.,2026-05-12 17:21:55,15111714.csv,csv,public_allowed,ok,
reb_movein_plan,한국부동산원_주택공급정보_입주예정물량정보,15111714:263,fae44c46adaa5a43,힐스테이트 더샵 상생공원 1단지,경상북도 포항시 남구 대잠동 871-0,경북,포항시 남구,,,2027-09,,,999,999,,,,,분양,,,,,https://www.data.go.kr/data/15111714/fileData.do,공공데이터포털 파일데이터. 출처표시 필요. 입주예정월은 원천 기준 예정값.,2026-05-12 17:21:55,15111714.csv,csv,public_allowed,ok,
reb_movein_plan,한국부동산원_주택공급정보_입주예정물량정보,15111714:264,2eaddba6376a72dc,힐스테이트 더샵 상생공원2단지,경상북도 포항시 남구 대잠동 산 81-4,경북,포항시 남구,,,2027-09,,,1668,1668,,,,,분양,,,,,https://www.data.go.kr/data/15111714/fileData.do,공공데이터포털 파일데이터. 출처표시 필요. 입주예정월은 원천 기준 예정값.,2026-05-12 17:21:55,15111714.csv,csv,public_allowed,ok,
reb_movein_plan,한국부동산원_주택공급정보_입주예정물량정보,15111714:265,1cc039a7cc20e198,학산 한신더휴 엘리트파크,경상북도 포항시 북구 학산동 산 53-15,경북,포항시 북구,,,2026-05,,,1455,1455,,,,,분양,,,,,https://www.data.go.kr/data/15111714/fileData.do,공공데이터포털 파일데이터. 출처표시 필요. 입주예정월은 원천 기준 예정값.,2026-05-12 17:21:55,15111714.csv,csv,public_allowed,ok,
reb_movein_plan,한국부동산원_주택공급정보_입주예정물량정보,15111714:266,d2b37d3e35e94ac7,포항자이 애서턴,경상북도 포항시 북구 학잠동 93-4,경북,포항시 북구,,,2026-05,,,1433,1433,,,,,분양,,,,,https://www.data.go.kr/data/15111714/fileData.do,공공데이터포털 파일데이터. 출처표시 필요. 입주예정월은 원천 기준 예정값.,2026-05-12 17:21:55,15111714.csv,csv,public_allowed,ok,
reb_movein_plan,한국부동산원_주택공급정보_입주예정물량정보,15111714:267,14ce11a9cef10d75,포항자이 디오션,경상북도 포항시 북구 항구동 17-358,경북,포항시 북구,,,2026-10,,,212,212,,,,,분양,,,,,https://www.data.go.kr/data/15111714/fileData.do,공공데이터포털 파일데이터. 출처표시 필요. 입주예정월은 원천 기준 예정값.,2026-05-12 17:21:55,15111714.csv,csv,public_allowed,ok,
reb_movein_plan,한국부동산원_주택공급정보_입주예정물량정보,15111714:268,686c395cca05b74f,포항흥해 국민임대주택,경상북도 포항시 북구 흥해읍 학성리 229번지 일원,경북,포항시 북구,,,2026-05,,,200,200,,,,,임대,,,,,https://www.data.go.kr/data/15111714/fileData.do,공공데이터포털 파일데이터. 출처표시 필요. 입주예정월은 원천 기준 예정값.,2026-05-12 17:21:55,15111714.csv,csv,public_allowed,ok,
reb_movein_plan,한국부동산원_주택공급정보_입주예정물량정보,15111714:269,5e9a43bebaf664d9,경산 2차 IPARK,경상북도 경산시 압량읍 압량리 200-0,경북,경산시,,,2027-04,,,745,745,,,,,분양,,,,,https://www.data.go.kr/data/15111714/fileData.do,공공데이터포털 파일데이터. 출처표시 필요. 입주예정월은 원천 기준 예정값.,2026-05-12 17:21:55,15111714.csv,csv,public_allowed,ok,
reb_movein_plan,한국부동산원_주택공급정보_입주예정물량정보,15111714:270,fce3eae5a198de3f,청도 고수리 공동주택 신축공사,경상북도 청도군 청도읍 863번지 일원,경북,청도군,,,2027-05,,,42,42,,,,,임대,,,,,https://www.data.go.kr/data/15111714/fileData.do,공공데이터포털 파일데이터. 출처표시 필요. 입주예정월은 원천 기준 예정값.,2026-05-12 17:21:55,15111714.csv,csv,public_allowed,ok,
reb_movein_plan,한국부동산원_주택공급정보_입주예정물량정보,15111714:271,88030b35cbebc742,"운암자이포레나 퍼스티체(1,2,3단지)",광주광역시 북구 운암동 252-0,광주,북구,,,2026-04,,,3214,3214,,,,,분양,,,,,https://www.data.go.kr/data/15111714/fileData.do,공공데이터포털 파일데이터. 출처표시 필요. 입주예정월은 원천 기준 예정값.,2026-05-12 17:21:55,15111714.csv,csv,public_allowed,ok,
reb_movein_plan,한국부동산원_주택공급정보_입주예정물량정보,15111714:272,b1eb6c6a6c9057f2,교대역 모아엘가 그랑데,광주광역시 동구 계림동 125-0,광주,동구,,,2026-05,,,815,815,,,,,분양,,,,,https://www.data.go.kr/data/15111714/fileData.do,공공데이터포털 파일데이터. 출처표시 필요. 입주예정월은 원천 기준 예정값.,2026-05-12 17:21:55,15111714.csv,csv,public_allowed,ok,
reb_movein_plan,한국부동산원_주택공급정보_입주예정물량정보,15111714:273,43c7673093cb0479,상무 양우내안愛 퍼스트힐,광주광역시 서구 마륵동 47-7,광주,서구,,,2026-05,,,312,312,,,,,분양,,,,,https://www.data.go.kr/data/15111714/fileData.do,공공데이터포털 파일데이터. 출처표시 필요. 입주예정월은 원천 기준 예정값.,2026-05-12 17:21:55,15111714.csv,csv,public_allowed,ok,
reb_movein_plan,한국부동산원_주택공급정보_입주예정물량정보,15111714:274,2f82472c6af1632f,예다음(B-2블록),광주광역시 광산구 운수동 선운2지구 B-2BL,광주,광산구,,,2026-07,,,554,554,,,,,분양,,,,,https://www.data.go.kr/data/15111714/fileData.do,공공데이터포털 파일데이터. 출처표시 필요. 입주예정월은 원천 기준 예정값.,2026-05-12 17:21:55,15111714.csv,csv,public_allowed,ok,
reb_movein_plan,한국부동산원_주택공급정보_입주예정물량정보,15111714:275,441925001f741e03,위파크 더 센트럴,광주광역시 서구 풍암동 10-12,광주,서구,,,2026-08,,,695,695,,,,,분양,,,,,https://www.data.go.kr/data/15111714/fileData.do,공공데이터포털 파일데이터. 출처표시 필요. 입주예정월은 원천 기준 예정값.,2026-05-12 17:21:55,15111714.csv,csv,public_allowed,ok,
reb_movein_plan,한국부동산원_주택공급정보_입주예정물량정보,15111714:276,b4667ceb27ec7462,운암산공원 진아리채 그랑뷰,광주광역시 북구 동림동 272-0,광주,북구,,,2026-09,,,414,414,,,,,분양,,,,,https://www.data.go.kr/data/15111714/fileData.do,공공데이터포털 파일데이터. 출처표시 필요. 입주예정월은 원천 기준 예정값.,2026-05-12 17:21:55,15111714.csv,csv,public_allowed,ok,
reb_movein_plan,한국부동산원_주택공급정보_입주예정물량정보,15111714:277,6da4c5bd3725bd3d,본촌동코오롱하늘채,광주광역시 북구 본촌동 180,광주,북구,,,2027-03,,,428,428,,,,,분양,,,,,https://www.data.go.kr/data/15111714/fileData.do,공공데이터포털 파일데이터. 출처표시 필요. 입주예정월은 원천 기준 예정값.,2026-05-12 17:21:55,15111714.csv,csv,public_allowed,ok,
reb_movein_plan,한국부동산원_주택공급정보_입주예정물량정보,15111714:278,3a4280eff19a01dd,연제첨단 광신프로그레스,광주광역시 북구 연제동 583-6,광주,북구,,,2026-09,,,380,380,,,,,분양,,,,,https://www.data.go.kr/data/15111714/fileData.do,공공데이터포털 파일데이터. 출처표시 필요. 입주예정월은 원천 기준 예정값.,2026-05-12 17:21:55,15111714.csv,csv,public_allowed,ok,
reb_movein_plan,한국부동산원_주택공급정보_입주예정물량정보,15111714:279,f8fb95778897abe0,위파크 일곡공원,광주광역시 북구 삼각동 700-0,광주,북구,,,2026-10,,,1004,1004,,,,,분양,,,,,https://www.data.go.kr/data/15111714/fileData.do,공공데이터포털 파일데이터. 출처표시 필요. 입주예정월은 원천 기준 예정값.,2026-05-12 17:21:55,15111714.csv,csv,public_allowed,ok,
reb_movein_plan,한국부동산원_주택공급정보_입주예정물량정보,15111714:280,b7d2c90953b917d2,첨단 제일풍경채 A5블록,광주광역시 북구 월출동 0-0,광주,북구,,,2026-10,,,584,584,,,,,분양,,,,,https://www.data.go.kr/data/15111714/fileData.do,공공데이터포털 파일데이터. 출처표시 필요. 입주예정월은 원천 기준 예정값.,2026-05-12 17:21:55,15111714.csv,csv,public_allowed,ok,
reb_movein_plan,한국부동산원_주택공급정보_입주예정물량정보,15111714:281,a745d26ff061b552,두산위브 트레지움 월산,광주광역시 남구 월산동 243-1,광주,남구,,,2026-12,,,320,320,,,,,분양,,,,,https://www.data.go.kr/data/15111714/fileData.do,공공데이터포털 파일데이터. 출처표시 필요. 입주예정월은 원천 기준 예정값.,2026-05-12 17:21:55,15111714.csv,csv,public_allowed,ok,
reb_movein_plan,한국부동산원_주택공급정보_입주예정물량정보,15111714:282,79c1f73b4b9733f6,힐스테이트 중외공원 3블록,광주광역시 북구 매곡동 355-0,광주,북구,,,2026-12,,,681,681,,,,,분양,,,,,https://www.data.go.kr/data/15111714/fileData.do,공공데이터포털 파일데이터. 출처표시 필요. 입주예정월은 원천 기준 예정값.,2026-05-12 17:21:55,15111714.csv,csv,public_allowed,ok,
reb_movein_plan,한국부동산원_주택공급정보_입주예정물량정보,15111714:283,8e6e66c6ad97447b,힐스테이트 중외공원 2블록,광주광역시 북구 매곡동 산 131-1,광주,북구,,,2026-12,,,785,785,,,,,분양,,,,,https://www.data.go.kr/data/15111714/fileData.do,공공데이터포털 파일데이터. 출처표시 필요. 입주예정월은 원천 기준 예정값.,2026-05-12 17:21:55,15111714.csv,csv,public_allowed,ok,
reb_movein_plan,한국부동산원_주택공급정보_입주예정물량정보,15111714:284,a7de472e1ac83f93,봉산공원 첨단 제일풍경채,광주광역시 광산구 산월동 산 22-0,광주,광산구,,,2027-05,,,948,948,,,,,분양,,,,,https://www.data.go.kr/data/15111714/fileData.do,공공데이터포털 파일데이터. 출처표시 필요. 입주예정월은 원천 기준 예정값.,2026-05-12 17:21:55,15111714.csv,csv,public_allowed,ok,
reb_movein_plan,한국부동산원_주택공급정보_입주예정물량정보,15111714:285,75aadd7a9f3401f4,운암산공원 우미린 리버포레,광주광역시 북구 동림동 산 90-1,광주,북구,,,2027-06,,,734,734,,,,,분양,,,,,https://www.data.go.kr/data/15111714/fileData.do,공공데이터포털 파일데이터. 출처표시 필요. 입주예정월은 원천 기준 예정값.,2026-05-12 17:21:55,15111714.csv,csv,public_allowed,ok,
reb_movein_plan,한국부동산원_주택공급정보_입주예정물량정보,15111714:286,f2ebdd074bb5bc57,중앙공원 롯데캐슬 시그니처 2-1BL,광주광역시 서구 금호동 80-0,광주,서구,,,2027-08,,,915,915,,,,,분양,,,,,https://www.data.go.kr/data/15111714/fileData.do,공공데이터포털 파일데이터. 출처표시 필요. 입주예정월은 원천 기준 예정값.,2026-05-12 17:21:55,15111714.csv,csv,public_allowed,ok,
reb_movein_plan,한국부동산원_주택공급정보_입주예정물량정보,15111714:287,347e12692b2a8648,중앙공원 롯데캐슬 시그니처 1BL,광주광역시 서구 풍암동 560-9,광주,서구,,,2027-08,,,929,929,,,,,분양,,,,,https://www.data.go.kr/data/15111714/fileData.do,공공데이터포털 파일데이터. 출처표시 필요. 입주예정월은 원천 기준 예정값.,2026-05-12 17:21:55,15111714.csv,csv,public_allowed,ok,
reb_movein_plan,한국부동산원_주택공급정보_입주예정물량정보,15111714:288,020debe94c6c8eb6,중앙공원 롯데캐슬 시그니처 2-2BL,광주광역시 서구 풍암동 569-0,광주,서구,,,2027-08,,,928,928,,,,,분양,,,,,https://www.data.go.kr/data/15111714/fileData.do,공공데이터포털 파일데이터. 출처표시 필요. 입주예정월은 원천 기준 예정값.,2026-05-12 17:21:55,15111714.csv,csv,public_allowed,ok,
reb_movein_plan,한국부동산원_주택공급정보_입주예정물량정보,15111714:289,3fdc87b34aa0507a,진월 더리브 라포레,광주광역시 남구 진월동 산 3-0,광주,남구,,,2027-10,,,300,300,,,,,분양,,,,,https://www.data.go.kr/data/15111714/fileData.do,공공데이터포털 파일데이터. 출처표시 필요. 입주예정월은 원천 기준 예정값.,2026-05-12 17:21:55,15111714.csv,csv,public_allowed,ok,
reb_movein_plan,한국부동산원_주택공급정보_입주예정물량정보,15111714:290,af090d34753a6414,한양립스 에듀포레,광주광역시 광산구 하산동 122-0,광주,광산구,,,2027-11,,,470,470,,,,,분양,,,,,https://www.data.go.kr/data/15111714/fileData.do,공공데이터포털 파일데이터. 출처표시 필요. 입주예정월은 원천 기준 예정값.,2026-05-12 17:21:55,15111714.csv,csv,public_allowed,ok,
reb_movein_plan,한국부동산원_주택공급정보_입주예정물량정보,15111714:291,e71760b653ddc31d,봉선동 르오네뜨 2차,광주광역시 남구 봉선동 161-0,광주,남구,,,2027-12,,,56,56,,,,,분양,,,,,https://www.data.go.kr/data/15111714/fileData.do,공공데이터포털 파일데이터. 출처표시 필요. 입주예정월은 원천 기준 예정값.,2026-05-12 17:21:55,15111714.csv,csv,public_allowed,ok,
reb_movein_plan,한국부동산원_주택공급정보_입주예정물량정보,15111714:292,8f4931fedbb51d67,광주 송암공원 중흥 S-클래스 SK VIEW,광주광역시 남구 송하동 177-5,광주,남구,,,2027-12,,,1575,1575,,,,,분양,,,,,https://www.data.go.kr/data/15111714/fileData.do,공공데이터포털 파일데이터. 출처표시 필요. 입주예정월은 원천 기준 예정값.,2026-05-12 17:21:55,15111714.csv,csv,public_allowed,ok,
reb_movein_plan,한국부동산원_주택공급정보_입주예정물량정보,15111714:293,82ebaa24a37e44ad,광주화정아이파크(2단지),광주광역시 서구 화정동 23-26,광주,서구,,,2027-12,,,316,316,,,,,분양,,,,,https://www.data.go.kr/data/15111714/fileData.do,공공데이터포털 파일데이터. 출처표시 필요. 입주예정월은 원천 기준 예정값.,2026-05-12 17:21:55,15111714.csv,csv,public_allowed,ok,
reb_movein_plan,한국부동산원_주택공급정보_입주예정물량정보,15111714:294,c3df6c01a1958d61,광주화정아이파크(1단지),광주광역시 서구 화정동 23-27,광주,서구,,,2027-12,,,389,389,,,,,분양,,,,,https://www.data.go.kr/data/15111714/fileData.do,공공데이터포털 파일데이터. 출처표시 필요. 입주예정월은 원천 기준 예정값.,2026-05-12 17:21:55,15111714.csv,csv,public_allowed,ok,
reb_movein_plan,한국부동산원_주택공급정보_입주예정물량정보,15111714:295,1c2dbf376a506b82,벨루미체 첨단,광주광역시 광산구 쌍암동 694-77,광주,광산구,,,2026-01,,,57,57,,,,,분양,,,,,https://www.data.go.kr/data/15111714/fileData.do,공공데이터포털 파일데이터. 출처표시 필요. 입주예정월은 원천 기준 예정값.,2026-05-12 17:21:55,15111714.csv,csv,public_allowed,ok,
reb_movein_plan,한국부동산원_주택공급정보_입주예정물량정보,15111714:296,c97a4c3d249ceaba,위파크 마륵공원,광주광역시 서구 금호동 산 109-0,광주,서구,,,2026-01,,,917,917,,,,,분양,,,,,https://www.data.go.kr/data/15111714/fileData.do,공공데이터포털 파일데이터. 출처표시 필요. 입주예정월은 원천 기준 예정값.,2026-05-12 17:21:55,15111714.csv,csv,public_allowed,ok,
reb_movein_plan,한국부동산원_주택공급정보_입주예정물량정보,15111714:297,5e6145f1faa720fb,무등산 한국아델리움 더힐,광주광역시 동구 지산동 317-19,광주,동구,,,2026-07,,,454,454,,,,,분양,,,,,https://www.data.go.kr/data/15111714/fileData.do,공공데이터포털 파일데이터. 출처표시 필요. 입주예정월은 원천 기준 예정값.,2026-05-12 17:21:55,15111714.csv,csv,public_allowed,ok,
reb_movein_plan,한국부동산원_주택공급정보_입주예정물량정보,15111714:298,678bf7e485dbb74e,봉선 남양휴튼 3차,광주광역시 남구 봉선동 1283-1,광주,남구,,,2026-09,,,304,304,,,,,분양,,,,,https://www.data.go.kr/data/15111714/fileData.do,공공데이터포털 파일데이터. 출처표시 필요. 입주예정월은 원천 기준 예정값.,2026-05-12 17:21:55,15111714.csv,csv,public_allowed,ok,
reb_movein_plan,한국부동산원_주택공급정보_입주예정물량정보,15111714:299,561ddcd0c34c7c93,소촌어등더포레젠,광주광역시 소촌동 산 76-1,광주,,,,2027-01,,,439,439,,,,,분양,,,,,https://www.data.go.kr/data/15111714/fileData.do,공공데이터포털 파일데이터. 출처표시 필요. 입주예정월은 원천 기준 예정값.,2026-05-12 17:21:55,15111714.csv,csv,public_allowed,ok,
reb_movein_plan,한국부동산원_주택공급정보_입주예정물량정보,15111714:300,7314e6c0556fa899,힐스테이트 대명 센트럴 2차,대구광역시 남구 대명동 202-1,대구,남구,,,2026-02,,,977,977,,,,,분양,,,,,https://www.data.go.kr/data/15111714/fileData.do,공공데이터포털 파일데이터. 출처표시 필요. 입주예정월은 원천 기준 예정값.,2026-05-12 17:21:55,15111714.csv,csv,public_allowed,ok,
reb_movein_plan,한국부동산원_주택공급정보_입주예정물량정보,15111714:301,6b6a9642cd808e44,대명자이 그랜드시티,대구광역시 남구 대명동 2301-2,대구,남구,,,2026-04,,,2023,2023,,,,,분양,,,,,https://www.data.go.kr/data/15111714/fileData.do,공공데이터포털 파일데이터. 출처표시 필요. 입주예정월은 원천 기준 예정값.,2026-05-12 17:21:55,15111714.csv,csv,public_allowed,ok,
reb_movein_plan,한국부동산원_주택공급정보_입주예정물량정보,15111714:302,af19b16ac6e5e4b3,감삼해링턴플레이스트라이빗4차,대구광역시 달서구 감삼동 553,대구,달서구,,,2026-04,,,299,299,,,,,분양,,,,,https://www.data.go.kr/data/15111714/fileData.do,공공데이터포털 파일데이터. 출처표시 필요. 입주예정월은 원천 기준 예정값.,2026-05-12 17:21:55,15111714.csv,csv,public_allowed,ok,
reb_movein_plan,한국부동산원_주택공급정보_입주예정물량정보,15111714:303,1709a2940c9d3f16,달서 푸르지오 시그니처,대구광역시 달서구 본리동 358-5,대구,달서구,,,2026-03,,,993,993,,,,,분양,,,,,https://www.data.go.kr/data/15111714/fileData.do,공공데이터포털 파일데이터. 출처표시 필요. 입주예정월은 원천 기준 예정값.,2026-05-12 17:21:55,15111714.csv,csv,public_allowed,ok,
reb_movein_plan,한국부동산원_주택공급정보_입주예정물량정보,15111714:304,5b391efded5b4062,본리동자이,대구광역시 달서구 본리동 661-9,대구,달서구,,,2027-02,,,360,360,,,,,분양,,,,,https://www.data.go.kr/data/15111714/fileData.do,공공데이터포털 파일데이터. 출처표시 필요. 입주예정월은 원천 기준 예정값.,2026-05-12 17:21:55,15111714.csv,csv,public_allowed,ok,
reb_movein_plan,한국부동산원_주택공급정보_입주예정물량정보,15111714:305,78bef19bf5842213,힐스테이트 동대구 센트럴,대구광역시 동구 신천동 137-1,대구,동구,,,2026-04,,,481,481,,,,,분양,,,,,https://www.data.go.kr/data/15111714/fileData.do,공공데이터포털 파일데이터. 출처표시 필요. 입주예정월은 원천 기준 예정값.,2026-05-12 17:21:55,15111714.csv,csv,public_allowed,ok,
reb_movein_plan,한국부동산원_주택공급정보_입주예정물량정보,15111714:306,ef45df6850965a03,벤처밸리 푸르지오,대구광역시 동구 신천동 311-4,대구,동구,,,2026-04,,,540,540,,,,,분양,,,,,https://www.data.go.kr/data/15111714/fileData.do,공공데이터포털 파일데이터. 출처표시 필요. 입주예정월은 원천 기준 예정값.,2026-05-12 17:21:55,15111714.csv,csv,public_allowed,ok,
reb_movein_plan,한국부동산원_주택공급정보_입주예정물량정보,15111714:307,3d1fab818dc01092,복현청어람더영(공공임대),대구광역시 북구 복현동 617-8,대구,북구,,,2026-06,,,278,278,,,,,임대,,,,,https://www.data.go.kr/data/15111714/fileData.do,공공데이터포털 파일데이터. 출처표시 필요. 입주예정월은 원천 기준 예정값.,2026-05-12 17:21:55,15111714.csv,csv,public_allowed,ok,
reb_movein_plan,한국부동산원_주택공급정보_입주예정물량정보,15111714:308,15c9678d26d06fa6,대구역 센트레빌 더 오페라,대구광역시 북구 칠성동2가 302-141,대구,북구,,,2026-04,,,245,245,,,,,분양,,,,,https://www.data.go.kr/data/15111714/fileData.do,공공데이터포털 파일데이터. 출처표시 필요. 입주예정월은 원천 기준 예정값.,2026-05-12 17:21:55,15111714.csv,csv,public_allowed,ok,
reb_movein_plan,한국부동산원_주택공급정보_입주예정물량정보,15111714:309,7488d64abf59d434,대구 힐스테이트 칠성 더오페라,대구광역시 북구 칠성동2가 321-0,대구,북구,,,2026-02,,,577,577,,,,,분양,,,,,https://www.data.go.kr/data/15111714/fileData.do,공공데이터포털 파일데이터. 출처표시 필요. 입주예정월은 원천 기준 예정값.,2026-05-12 17:21:55,15111714.csv,csv,public_allowed,ok,
reb_movein_plan,한국부동산원_주택공급정보_입주예정물량정보,15111714:310,c15c0e9425965ffe,두산위브더제니스 센트럴시티,대구광역시 북구 학정동 732-1,대구,북구,,,2027-06,,,1098,1098,,,,,분양,,,,,https://www.data.go.kr/data/15111714/fileData.do,공공데이터포털 파일데이터. 출처표시 필요. 입주예정월은 원천 기준 예정값.,2026-05-12 17:21:55,15111714.csv,csv,public_allowed,ok,
reb_movein_plan,한국부동산원_주택공급정보_입주예정물량정보,15111714:311,e3d99fb3d2f18969,만촌파크드림에디움,대구광역시 수성구 만촌동 862-2,대구,수성구,,,2027-06,,,54,54,,,,,분양,,,,,https://www.data.go.kr/data/15111714/fileData.do,공공데이터포털 파일데이터. 출처표시 필요. 입주예정월은 원천 기준 예정값.,2026-05-12 17:21:55,15111714.csv,csv,public_allowed,ok,
reb_movein_plan,한국부동산원_주택공급정보_입주예정물량정보,15111714:312,66214da93ee92b6e,범어자이,대구광역시 수성구 범어동 48-26,대구,수성구,,,2026-02,,,399,399,,,,,분양,,,,,https://www.data.go.kr/data/15111714/fileData.do,공공데이터포털 파일데이터. 출처표시 필요. 입주예정월은 원천 기준 예정값.,2026-05-12 17:21:55,15111714.csv,csv,public_allowed,ok,
reb_movein_plan,한국부동산원_주택공급정보_입주예정물량정보,15111714:313,c9f187ba1255db23,대구사일동더샵,대구광역시 중구 사일동 15-1,대구,중구,,,2026-08,,,299,299,,,,,분양,,,,,https://www.data.go.kr/data/15111714/fileData.do,공공데이터포털 파일데이터. 출처표시 필요. 입주예정월은 원천 기준 예정값.,2026-05-12 17:21:55,15111714.csv,csv,public_allowed,ok,
reb_movein_plan,한국부동산원_주택공급정보_입주예정물량정보,15111714:314,0c1a378d8469c40c,e편한세상 명덕역 퍼스트마크,대구광역시 남구 대명동 2017-2,대구,남구,,,2026-01,,,1758,1758,,,,,분양,,,,,https://www.data.go.kr/data/15111714/fileData.do,공공데이터포털 파일데이터. 출처표시 필요. 입주예정월은 원천 기준 예정값.,2026-05-12 17:21:55,15111714.csv,csv,public_allowed,ok,
reb_movein_plan,한국부동산원_주택공급정보_입주예정물량정보,15111714:315,809b243ffe4df717,칠성호반써밋하이브파크(민간임대),대구광역시 북구 칠성동2가 725,대구,북구,,,2026-01,,,446,446,,,,,임대,,,,,https://www.data.go.kr/data/15111714/fileData.do,공공데이터포털 파일데이터. 출처표시 필요. 입주예정월은 원천 기준 예정값.,2026-05-12 17:21:55,15111714.csv,csv,public_allowed,ok,
reb_movein_plan,한국부동산원_주택공급정보_입주예정물량정보,15111714:316,53dcfe66da2a9010,어나드 범어,대구광역시 수성구 범어동 1-0,대구,수성구,,,2026-01,,,604,604,,,,,분양,,,,,https://www.data.go.kr/data/15111714/fileData.do,공공데이터포털 파일데이터. 출처표시 필요. 입주예정월은 원천 기준 예정값.,2026-05-12 17:21:55,15111714.csv,csv,public_allowed,ok,
reb_movein_plan,한국부동산원_주택공급정보_입주예정물량정보,15111714:317,ea2555fdebb1d3f3,태왕아너스프리미어,대구광역시 북구 관음동 603,대구,북구,,,2026-05,,,200,200,,,,,분양,,,,,https://www.data.go.kr/data/15111714/fileData.do,공공데이터포털 파일데이터. 출처표시 필요. 입주예정월은 원천 기준 예정값.,2026-05-12 17:21:55,15111714.csv,csv,public_allowed,ok,
reb_movein_plan,한국부동산원_주택공급정보_입주예정물량정보,15111714:318,59bd7f21d43d74ed,명덕역루지움푸르나임,대구광역시 중구 남산동 2116-19,대구,중구,,,2026-05,,,152,152,,,,,분양,,,,,https://www.data.go.kr/data/15111714/fileData.do,공공데이터포털 파일데이터. 출처표시 필요. 입주예정월은 원천 기준 예정값.,2026-05-12 17:21:55,15111714.csv,csv,public_allowed,ok,
reb_movein_plan,한국부동산원_주택공급정보_입주예정물량정보,15111714:319,d31f2cda6b2f1800,달서롯데캐슬 센트럴스카이,대구광역시 달서구 본동 1212,대구,달서구,,,2026-01,,,481,481,,,,,분양,,,,,https://www.data.go.kr/data/15111714/fileData.do,공공데이터포털 파일데이터. 출처표시 필요. 입주예정월은 원천 기준 예정값.,2026-05-12 17:21:55,15111714.csv,csv,public_allowed,ok,
reb_movein_plan,한국부동산원_주택공급정보_입주예정물량정보,15111714:320,5594d1fc0fa29e3b,동성로1가 주상복합 임대주택,대구광역시 동성로1가 30-1,대구,,,,2027-04,,,174,174,,,,,분양,,,,,https://www.data.go.kr/data/15111714/fileData.do,공공데이터포털 파일데이터. 출처표시 필요. 입주예정월은 원천 기준 예정값.,2026-05-12 17:21:55,15111714.csv,csv,public_allowed,ok,
reb_movein_plan,한국부동산원_주택공급정보_입주예정물량정보,15111714:321,67527e0c665f08d1,대전 에테르 스위첸,대전광역시 서구 용문동 594-6,대전,서구,,,2026-01,,,138,138,,,,,분양,,,,,https://www.data.go.kr/data/15111714/fileData.do,공공데이터포털 파일데이터. 출처표시 필요. 입주예정월은 원천 기준 예정값.,2026-05-12 17:21:55,15111714.csv,csv,public_allowed,ok,
reb_movein_plan,한국부동산원_주택공급정보_입주예정물량정보,15111714:322,4910b7cbec5f959d,포레나 대전학하 1단지,대전광역시 유성구 학하동 676-1,대전,유성구,,,2026-02,,,1029,1029,,,,,분양,,,,,https://www.data.go.kr/data/15111714/fileData.do,공공데이터포털 파일데이터. 출처표시 필요. 입주예정월은 원천 기준 예정값.,2026-05-12 17:21:55,15111714.csv,csv,public_allowed,ok,
reb_movein_plan,한국부동산원_주택공급정보_입주예정물량정보,15111714:323,cf3812e2742f5184,가양동 다우갤러리 휴리움,대전광역시 동구 가양동 53-6,대전,동구,,,2027-01,,,224,224,,,,,조합,,,,,https://www.data.go.kr/data/15111714/fileData.do,공공데이터포털 파일데이터. 출처표시 필요. 입주예정월은 원천 기준 예정값.,2026-05-12 17:21:55,15111714.csv,csv,public_allowed,ok,
reb_movein_plan,한국부동산원_주택공급정보_입주예정물량정보,15111714:324,a9bd55aaea592eec,대전대덕한양수자인,대전광역시 대덕구 읍내동 521-9,대전,대덕구,,,2027-03,,,264,264,,,,,임대,,,,,https://www.data.go.kr/data/15111714/fileData.do,공공데이터포털 파일데이터. 출처표시 필요. 입주예정월은 원천 기준 예정값.,2026-05-12 17:21:55,15111714.csv,csv,public_allowed,ok,
reb_movein_plan,한국부동산원_주택공급정보_입주예정물량정보,15111714:325,cbe86ea3df6a1922,한화 포레나 대전월평공원 2단지,대전광역시 서구 도마동 산 39-1,대전,서구,,,2026-05,,,690,690,,,,,분양,,,,,https://www.data.go.kr/data/15111714/fileData.do,공공데이터포털 파일데이터. 출처표시 필요. 입주예정월은 원천 기준 예정값.,2026-05-12 17:21:55,15111714.csv,csv,public_allowed,ok,
reb_movein_plan,한국부동산원_주택공급정보_입주예정물량정보,15111714:326,9aaf2e475ea94ef8,한화 포레나 대전월평공원 1단지,대전광역시 서구 정림동 산 23-21,대전,서구,,,2026-05,,,659,659,,,,,분양,,,,,https://www.data.go.kr/data/15111714/fileData.do,공공데이터포털 파일데이터. 출처표시 필요. 입주예정월은 원천 기준 예정값.,2026-05-12 17:21:55,15111714.csv,csv,public_allowed,ok,
reb_movein_plan,한국부동산원_주택공급정보_입주예정물량정보,15111714:327,2f77f5837fae1329,e편한세상 대전역 센텀비스타,대전광역시 동구 삼성동 112-1,대전,동구,,,2026-06,,,400,400,,,,,분양,,,,,https://www.data.go.kr/data/15111714/fileData.do,공공데이터포털 파일데이터. 출처표시 필요. 입주예정월은 원천 기준 예정값.,2026-05-12 17:21:55,15111714.csv,csv,public_allowed,ok,
reb_movein_plan,한국부동산원_주택공급정보_입주예정물량정보,15111714:328,b603ac88b3e74050,도안 우미린 트리쉐이드,대전광역시 유성구 용계동 0-0,대전,유성구,,,2026-07,,,1754,1754,,,,,분양,,,,,https://www.data.go.kr/data/15111714/fileData.do,공공데이터포털 파일데이터. 출처표시 필요. 입주예정월은 원천 기준 예정값.,2026-05-12 17:21:55,15111714.csv,csv,public_allowed,ok,
reb_movein_plan,한국부동산원_주택공급정보_입주예정물량정보,15111714:329,5db5c1bb7995f23e,대전대흥 행복주택(일자리연계형 지원주택),대전광역시 중구 대흥동 452-38,대전,중구,,,2026-07,,,100,100,,,,,임대,,,,,https://www.data.go.kr/data/15111714/fileData.do,공공데이터포털 파일데이터. 출처표시 필요. 입주예정월은 원천 기준 예정값.,2026-05-12 17:21:55,15111714.csv,csv,public_allowed,ok,
reb_movein_plan,한국부동산원_주택공급정보_입주예정물량정보,15111714:330,8c6e638879fda31d,관저 푸르지오 센트럴파크 2단지,대전광역시 서구 가수원동 656-2,대전,서구,,,2026-11,,,330,330,,,,,분양,,,,,https://www.data.go.kr/data/15111714/fileData.do,공공데이터포털 파일데이터. 출처표시 필요. 입주예정월은 원천 기준 예정값.,2026-05-12 17:21:55,15111714.csv,csv,public_allowed,ok,
reb_movein_plan,한국부동산원_주택공급정보_입주예정물량정보,15111714:331,67781c3e501d74ef,관저 푸르지오 센트럴파크 1단지,대전광역시 서구 관저동 7-27,대전,서구,,,2026-11,,,330,330,,,,,분양,,,,,https://www.data.go.kr/data/15111714/fileData.do,공공데이터포털 파일데이터. 출처표시 필요. 입주예정월은 원천 기준 예정값.,2026-05-12 17:21:55,15111714.csv,csv,public_allowed,ok,
reb_movein_plan,한국부동산원_주택공급정보_입주예정물량정보,15111714:332,07d36616e947956e,e편한세상 서대전역 센트로,대전광역시 중구 문화동 330-0,대전,중구,,,2026-12,,,749,749,,,,,분양,,,,,https://www.data.go.kr/data/15111714/fileData.do,공공데이터포털 파일데이터. 출처표시 필요. 입주예정월은 원천 기준 예정값.,2026-05-12 17:21:55,15111714.csv,csv,public_allowed,ok,
reb_movein_plan,한국부동산원_주택공급정보_입주예정물량정보,15111714:333,ec1b0ad5b8daa0fe,힐스테이트 선화 더와이즈,대전광역시 중구 선화동 85-1,대전,중구,,,2027-02,,,851,851,,,,,분양,,,,,https://www.data.go.kr/data/15111714/fileData.do,공공데이터포털 파일데이터. 출처표시 필요. 입주예정월은 원천 기준 예정값.,2026-05-12 17:21:55,15111714.csv,csv,public_allowed,ok,
reb_movein_plan,한국부동산원_주택공급정보_입주예정물량정보,15111714:334,73b874cbb7fde7e0,도마 포레나해모로,대전광역시 서구 도마동 182-8,대전,서구,,,2027-03,,,818,818,,,,,분양,,,,,https://www.data.go.kr/data/15111714/fileData.do,공공데이터포털 파일데이터. 출처표시 필요. 입주예정월은 원천 기준 예정값.,2026-05-12 17:21:55,15111714.csv,csv,public_allowed,ok,
reb_movein_plan,한국부동산원_주택공급정보_입주예정물량정보,15111714:335,fa8adcb0dd909cb8,쌍용 더 플래티넘 네이처,대전광역시 대덕구 읍내동 51-9,대전,대덕구,,,2027-05,,,745,745,,,,,분양,,,,,https://www.data.go.kr/data/15111714/fileData.do,공공데이터포털 파일데이터. 출처표시 필요. 입주예정월은 원천 기준 예정값.,2026-05-12 17:21:55,15111714.csv,csv,public_allowed,ok,
reb_movein_plan,한국부동산원_주택공급정보_입주예정물량정보,15111714:336,b8f69242323c83b4,대전 성남 우미린 뉴시티,대전광역시 동구 성남동 1-97,대전,동구,,,2027-06,,,1213,1213,,,,,분양,,,,,https://www.data.go.kr/data/15111714/fileData.do,공공데이터포털 파일데이터. 출처표시 필요. 입주예정월은 원천 기준 예정값.,2026-05-12 17:21:55,15111714.csv,csv,public_allowed,ok,
reb_movein_plan,한국부동산원_주택공급정보_입주예정물량정보,15111714:337,f54f727932b172b5,힐스테이트 가장더퍼스트,대전광역시 서구 가장동 38-1,대전,서구,,,2027-06,,,1779,1779,,,,,분양,,,,,https://www.data.go.kr/data/15111714/fileData.do,공공데이터포털 파일데이터. 출처표시 필요. 입주예정월은 원천 기준 예정값.,2026-05-12 17:21:55,15111714.csv,csv,public_allowed,ok,
reb_movein_plan,한국부동산원_주택공급정보_입주예정물량정보,15111714:338,1665c603889819de,힐스테이트 도안리버파크 5단지,대전광역시 유성구 복용동 0-0,대전,유성구,,,2027-08,,,443,443,,,,,분양,,,,,https://www.data.go.kr/data/15111714/fileData.do,공공데이터포털 파일데이터. 출처표시 필요. 입주예정월은 원천 기준 예정값.,2026-05-12 17:21:55,15111714.csv,csv,public_allowed,ok,
reb_movein_plan,한국부동산원_주택공급정보_입주예정물량정보,15111714:339,d1034804117911c6,힐스테이트 도안리버파크 1단지,대전광역시 유성구 학하동 0-0,대전,유성구,,,2027-08,,,1124,1124,,,,,분양,,,,,https://www.data.go.kr/data/15111714/fileData.do,공공데이터포털 파일데이터. 출처표시 필요. 입주예정월은 원천 기준 예정값.,2026-05-12 17:21:55,15111714.csv,csv,public_allowed,ok,
reb_movein_plan,한국부동산원_주택공급정보_입주예정물량정보,15111714:340,8548d4b42d6322a7,문화자이SKVIEW,대전광역시 중구 문화동 435-42,대전,중구,,,2027-08,,,1746,1746,,,,,분양,,,,,https://www.data.go.kr/data/15111714/fileData.do,공공데이터포털 파일데이터. 출처표시 필요. 입주예정월은 원천 기준 예정값.,2026-05-12 17:21:55,15111714.csv,csv,public_allowed,ok,
reb_movein_plan,한국부동산원_주택공급정보_입주예정물량정보,15111714:341,359b6d127537fbae,도안 푸르지오 디아델 29블록,대전광역시 유성구 용계동 70-0,대전,유성구,,,2027-09,,,772,772,,,,,분양,,,,,https://www.data.go.kr/data/15111714/fileData.do,공공데이터포털 파일데이터. 출처표시 필요. 입주예정월은 원천 기준 예정값.,2026-05-12 17:21:55,15111714.csv,csv,public_allowed,ok,
reb_movein_plan,한국부동산원_주택공급정보_입주예정물량정보,15111714:342,0b35be2112838550,도안 푸르지오 디아델 31블록,대전광역시 유성구 용계동 73-48,대전,유성구,,,2027-09,,,742,742,,,,,분양,,,,,https://www.data.go.kr/data/15111714/fileData.do,공공데이터포털 파일데이터. 출처표시 필요. 입주예정월은 원천 기준 예정값.,2026-05-12 17:21:55,15111714.csv,csv,public_allowed,ok,
reb_movein_plan,한국부동산원_주택공급정보_입주예정물량정보,15111714:343,b44b6954dd4dbf79,힐스테이트 도안리버파크 2단지,대전광역시 유성구 학하동 0-0,대전,유성구,,,2027-09,,,1437,1437,,,,,분양,,,,,https://www.data.go.kr/data/15111714/fileData.do,공공데이터포털 파일데이터. 출처표시 필요. 입주예정월은 원천 기준 예정값.,2026-05-12 17:21:55,15111714.csv,csv,public_allowed,ok,
reb_movein_plan,한국부동산원_주택공급정보_입주예정물량정보,15111714:344,d11a007a9e1ccb86,대전 르에브 스위첸 1단지,대전광역시 중구 대흥동 385-15,대전,중구,,,2027-09,,,440,440,,,,,분양,,,,,https://www.data.go.kr/data/15111714/fileData.do,공공데이터포털 파일데이터. 출처표시 필요. 입주예정월은 원천 기준 예정값.,2026-05-12 17:21:55,15111714.csv,csv,public_allowed,ok,
reb_movein_plan,한국부동산원_주택공급정보_입주예정물량정보,15111714:345,ec14ff406193b461,대전 르에브 스위첸 2단지,대전광역시 중구 대흥동 385-15,대전,중구,,,2027-09,,,838,838,,,,,분양,,,,,https://www.data.go.kr/data/15111714/fileData.do,공공데이터포털 파일데이터. 출처표시 필요. 입주예정월은 원천 기준 예정값.,2026-05-12 17:21:55,15111714.csv,csv,public_allowed,ok,
reb_movein_plan,한국부동산원_주택공급정보_입주예정물량정보,15111714:346,8baa4a58672401bf,둔산 엘리프 더센트럴,대전광역시 서구 괴정동 133-0,대전,서구,,,2027-10,,,864,864,,,,,분양,,,,,https://www.data.go.kr/data/15111714/fileData.do,공공데이터포털 파일데이터. 출처표시 필요. 입주예정월은 원천 기준 예정값.,2026-05-12 17:21:55,15111714.csv,csv,public_allowed,ok,
reb_movein_plan,한국부동산원_주택공급정보_입주예정물량정보,15111714:347,9306f3304f78dd2f,대전 롯데캐슬 더퍼스트,대전광역시 동구 가오동 394,대전,동구,,,2027-11,,,952,952,,,,,조합,,,,,https://www.data.go.kr/data/15111714/fileData.do,공공데이터포털 파일데이터. 출처표시 필요. 입주예정월은 원천 기준 예정값.,2026-05-12 17:21:55,15111714.csv,csv,public_allowed,ok,
reb_movein_plan,한국부동산원_주택공급정보_입주예정물량정보,15111714:348,8102f7896083b7bb,대전 문화공원 수자인,대전광역시 중구 문화동 47-0,대전,중구,,,2027-11,,,509,509,,,,,분양,,,,,https://www.data.go.kr/data/15111714/fileData.do,공공데이터포털 파일데이터. 출처표시 필요. 입주예정월은 원천 기준 예정값.,2026-05-12 17:21:55,15111714.csv,csv,public_allowed,ok,
reb_movein_plan,한국부동산원_주택공급정보_입주예정물량정보,15111714:349,fded15726c2486a2,힐스테이트 도안리버파크 3단지,대전광역시 유성구 학하동 0-0,대전,유성구,,,2027-12,,,1639,1639,,,,,분양,,,,,https://www.data.go.kr/data/15111714/fileData.do,공공데이터포털 파일데이터. 출처표시 필요. 입주예정월은 원천 기준 예정값.,2026-05-12 17:21:55,15111714.csv,csv,public_allowed,ok,
reb_movein_plan,한국부동산원_주택공급정보_입주예정물량정보,15111714:350,f84b702903e28fe5,"송촌동 560-1,7 도시형생활주택","대전광역시 대덕구 송촌동 560-1,7",대전,대덕구,,,2027-05,,,41,41,,,,,임대,,,,,https://www.data.go.kr/data/15111714/fileData.do,공공데이터포털 파일데이터. 출처표시 필요. 입주예정월은 원천 기준 예정값.,2026-05-12 17:21:55,15111714.csv,csv,public_allowed,ok,
reb_movein_plan,한국부동산원_주택공급정보_입주예정물량정보,15111714:351,54930003951ae4eb,부산에코델타시티 디에트르 더 퍼스트(28BL),부산광역시 강서구 강동동 0-0,부산,강서구,,,2026-07,,,972,972,,,,,분양,,,,,https://www.data.go.kr/data/15111714/fileData.do,공공데이터포털 파일데이터. 출처표시 필요. 입주예정월은 원천 기준 예정값.,2026-05-12 17:21:55,15111714.csv,csv,public_allowed,ok,
reb_movein_plan,한국부동산원_주택공급정보_입주예정물량정보,15111714:352,04e6b10475ff47ce,증흥S-클래스,부산광역시 강서구 강동동 0-0,부산,강서구,,,2026-11,,,1067,1067,,,,,분양,,,,,https://www.data.go.kr/data/15111714/fileData.do,공공데이터포털 파일데이터. 출처표시 필요. 입주예정월은 원천 기준 예정값.,2026-05-12 17:21:55,15111714.csv,csv,public_allowed,ok,
reb_movein_plan,한국부동산원_주택공급정보_입주예정물량정보,15111714:353,1e3f1f19d2b2d253,에코델타시티 대성베르힐 17BL,부산광역시 강서구 강동동 0-0,부산,강서구,,,2026-03,,,1120,1120,,,,,분양,,,,,https://www.data.go.kr/data/15111714/fileData.do,공공데이터포털 파일데이터. 출처표시 필요. 입주예정월은 원천 기준 예정값.,2026-05-12 17:21:55,15111714.csv,csv,public_allowed,ok,
reb_movein_plan,한국부동산원_주택공급정보_입주예정물량정보,15111714:354,e5f140ea93dbb65b,부산에코델타시티 디에트르 그랑루체(13BL),부산광역시 강서구 강동동 0-0,부산,강서구,,,2027-05,,,1470,1470,,,,,분양,,,,,https://www.data.go.kr/data/15111714/fileData.do,공공데이터포털 파일데이터. 출처표시 필요. 입주예정월은 원천 기준 예정값.,2026-05-12 17:21:55,15111714.csv,csv,public_allowed,ok,
reb_movein_plan,한국부동산원_주택공급정보_입주예정물량정보,15111714:355,0be8be3dc41caf60,부산에코델타시티 대방 엘리움 러버뷰,부산광역시 강서구 대저2동 0-0,부산,강서구,,,2027-10,,,470,470,,,,,분양,,,,,https://www.data.go.kr/data/15111714/fileData.do,공공데이터포털 파일데이터. 출처표시 필요. 입주예정월은 원천 기준 예정값.,2026-05-12 17:21:55,15111714.csv,csv,public_allowed,ok,
reb_movein_plan,한국부동산원_주택공급정보_입주예정물량정보,15111714:356,b87cc8ed69b1e978,부경경마공원역대방디에트르더리버(AP1)민간임대,부산광역시 강서구 범방동 2008,부산,강서구,,,2027-12,,,498,498,,,,,임대,,,,,https://www.data.go.kr/data/15111714/fileData.do,공공데이터포털 파일데이터. 출처표시 필요. 입주예정월은 원천 기준 예정값.,2026-05-12 17:21:55,15111714.csv,csv,public_allowed,ok,
reb_movein_plan,한국부동산원_주택공급정보_입주예정물량정보,15111714:357,7a3e4ff5e9705b79,e편한세상 금정 메종카운티,부산광역시 금정구 남산동 3-1,부산,금정구,,,2026-06,,,415,415,,,,,분양,,,,,https://www.data.go.kr/data/15111714/fileData.do,공공데이터포털 파일데이터. 출처표시 필요. 입주예정월은 원천 기준 예정값.,2026-05-12 17:21:55,15111714.csv,csv,public_allowed,ok,
reb_movein_plan,한국부동산원_주택공급정보_입주예정물량정보,15111714:358,4cf54d6aecdab6a9,더샵 금정위버시티,부산광역시 금정구 부곡동 200-1,부산,금정구,,,2027-02,,,994,994,,,,,분양,,,,,https://www.data.go.kr/data/15111714/fileData.do,공공데이터포털 파일데이터. 출처표시 필요. 입주예정월은 원천 기준 예정값.,2026-05-12 17:21:55,15111714.csv,csv,public_allowed,ok,
reb_movein_plan,한국부동산원_주택공급정보_입주예정물량정보,15111714:359,87850f080f7af1f1,일광 노르웨이숲 오션포레,부산광역시 기장군 일광읍 이천리 720-2,부산,기장군,,,2027-03,,,1294,1294,,,,,분양,,,,,https://www.data.go.kr/data/15111714/fileData.do,공공데이터포털 파일데이터. 출처표시 필요. 입주예정월은 원천 기준 예정값.,2026-05-12 17:21:55,15111714.csv,csv,public_allowed,ok,
reb_movein_plan,한국부동산원_주택공급정보_입주예정물량정보,15111714:360,c3d3bb75e799cd40,부산 장안지구 우미 린 프리미어,부산광역시 기장군 장안읍 좌동리 0-0,부산,기장군,,,2027-12,,,419,419,,,,,분양,,,,,https://www.data.go.kr/data/15111714/fileData.do,공공데이터포털 파일데이터. 출처표시 필요. 입주예정월은 원천 기준 예정값.,2026-05-12 17:21:55,15111714.csv,csv,public_allowed,ok,
reb_movein_plan,한국부동산원_주택공급정보_입주예정물량정보,15111714:361,298f77490944bdf3,부산장안지구 디에트르 디 오션(B3BL),부산광역시 기장군 장안읍 좌천리 0-0,부산,기장군,,,2027-02,,,507,507,,,,,분양,,,,,https://www.data.go.kr/data/15111714/fileData.do,공공데이터포털 파일데이터. 출처표시 필요. 입주예정월은 원천 기준 예정값.,2026-05-12 17:21:55,15111714.csv,csv,public_allowed,ok,
reb_movein_plan,한국부동산원_주택공급정보_입주예정물량정보,15111714:362,c0eee0606ffa86b4,대연 디아이엘(1단지),부산광역시 남구 대연동 1619-0,부산,남구,,,2027-04,,,1351,1351,,,,,분양,,,,,https://www.data.go.kr/data/15111714/fileData.do,공공데이터포털 파일데이터. 출처표시 필요. 입주예정월은 원천 기준 예정값.,2026-05-12 17:21:55,15111714.csv,csv,public_allowed,ok,
reb_movein_plan,한국부동산원_주택공급정보_입주예정물량정보,15111714:363,7bedee83aa29e706,대연 디아이엘(2단지)+3단지(공공임대),부산광역시 남구 대연동 1619-0,부산,남구,,,2027-04,,,3137,3137,,,,,분양,,,,,https://www.data.go.kr/data/15111714/fileData.do,공공데이터포털 파일데이터. 출처표시 필요. 입주예정월은 원천 기준 예정값.,2026-05-12 17:21:55,15111714.csv,csv,public_allowed,ok,
reb_movein_plan,한국부동산원_주택공급정보_입주예정물량정보,15111714:364,2a43cf6ce1a0951a,한화포레나 부산대연,부산광역시 남구 대연동 455-25,부산,남구,,,2026-05,,,367,367,,,,,분양,,,,,https://www.data.go.kr/data/15111714/fileData.do,공공데이터포털 파일데이터. 출처표시 필요. 입주예정월은 원천 기준 예정값.,2026-05-12 17:21:55,15111714.csv,csv,public_allowed,ok,
reb_movein_plan,한국부동산원_주택공급정보_입주예정물량정보,15111714:365,d5b27b57b6580186,롯데캐슬 인피니엘,부산광역시 남구 문현동 295-1,부산,남구,,,2026-06,,,715,715,,,,,분양,,,,,https://www.data.go.kr/data/15111714/fileData.do,공공데이터포털 파일데이터. 출처표시 필요. 입주예정월은 원천 기준 예정값.,2026-05-12 17:21:55,15111714.csv,csv,public_allowed,ok,
reb_movein_plan,한국부동산원_주택공급정보_입주예정물량정보,15111714:366,4b1ff73f34773459,문현 푸르지오 트레시엘,부산광역시 남구 문현동 산 23-1,부산,남구,,,2027-09,,,960,960,,,,,분양,,,,,https://www.data.go.kr/data/15111714/fileData.do,공공데이터포털 파일데이터. 출처표시 필요. 입주예정월은 원천 기준 예정값.,2026-05-12 17:21:55,15111714.csv,csv,public_allowed,ok,
reb_movein_plan,한국부동산원_주택공급정보_입주예정물량정보,15111714:367,8ff38b925459225c,해링턴 마레,부산광역시 남구 우암동 189-0,부산,남구,,,2026-12,,,2205,2205,,,,,분양,,,,,https://www.data.go.kr/data/15111714/fileData.do,공공데이터포털 파일데이터. 출처표시 필요. 입주예정월은 원천 기준 예정값.,2026-05-12 17:21:55,15111714.csv,csv,public_allowed,ok,
reb_movein_plan,한국부동산원_주택공급정보_입주예정물량정보,15111714:368,2f094a922963b6ca,퀸즈이즈카운티,부산광역시 동구 범일동 828-9,부산,동구,,,2026-02,,,268,268,,,,,분양,,,,,https://www.data.go.kr/data/15111714/fileData.do,공공데이터포털 파일데이터. 출처표시 필요. 입주예정월은 원천 기준 예정값.,2026-05-12 17:21:55,15111714.csv,csv,public_allowed,ok,
reb_movein_plan,한국부동산원_주택공급정보_입주예정물량정보,15111714:369,1ee81cb308198e49,동래 반도 유보라,부산광역시 동래구 낙민동 76-1,부산,동래구,,,2026-11,,,400,400,,,,,분양,,,,,https://www.data.go.kr/data/15111714/fileData.do,공공데이터포털 파일데이터. 출처표시 필요. 입주예정월은 원천 기준 예정값.,2026-05-12 17:21:55,15111714.csv,csv,public_allowed,ok,
reb_movein_plan,한국부동산원_주택공급정보_입주예정물량정보,15111714:370,2e6866f31cd6b285,동래 롯데캐슬 시그니처,부산광역시 동래구 수안동 36-2,부산,동래구,,,2027-11,,,870,870,,,,,분양,,,,,https://www.data.go.kr/data/15111714/fileData.do,공공데이터포털 파일데이터. 출처표시 필요. 입주예정월은 원천 기준 예정값.,2026-05-12 17:21:55,15111714.csv,csv,public_allowed,ok,
reb_movein_plan,한국부동산원_주택공급정보_입주예정물량정보,15111714:371,2662cf73cb680174,동래 에코팰리스 아시아드,부산광역시 동래구 온천동 1248-10,부산,동래구,,,2027-02,,,160,160,,,,,분양,,,,,https://www.data.go.kr/data/15111714/fileData.do,공공데이터포털 파일데이터. 출처표시 필요. 입주예정월은 원천 기준 예정값.,2026-05-12 17:21:55,15111714.csv,csv,public_allowed,ok,
reb_movein_plan,한국부동산원_주택공급정보_입주예정물량정보,15111714:372,fb2ff1e7fcdab12b,힐스테이트 가야 1단지,부산광역시 부산진구 가야동 197-0,부산,부산진구,,,2026-12,,,406,406,,,,,분양,,,,,https://www.data.go.kr/data/15111714/fileData.do,공공데이터포털 파일데이터. 출처표시 필요. 입주예정월은 원천 기준 예정값.,2026-05-12 17:21:55,15111714.csv,csv,public_allowed,ok,
reb_movein_plan,한국부동산원_주택공급정보_입주예정물량정보,15111714:373,7405b4862c954673,힐스테이트 가야 2단지,부산광역시 부산진구 가야동 197-3,부산,부산진구,,,2026-12,,,81,81,,,,,분양,,,,,https://www.data.go.kr/data/15111714/fileData.do,공공데이터포털 파일데이터. 출처표시 필요. 입주예정월은 원천 기준 예정값.,2026-05-12 17:21:55,15111714.csv,csv,public_allowed,ok,
reb_movein_plan,한국부동산원_주택공급정보_입주예정물량정보,15111714:374,7a5d0ff2fd6eaac1,서면 어반센트 데시앙,부산광역시 부산진구 부암동 690-8,부산,부산진구,,,2027-09,,,762,762,,,,,분양,,,,,https://www.data.go.kr/data/15111714/fileData.do,공공데이터포털 파일데이터. 출처표시 필요. 입주예정월은 원천 기준 예정값.,2026-05-12 17:21:55,15111714.csv,csv,public_allowed,ok,
reb_movein_plan,한국부동산원_주택공급정보_입주예정물량정보,15111714:375,cacda3d20030bac2,양정 롯데캐슬 프론티엘,부산광역시 부산진구 양정동 64-3,부산,부산진구,,,2027-03,,,903,903,,,,,분양,,,,,https://www.data.go.kr/data/15111714/fileData.do,공공데이터포털 파일데이터. 출처표시 필요. 입주예정월은 원천 기준 예정값.,2026-05-12 17:21:55,15111714.csv,csv,public_allowed,ok,
reb_movein_plan,한국부동산원_주택공급정보_입주예정물량정보,15111714:376,b6eea6e034c78f13,더샵 리오몬트,부산광역시 사상구 엄궁동 132-0,부산,사상구,,,2027-06,,,1305,1305,,,,,분양,,,,,https://www.data.go.kr/data/15111714/fileData.do,공공데이터포털 파일데이터. 출처표시 필요. 입주예정월은 원천 기준 예정값.,2026-05-12 17:21:55,15111714.csv,csv,public_allowed,ok,
reb_movein_plan,한국부동산원_주택공급정보_입주예정물량정보,15111714:377,01bdca33fc686e83,사하 경남아너스빌 시그니처,부산광역시 사하구 감천동 582-1,부산,사하구,,,2027-12,,,380,380,,,,,분양,,,,,https://www.data.go.kr/data/15111714/fileData.do,공공데이터포털 파일데이터. 출처표시 필요. 입주예정월은 원천 기준 예정값.,2026-05-12 17:21:55,15111714.csv,csv,public_allowed,ok,
reb_movein_plan,한국부동산원_주택공급정보_입주예정물량정보,15111714:378,4b16e1b5c20622a4,더샵 당리센트리체,부산광역시 사하구 당리동 54-0,부산,사하구,,,2027-07,,,821,821,,,,,분양,,,,,https://www.data.go.kr/data/15111714/fileData.do,공공데이터포털 파일데이터. 출처표시 필요. 입주예정월은 원천 기준 예정값.,2026-05-12 17:21:55,15111714.csv,csv,public_allowed,ok,
reb_movein_plan,한국부동산원_주택공급정보_입주예정물량정보,15111714:379,fc720130673e9cb2,드파인광안,부산광역시 수영구 광안동 1240-38,부산,수영구,,,2026-06,,,1233,1233,,,,,분양,,,,,https://www.data.go.kr/data/15111714/fileData.do,공공데이터포털 파일데이터. 출처표시 필요. 입주예정월은 원천 기준 예정값.,2026-05-12 17:21:55,15111714.csv,csv,public_allowed,ok,
reb_movein_plan,한국부동산원_주택공급정보_입주예정물량정보,15111714:380,46fe5e500bca14d2,광안센텀 비스타동원,부산광역시 수영구 광안동 971-0,부산,수영구,,,2027-09,,,525,525,,,,,분양,,,,,https://www.data.go.kr/data/15111714/fileData.do,공공데이터포털 파일데이터. 출처표시 필요. 입주예정월은 원천 기준 예정값.,2026-05-12 17:21:55,15111714.csv,csv,public_allowed,ok,
reb_movein_plan,한국부동산원_주택공급정보_입주예정물량정보,15111714:381,cd36ffbfe51978de,거제역 양우내안애 아시아드,부산광역시 연제구 거제동 439-10,부산,연제구,,,2026-09,,,168,168,,,,,분양,,,,,https://www.data.go.kr/data/15111714/fileData.do,공공데이터포털 파일데이터. 출처표시 필요. 입주예정월은 원천 기준 예정값.,2026-05-12 17:21:55,15111714.csv,csv,public_allowed,ok,
reb_movein_plan,한국부동산원_주택공급정보_입주예정물량정보,15111714:382,50e152980af34e7f,시청역 해모로 센티아,부산광역시 연제구 연산동 1587-8,부산,연제구,,,2026-06,,,376,376,,,,,분양,,,,,https://www.data.go.kr/data/15111714/fileData.do,공공데이터포털 파일데이터. 출처표시 필요. 입주예정월은 원천 기준 예정값.,2026-05-12 17:21:55,15111714.csv,csv,public_allowed,ok,
reb_movein_plan,한국부동산원_주택공급정보_입주예정물량정보,15111714:383,bd736751517908bf,더폴 디오션,부산광역시 해운대구 송정동 201-1,부산,해운대구,,,2026-05,,,184,184,,,,,분양,,,,,https://www.data.go.kr/data/15111714/fileData.do,공공데이터포털 파일데이터. 출처표시 필요. 입주예정월은 원천 기준 예정값.,2026-05-12 17:21:55,15111714.csv,csv,public_allowed,ok,
reb_movein_plan,한국부동산원_주택공급정보_입주예정물량정보,15111714:384,004fe9c927548dba,재송2(재건축),부산광역시 해운대구 재송동 1030,부산,해운대구,,,2027-04,,,924,924,,,,,조합,,,,,https://www.data.go.kr/data/15111714/fileData.do,공공데이터포털 파일데이터. 출처표시 필요. 입주예정월은 원천 기준 예정값.,2026-05-12 17:21:55,15111714.csv,csv,public_allowed,ok,
reb_movein_plan,한국부동산원_주택공급정보_입주예정물량정보,15111714:385,f3205f777c02454d,가야역롯데캐슬스카이엘,부산광역시 부산진구 가야동 3-11,부산,부산진구,,,2026-01,,,725,725,,,,,분양,,,,,https://www.data.go.kr/data/15111714/fileData.do,공공데이터포털 파일데이터. 출처표시 필요. 입주예정월은 원천 기준 예정값.,2026-05-12 17:21:55,15111714.csv,csv,public_allowed,ok,
reb_movein_plan,한국부동산원_주택공급정보_입주예정물량정보,15111714:386,b30b9c3b3744376a,서면4차 봄여름가을겨울,부산광역시 부산진구 당감동 865-20,부산,부산진구,,,2026-06,,,607,607,,,,,분양,,,,,https://www.data.go.kr/data/15111714/fileData.do,공공데이터포털 파일데이터. 출처표시 필요. 입주예정월은 원천 기준 예정값.,2026-05-12 17:21:55,15111714.csv,csv,public_allowed,ok,
reb_movein_plan,한국부동산원_주택공급정보_입주예정물량정보,15111714:387,0d15b20669c8977d,아틀리에933,부산광역시 부산진구 양정동 406-5,부산,부산진구,,,2026-01,,,72,72,,,,,분양,,,,,https://www.data.go.kr/data/15111714/fileData.do,공공데이터포털 파일데이터. 출처표시 필요. 입주예정월은 원천 기준 예정값.,2026-05-12 17:21:55,15111714.csv,csv,public_allowed,ok,
reb_movein_plan,한국부동산원_주택공급정보_입주예정물량정보,15111714:388,9d4022d6a4687ccc,ESTIA 신장림 센트럴,부산광역시 사하구 장림동 432,부산,사하구,,,2026-06,,,108,108,,,,,분양,,,,,https://www.data.go.kr/data/15111714/fileData.do,공공데이터포털 파일데이터. 출처표시 필요. 입주예정월은 원천 기준 예정값.,2026-05-12 17:21:55,15111714.csv,csv,public_allowed,ok,
reb_movein_plan,한국부동산원_주택공급정보_입주예정물량정보,15111714:389,e8e4ef634f3044b3,강남구논현동221-16(청년안심주택),서울특별시 강남구 논현동 221-16,서울,강남구,,,2027-05,,,94,94,,,,,임대,,,,,https://www.data.go.kr/data/15111714/fileData.do,공공데이터포털 파일데이터. 출처표시 필요. 입주예정월은 원천 기준 예정값.,2026-05-12 17:21:55,15111714.csv,csv,public_allowed,ok,
reb_movein_plan,한국부동산원_주택공급정보_입주예정물량정보,15111714:390,00969d323e74b3ba,래미안 레벤투스,서울특별시 강남구 도곡동 540-0,서울,강남구,,,2026-10,,,308,308,,,,,분양,,,,,https://www.data.go.kr/data/15111714/fileData.do,공공데이터포털 파일데이터. 출처표시 필요. 입주예정월은 원천 기준 예정값.,2026-05-12 17:21:55,15111714.csv,csv,public_allowed,ok,
reb_movein_plan,한국부동산원_주택공급정보_입주예정물량정보,15111714:391,beb839f180b73fdc,도곡아테라,서울특별시 강남구 도곡동 547-1,서울,강남구,,,2027-07,,,82,82,,,,,분양,,,,,https://www.data.go.kr/data/15111714/fileData.do,공공데이터포털 파일데이터. 출처표시 필요. 입주예정월은 원천 기준 예정값.,2026-05-12 17:21:55,15111714.csv,csv,public_allowed,ok,
reb_movein_plan,한국부동산원_주택공급정보_입주예정물량정보,15111714:392,7eb1c229a24fd339,고덕강일3단지(사전예약),서울특별시 강동구 강일동 174,서울,강동구,,,2027-03,,,1305,1305,,,,,분양,,,,,https://www.data.go.kr/data/15111714/fileData.do,공공데이터포털 파일데이터. 출처표시 필요. 입주예정월은 원천 기준 예정값.,2026-05-12 17:21:55,15111714.csv,csv,public_allowed,ok,
reb_movein_plan,한국부동산원_주택공급정보_입주예정물량정보,15111714:393,738693053fcf4cd6,디 아테온(THE ATHEON),서울특별시 강동구 길동 336-1,서울,강동구,,,2026-06,,,64,64,,,,,분양,,,,,https://www.data.go.kr/data/15111714/fileData.do,공공데이터포털 파일데이터. 출처표시 필요. 입주예정월은 원천 기준 예정값.,2026-05-12 17:21:55,15111714.csv,csv,public_allowed,ok,
reb_movein_plan,한국부동산원_주택공급정보_입주예정물량정보,15111714:394,889d928ef0fcf685,올림픽파크 서한포레스트,서울특별시 강동구 둔촌동 489-0,서울,강동구,,,2027-11,,,128,128,,,,,분양,,,,,https://www.data.go.kr/data/15111714/fileData.do,공공데이터포털 파일데이터. 출처표시 필요. 입주예정월은 원천 기준 예정값.,2026-05-12 17:21:55,15111714.csv,csv,public_allowed,ok,
reb_movein_plan,한국부동산원_주택공급정보_입주예정물량정보,15111714:395,a23cfe2f4568d8d3,고덕강일 대성베르힐,서울특별시 강동구 상일동 0-0,서울,강동구,,,2027-10,,,613,613,,,,,분양,,,,,https://www.data.go.kr/data/15111714/fileData.do,공공데이터포털 파일데이터. 출처표시 필요. 입주예정월은 원천 기준 예정값.,2026-05-12 17:21:55,15111714.csv,csv,public_allowed,ok,
reb_movein_plan,한국부동산원_주택공급정보_입주예정물량정보,15111714:396,c079d349b416d1ab,성내동(청년안심주택),서울특별시 강동구 성내동 382-6,서울,강동구,,,2027-08,,,281,281,,,,,임대,,,,,https://www.data.go.kr/data/15111714/fileData.do,공공데이터포털 파일데이터. 출처표시 필요. 입주예정월은 원천 기준 예정값.,2026-05-12 17:21:55,15111714.csv,csv,public_allowed,ok,
reb_movein_plan,한국부동산원_주택공급정보_입주예정물량정보,15111714:397,1be6ddba5ff8f450,VIORR(비오르),서울특별시 강동구 천호동 356-0,서울,강동구,,,2026-05,,,53,53,,,,,분양,,,,,https://www.data.go.kr/data/15111714/fileData.do,공공데이터포털 파일데이터. 출처표시 필요. 입주예정월은 원천 기준 예정값.,2026-05-12 17:21:55,15111714.csv,csv,public_allowed,ok,
reb_movein_plan,한국부동산원_주택공급정보_입주예정물량정보,15111714:398,8c374cd9c9c6fc19,엘리프 미아역 1단지,서울특별시 강북구 미아동 194-2,서울,강북구,,,2026-06,,,78,78,,,,,분양,,,,,https://www.data.go.kr/data/15111714/fileData.do,공공데이터포털 파일데이터. 출처표시 필요. 입주예정월은 원천 기준 예정값.,2026-05-12 17:21:55,15111714.csv,csv,public_allowed,ok,
reb_movein_plan,한국부동산원_주택공급정보_입주예정물량정보,15111714:399,4029d52e5c4df90c,엘리프 미아역 2단지,서울특별시 강북구 미아동 195-0,서울,강북구,,,2026-06,,,182,182,,,,,분양,,,,,https://www.data.go.kr/data/15111714/fileData.do,공공데이터포털 파일데이터. 출처표시 필요. 입주예정월은 원천 기준 예정값.,2026-05-12 17:21:55,15111714.csv,csv,public_allowed,ok,
reb_movein_plan,한국부동산원_주택공급정보_입주예정물량정보,15111714:400,dfe7d6e4ff458f58,마곡공공R&D센터도전숙,서울특별시 강서구 가양동 0-0,서울,강서구,,,2026-08,,,201,201,,,,,임대,,,,,https://www.data.go.kr/data/15111714/fileData.do,공공데이터포털 파일데이터. 출처표시 필요. 입주예정월은 원천 기준 예정값.,2026-05-12 17:21:55,15111714.csv,csv,public_allowed,ok,
reb_movein_plan,한국부동산원_주택공급정보_입주예정물량정보,15111714:401,7d641936d63609f3,강서구공항동11-21(청년안심주택),서울특별시 강서구 공항동 11-21,서울,강서구,,,2026-07,,,176,176,,,,,임대,,,,,https://www.data.go.kr/data/15111714/fileData.do,공공데이터포털 파일데이터. 출처표시 필요. 입주예정월은 원천 기준 예정값.,2026-05-12 17:21:55,15111714.csv,csv,public_allowed,ok,
reb_movein_plan,한국부동산원_주택공급정보_입주예정물량정보,15111714:402,d3f2f4b10f86dea8,강서구공항동50-5(청년안심주택),서울특별시 강서구 공항동 50-5,서울,강서구,,,2026-12,,,157,157,,,,,임대,,,,,https://www.data.go.kr/data/15111714/fileData.do,공공데이터포털 파일데이터. 출처표시 필요. 입주예정월은 원천 기준 예정값.,2026-05-12 17:21:55,15111714.csv,csv,public_allowed,ok,
reb_movein_plan,한국부동산원_주택공급정보_입주예정물량정보,15111714:403,4c948a6549e092ee,힐스테이트 등촌역,서울특별시 강서구 등촌동 366-24,서울,강서구,,,2026-10,,,543,543,,,,,분양,,,,,https://www.data.go.kr/data/15111714/fileData.do,공공데이터포털 파일데이터. 출처표시 필요. 입주예정월은 원천 기준 예정값.,2026-05-12 17:21:55,15111714.csv,csv,public_allowed,ok,
reb_movein_plan,한국부동산원_주택공급정보_입주예정물량정보,15111714:404,887765be2001af3e,마곡동1410(공공임대),서울특별시 강서구 마곡동 1410,서울,강서구,,,2027-11,,,75,75,,,,,임대,,,,,https://www.data.go.kr/data/15111714/fileData.do,공공데이터포털 파일데이터. 출처표시 필요. 입주예정월은 원천 기준 예정값.,2026-05-12 17:21:55,15111714.csv,csv,public_allowed,ok,
reb_movein_plan,한국부동산원_주택공급정보_입주예정물량정보,15111714:405,94245424a3dea469,마곡10-2BL(공공임대),서울특별시 강서구 마곡동 747-1,서울,강서구,,,2026-08,,,577,577,,,,,임대,,,,,https://www.data.go.kr/data/15111714/fileData.do,공공데이터포털 파일데이터. 출처표시 필요. 입주예정월은 원천 기준 예정값.,2026-05-12 17:21:55,15111714.csv,csv,public_allowed,ok,
reb_movein_plan,한국부동산원_주택공급정보_입주예정물량정보,15111714:406,1002754a9da4a0c8,광진구구의동587-6(청년안심주택),서울특별시 광진구 구의동 587-6,서울,광진구,,,2026-08,,,174,174,,,,,임대,,,,,https://www.data.go.kr/data/15111714/fileData.do,공공데이터포털 파일데이터. 출처표시 필요. 입주예정월은 원천 기준 예정값.,2026-05-12 17:21:55,15111714.csv,csv,public_allowed,ok,
reb_movein_plan,한국부동산원_주택공급정보_입주예정물량정보,15111714:407,835dff4cfc95d1e0,강변역 센트럴 아이파크,서울특별시 광진구 구의동 592-39,서울,광진구,,,2026-11,,,215,215,,,,,분양,,,,,https://www.data.go.kr/data/15111714/fileData.do,공공데이터포털 파일데이터. 출처표시 필요. 입주예정월은 원천 기준 예정값.,2026-05-12 17:21:55,15111714.csv,csv,public_allowed,ok,
reb_movein_plan,한국부동산원_주택공급정보_입주예정물량정보,15111714:408,1f544a1bc2a28ae3,구의동246-10(청년안심주택),서울특별시 광진구 구의동 246-10,서울,광진구,,,2026-03,,,439,439,,,,,임대,,,,,https://www.data.go.kr/data/15111714/fileData.do,공공데이터포털 파일데이터. 출처표시 필요. 입주예정월은 원천 기준 예정값.,2026-05-12 17:21:55,15111714.csv,csv,public_allowed,ok,
reb_movein_plan,한국부동산원_주택공급정보_입주예정물량정보,15111714:409,755ae07d6fa776c5,개봉 루브루,서울특별시 구로구 개봉동 312-38,서울,구로구,,,2026-08,,,295,295,,,,,분양,,,,,https://www.data.go.kr/data/15111714/fileData.do,공공데이터포털 파일데이터. 출처표시 필요. 입주예정월은 원천 기준 예정값.,2026-05-12 17:21:55,15111714.csv,csv,public_allowed,ok,
reb_movein_plan,한국부동산원_주택공급정보_입주예정물량정보,15111714:410,ff155c6823d277ad,두산위브더프레스티지,서울특별시 구로구 개봉동 199-4,서울,구로구,,,2026-12,,,302,302,,,,,분양,,,,,https://www.data.go.kr/data/15111714/fileData.do,공공데이터포털 파일데이터. 출처표시 필요. 입주예정월은 원천 기준 예정값.,2026-05-12 17:21:55,15111714.csv,csv,public_allowed,ok,
reb_movein_plan,한국부동산원_주택공급정보_입주예정물량정보,15111714:411,5ddc5f637e3c6799,신도림역동문디이스트,서울특별시 구로구 구로동 33,서울,구로구,,,2026-04,,,61,61,,,,,분양,,,,,https://www.data.go.kr/data/15111714/fileData.do,공공데이터포털 파일데이터. 출처표시 필요. 입주예정월은 원천 기준 예정값.,2026-05-12 17:21:55,15111714.csv,csv,public_allowed,ok,
reb_movein_plan,한국부동산원_주택공급정보_입주예정물량정보,15111714:412,23c45f1786cf3f6d,독산동292-6(청년안심주택),서울특별시 금천구 독산동 292-6,서울,금천구,,,2026-09,,,589,589,,,,,임대,,,,,https://www.data.go.kr/data/15111714/fileData.do,공공데이터포털 파일데이터. 출처표시 필요. 입주예정월은 원천 기준 예정값.,2026-05-12 17:21:55,15111714.csv,csv,public_allowed,ok,
reb_movein_plan,한국부동산원_주택공급정보_입주예정물량정보,15111714:413,f837539a1c542402,금천구시흥동103-3(청년안심주택),서울특별시 금천구 시흥동 103-3,서울,금천구,,,2026-12,,,180,180,,,,,임대,,,,,https://www.data.go.kr/data/15111714/fileData.do,공공데이터포털 파일데이터. 출처표시 필요. 입주예정월은 원천 기준 예정값.,2026-05-12 17:21:55,15111714.csv,csv,public_allowed,ok,
reb_movein_plan,한국부동산원_주택공급정보_입주예정물량정보,15111714:414,7164d4c897e39acf,한신더휴 하이엔에듀포레,서울특별시 금천구 시흥동 220-2,서울,금천구,,,2027-12,,,219,219,,,,,분양,,,,,https://www.data.go.kr/data/15111714/fileData.do,공공데이터포털 파일데이터. 출처표시 필요. 입주예정월은 원천 기준 예정값.,2026-05-12 17:21:55,15111714.csv,csv,public_allowed,ok,
reb_movein_plan,한국부동산원_주택공급정보_입주예정물량정보,15111714:415,4fe90cf62af3cfb8,공릉군관사신혼희망타운(공공분양),서울특별시 노원구 공릉동 240-1,서울,노원구,,,2027-10,,,214,214,,,,,분양임대,,,,,https://www.data.go.kr/data/15111714/fileData.do,공공데이터포털 파일데이터. 출처표시 필요. 입주예정월은 원천 기준 예정값.,2026-05-12 17:21:55,15111714.csv,csv,public_allowed,ok,
reb_movein_plan,한국부동산원_주택공급정보_입주예정물량정보,15111714:416,ea1626048ff37e4f,하우스토리 센트럴포레,서울특별시 노원구 공릉동 270-71,서울,노원구,,,2027-06,,,161,161,,,,,분양,,,,,https://www.data.go.kr/data/15111714/fileData.do,공공데이터포털 파일데이터. 출처표시 필요. 입주예정월은 원천 기준 예정값.,2026-05-12 17:21:55,15111714.csv,csv,public_allowed,ok,
reb_movein_plan,한국부동산원_주택공급정보_입주예정물량정보,15111714:417,81e8950a0817399f,도봉 금호어울림 리버파크,서울특별시 도봉구 도봉동 95-0,서울,도봉구,,,2026-02,,,299,299,,,,,분양,,,,,https://www.data.go.kr/data/15111714/fileData.do,공공데이터포털 파일데이터. 출처표시 필요. 입주예정월은 원천 기준 예정값.,2026-05-12 17:21:55,15111714.csv,csv,public_allowed,ok,
reb_movein_plan,한국부동산원_주택공급정보_입주예정물량정보,15111714:418,662f8369b74416eb,청량리 롯데캐슬 하이루체,서울특별시 동대문구 청량리동 199-5,서울,동대문구,,,2026-04,,,761,761,,,,,분양,,,,,https://www.data.go.kr/data/15111714/fileData.do,공공데이터포털 파일데이터. 출처표시 필요. 입주예정월은 원천 기준 예정값.,2026-05-12 17:21:55,15111714.csv,csv,public_allowed,ok,
reb_movein_plan,한국부동산원_주택공급정보_입주예정물량정보,15111714:419,0e452dccb4067734,동작구노량진동39-20(청년안심주택),서울특별시 동작구 노량진동 39-20,서울,동작구,,,2027-02,,,260,260,,,,,임대,,,,,https://www.data.go.kr/data/15111714/fileData.do,공공데이터포털 파일데이터. 출처표시 필요. 입주예정월은 원천 기준 예정값.,2026-05-12 17:21:55,15111714.csv,csv,public_allowed,ok,
reb_movein_plan,한국부동산원_주택공급정보_입주예정물량정보,15111714:420,65b50c9e38ab81fb,동작구사당동1008-1(청년안심주택),서울특별시 동작구 사당동 1008-1,서울,동작구,,,2026-08,,,162,162,,,,,임대,,,,,https://www.data.go.kr/data/15111714/fileData.do,공공데이터포털 파일데이터. 출처표시 필요. 입주예정월은 원천 기준 예정값.,2026-05-12 17:21:55,15111714.csv,csv,public_allowed,ok,
reb_movein_plan,한국부동산원_주택공급정보_입주예정물량정보,15111714:421,8450b7890c4a00c5,한누리주차장(행복주택),서울특별시 동작구 사당동 1046-1,서울,동작구,,,2026-10,,,46,46,,,,,임대,,,,,https://www.data.go.kr/data/15111714/fileData.do,공공데이터포털 파일데이터. 출처표시 필요. 입주예정월은 원천 기준 예정값.,2026-05-12 17:21:55,15111714.csv,csv,public_allowed,ok,
reb_movein_plan,한국부동산원_주택공급정보_입주예정물량정보,15111714:422,7e702cbe0554cfd3,청석주차장(행복주택),서울특별시 동작구 상도동 54-27,서울,동작구,,,2026-06,,,36,36,,,,,임대,,,,,https://www.data.go.kr/data/15111714/fileData.do,공공데이터포털 파일데이터. 출처표시 필요. 입주예정월은 원천 기준 예정값.,2026-05-12 17:21:55,15111714.csv,csv,public_allowed,ok,
reb_movein_plan,한국부동산원_주택공급정보_입주예정물량정보,15111714:423,322b75ff9bd30e48,힐스테이트 동작 시그니쳐,서울특별시 동작구 상도동 23-42,서울,동작구,,,2026-11,,,608,608,,,,,분양,,,,,https://www.data.go.kr/data/15111714/fileData.do,공공데이터포털 파일데이터. 출처표시 필요. 입주예정월은 원천 기준 예정값.,2026-05-12 17:21:55,15111714.csv,csv,public_allowed,ok,
reb_movein_plan,한국부동산원_주택공급정보_입주예정물량정보,15111714:424,b7f90100cf2e39e0,상도동힐스테이트장승배기역,서울특별시 동작구 상도동 373-1,서울,동작구,,,2026-02,,,370,370,,,,,분양,,,,,https://www.data.go.kr/data/15111714/fileData.do,공공데이터포털 파일데이터. 출처표시 필요. 입주예정월은 원천 기준 예정값.,2026-05-12 17:21:55,15111714.csv,csv,public_allowed,ok,
reb_movein_plan,한국부동산원_주택공급정보_입주예정물량정보,15111714:425,e9e5359a4c7e3d8e,동작 보라매역 프리센트,서울특별시 동작구 신대방동 377-1,서울,동작구,,,2026-08,,,124,124,,,,,분양,,,,,https://www.data.go.kr/data/15111714/fileData.do,공공데이터포털 파일데이터. 출처표시 필요. 입주예정월은 원천 기준 예정값.,2026-05-12 17:21:55,15111714.csv,csv,public_allowed,ok,
reb_movein_plan,한국부동산원_주택공급정보_입주예정물량정보,15111714:426,729b83460cdf45f2,마포자이힐스테이트 라첼스,서울특별시 마포구 공덕동 105-84,서울,마포구,,,2027-03,,,1101,1101,,,,,분양,,,,,https://www.data.go.kr/data/15111714/fileData.do,공공데이터포털 파일데이터. 출처표시 필요. 입주예정월은 원천 기준 예정값.,2026-05-12 17:21:55,15111714.csv,csv,public_allowed,ok,
reb_movein_plan,한국부동산원_주택공급정보_입주예정물량정보,15111714:427,31302d77f395d6ff,홍대입구역 센트럴 아르떼 해모로,서울특별시 마포구 동교동 200-2,서울,마포구,,,2026-11,,,123,123,,,,,분양,,,,,https://www.data.go.kr/data/15111714/fileData.do,공공데이터포털 파일데이터. 출처표시 필요. 입주예정월은 원천 기준 예정값.,2026-05-12 17:21:55,15111714.csv,csv,public_allowed,ok,
reb_movein_plan,한국부동산원_주택공급정보_입주예정물량정보,15111714:428,9c7f4e556bc971f5,힐스테이트마포더퍼스트,서울특별시 마포구 신수동 91-90,서울,마포구,,,2026-08,,,488,488,,,,,분양임대,,,,,https://www.data.go.kr/data/15111714/fileData.do,공공데이터포털 파일데이터. 출처표시 필요. 입주예정월은 원천 기준 예정값.,2026-05-12 17:21:55,15111714.csv,csv,public_allowed,ok,
reb_movein_plan,한국부동산원_주택공급정보_입주예정물량정보,15111714:429,712a7f711b09d523,마포 푸르지오 어반피스,서울특별시 마포구 아현동 613-10,서울,마포구,,,,,,239,239,,,,,분양,,,,,https://www.data.go.kr/data/15111714/fileData.do,공공데이터포털 파일데이터. 출처표시 필요. 입주예정월은 원천 기준 예정값.,2026-05-12 17:21:55,15111714.csv,csv,public_allowed,warn,입주예정연월/준공예정월 누락
reb_movein_plan,한국부동산원_주택공급정보_입주예정물량정보,15111714:430,4ec8783840253a18,마포구염리동172-10(청년안심주택),서울특별시 마포구 염리동 172-10,서울,마포구,,,2026-10,,,299,299,,,,,임대,,,,,https://www.data.go.kr/data/15111714/fileData.do,공공데이터포털 파일데이터. 출처표시 필요. 입주예정월은 원천 기준 예정값.,2026-05-12 17:21:55,15111714.csv,csv,public_allowed,ok,
reb_movein_plan,한국부동산원_주택공급정보_입주예정물량정보,15111714:431,77cba7d0dc05fb5a,마포구염리동85-2(청년안심주택),서울특별시 마포구 염리동 85-2,서울,마포구,,,2027-03,,,499,499,,,,,임대,,,,,https://www.data.go.kr/data/15111714/fileData.do,공공데이터포털 파일데이터. 출처표시 필요. 입주예정월은 원천 기준 예정값.,2026-05-12 17:21:55,15111714.csv,csv,public_allowed,ok,
reb_movein_plan,한국부동산원_주택공급정보_입주예정물량정보,15111714:432,23de0f566ce5ad9e,서대문구북가좌동333-1(청년안심주택),서울특별시 서대문구 북가좌동 333-1,서울,서대문구,,,2027-02,,,382,382,,,,,임대,,,,,https://www.data.go.kr/data/15111714/fileData.do,공공데이터포털 파일데이터. 출처표시 필요. 입주예정월은 원천 기준 예정값.,2026-05-12 17:21:55,15111714.csv,csv,public_allowed,ok,
reb_movein_plan,한국부동산원_주택공급정보_입주예정물량정보,15111714:433,f50d712e8bfbc5ef,경희궁 유보라,서울특별시 서대문구 영천동 69-20,서울,서대문구,,,2026-07,,,199,199,,,,,분양,,,,,https://www.data.go.kr/data/15111714/fileData.do,공공데이터포털 파일데이터. 출처표시 필요. 입주예정월은 원천 기준 예정값.,2026-05-12 17:21:55,15111714.csv,csv,public_allowed,ok,
reb_movein_plan,한국부동산원_주택공급정보_입주예정물량정보,15111714:434,2f84a82067046844,서대문구창천동502-11(청년안심주택),서울특별시 서대문구 창천동 502-11,서울,서대문구,,,2026-12,,,288,288,,,,,임대,,,,,https://www.data.go.kr/data/15111714/fileData.do,공공데이터포털 파일데이터. 출처표시 필요. 입주예정월은 원천 기준 예정값.,2026-05-12 17:21:55,15111714.csv,csv,public_allowed,ok,
reb_movein_plan,한국부동산원_주택공급정보_입주예정물량정보,15111714:435,d2353039d4dc6d63,어퍼하우스르엘,서울특별시 서초구 내곡동 374,서울,서초구,,,2027-12,,,222,222,,,,,분양,,,,,https://www.data.go.kr/data/15111714/fileData.do,공공데이터포털 파일데이터. 출처표시 필요. 입주예정월은 원천 기준 예정값.,2026-05-12 17:21:55,15111714.csv,csv,public_allowed,ok,
reb_movein_plan,한국부동산원_주택공급정보_입주예정물량정보,15111714:436,cff74c95e38d8a8a,반포 래미안 트리니원,서울특별시 서초구 반포동 1109-0,서울,서초구,,,2026-08,,,2091,2091,,,,,분양,,,,,https://www.data.go.kr/data/15111714/fileData.do,공공데이터포털 파일데이터. 출처표시 필요. 입주예정월은 원천 기준 예정값.,2026-05-12 17:21:55,15111714.csv,csv,public_allowed,ok,
reb_movein_plan,한국부동산원_주택공급정보_입주예정물량정보,15111714:437,796e87df2133b6b1,아크로 리츠카운티,서울특별시 서초구 방배동 1018-1,서울,서초구,,,2027-11,,,707,707,,,,,분양,,,,,https://www.data.go.kr/data/15111714/fileData.do,공공데이터포털 파일데이터. 출처표시 필요. 입주예정월은 원천 기준 예정값.,2026-05-12 17:21:55,15111714.csv,csv,public_allowed,ok,
reb_movein_plan,한국부동산원_주택공급정보_입주예정물량정보,15111714:438,d98ca7d55c1a374c,서초구방배동1955(청년안심주택),서울특별시 서초구 방배동 1955,서울,서초구,,,2027-01,,,144,144,,,,,임대,,,,,https://www.data.go.kr/data/15111714/fileData.do,공공데이터포털 파일데이터. 출처표시 필요. 입주예정월은 원천 기준 예정값.,2026-05-12 17:21:55,15111714.csv,csv,public_allowed,ok,
reb_movein_plan,한국부동산원_주택공급정보_입주예정물량정보,15111714:439,3d86afdc12f4be96,디에이치 방배,서울특별시 서초구 방배동 946-8,서울,서초구,,,2026-09,,,3064,3064,,,,,분양,,,,,https://www.data.go.kr/data/15111714/fileData.do,공공데이터포털 파일데이터. 출처표시 필요. 입주예정월은 원천 기준 예정값.,2026-05-12 17:21:55,15111714.csv,csv,public_allowed,ok,
reb_movein_plan,한국부동산원_주택공급정보_입주예정물량정보,15111714:440,f623c8c71d24c3d4,해링턴플레이스서초,서울특별시 서초구 서초동 1622-11,서울,서초구,,,2027-06,,,69,69,,,,,분양,,,,,https://www.data.go.kr/data/15111714/fileData.do,공공데이터포털 파일데이터. 출처표시 필요. 입주예정월은 원천 기준 예정값.,2026-05-12 17:21:55,15111714.csv,csv,public_allowed,ok,
reb_movein_plan,한국부동산원_주택공급정보_입주예정물량정보,15111714:441,ad7a68cf1a02c6e1,서초구서초동1448-1(청년안심주택),서울특별시 서초구 서초동 1448-1,서울,서초구,,,2027-03,,,835,835,,,,,임대,,,,,https://www.data.go.kr/data/15111714/fileData.do,공공데이터포털 파일데이터. 출처표시 필요. 입주예정월은 원천 기준 예정값.,2026-05-12 17:21:55,15111714.csv,csv,public_allowed,ok,
reb_movein_plan,한국부동산원_주택공급정보_입주예정물량정보,15111714:442,46fb530670376cdc,서초구서초동1676-4(청년안심주택),서울특별시 서초구 서초동 1676-4,서울,서초구,,,2027-01,,,252,252,,,,,임대,,,,,https://www.data.go.kr/data/15111714/fileData.do,공공데이터포털 파일데이터. 출처표시 필요. 입주예정월은 원천 기준 예정값.,2026-05-12 17:21:55,15111714.csv,csv,public_allowed,ok,
reb_movein_plan,한국부동산원_주택공급정보_입주예정물량정보,15111714:443,31fdcc59bd7cb7e9,서초구양재동산17-7(청년안심주택),서울특별시 서초구 양재동 17-7,서울,서초구,,,2026-11,,,192,192,,,,,임대,,,,,https://www.data.go.kr/data/15111714/fileData.do,공공데이터포털 파일데이터. 출처표시 필요. 입주예정월은 원천 기준 예정값.,2026-05-12 17:21:55,15111714.csv,csv,public_allowed,ok,
reb_movein_plan,한국부동산원_주택공급정보_입주예정물량정보,15111714:444,1ce7f7dc1ee7649b,서초구 양재동 1-26(청년안심주택),서울특별시 서초구 양재동 1-26,서울,서초구,,,2027-11,,,342,342,,,,,임대,,,,,https://www.data.go.kr/data/15111714/fileData.do,공공데이터포털 파일데이터. 출처표시 필요. 입주예정월은 원천 기준 예정값.,2026-05-12 17:21:55,15111714.csv,csv,public_allowed,ok,
reb_movein_plan,한국부동산원_주택공급정보_입주예정물량정보,15111714:445,84c54c780ee1797f,잠원동포스코오티에르,서울특별시 서초구 잠원동 49-17,서울,서초구,,,2026-06,,,178,178,,,,,분양,,,,,https://www.data.go.kr/data/15111714/fileData.do,공공데이터포털 파일데이터. 출처표시 필요. 입주예정월은 원천 기준 예정값.,2026-05-12 17:21:55,15111714.csv,csv,public_allowed,ok,
reb_movein_plan,한국부동산원_주택공급정보_입주예정물량정보,15111714:446,ea74c7c47a39ba99,성동구 도선동 286(청년안심주택),서울특별시 성동구 도선동 286,서울,성동구,,,2027-11,,,381,381,,,,,임대,,,,,https://www.data.go.kr/data/15111714/fileData.do,공공데이터포털 파일데이터. 출처표시 필요. 입주예정월은 원천 기준 예정값.,2026-05-12 17:21:55,15111714.csv,csv,public_allowed,ok,
reb_movein_plan,한국부동산원_주택공급정보_입주예정물량정보,15111714:447,9515f77d8ece8e77,오티에르 포레,서울특별시 성동구 성수동1가 656-421,서울,성동구,,,2027-07,,,287,287,,,,,분양,,,,,https://www.data.go.kr/data/15111714/fileData.do,공공데이터포털 파일데이터. 출처표시 필요. 입주예정월은 원천 기준 예정값.,2026-05-12 17:21:55,15111714.csv,csv,public_allowed,ok,
reb_movein_plan,한국부동산원_주택공급정보_입주예정물량정보,15111714:448,4a5eed3801e3186f,성동구용답동68-2(청년안심주택),서울특별시 성동구 용답동 68-2,서울,성동구,,,2027-12,,,228,228,,,,,임대,,,,,https://www.data.go.kr/data/15111714/fileData.do,공공데이터포털 파일데이터. 출처표시 필요. 입주예정월은 원천 기준 예정값.,2026-05-12 17:21:55,15111714.csv,csv,public_allowed,ok,
reb_movein_plan,한국부동산원_주택공급정보_입주예정물량정보,15111714:449,f04914186b00a932,성동자이리버뷰,서울특별시 성동구 용답동 108-1,서울,성동구,,,2026-12,,,1670,1670,,,,,분양,,,,,https://www.data.go.kr/data/15111714/fileData.do,공공데이터포털 파일데이터. 출처표시 필요. 입주예정월은 원천 기준 예정값.,2026-05-12 17:21:55,15111714.csv,csv,public_allowed,ok,
reb_movein_plan,한국부동산원_주택공급정보_입주예정물량정보,15111714:450,e9bada4fe00b6afa,성동구홍익동150(청년안심주택),서울특별시 성동구 홍익동 150,서울,성동구,,,2026-09,,,266,266,,,,,임대,,,,,https://www.data.go.kr/data/15111714/fileData.do,공공데이터포털 파일데이터. 출처표시 필요. 입주예정월은 원천 기준 예정값.,2026-05-12 17:21:55,15111714.csv,csv,public_allowed,ok,
reb_movein_plan,한국부동산원_주택공급정보_입주예정물량정보,15111714:451,3c2b52bfe18bb5dd,보문 센트럴 아이파크,서울특별시 성북구 보문동1가 196-11,서울,성북구,,,2026-09,,,199,199,,,,,분양,,,,,https://www.data.go.kr/data/15111714/fileData.do,공공데이터포털 파일데이터. 출처표시 필요. 입주예정월은 원천 기준 예정값.,2026-05-12 17:21:55,15111714.csv,csv,public_allowed,ok,
reb_movein_plan,한국부동산원_주택공급정보_입주예정물량정보,15111714:452,a57010b27a2f6ad0,창경궁 롯데캐슬 시그니처,서울특별시 성북구 삼선동2가 296-0,서울,성북구,,,2027-11,,,1223,1223,,,,,분양,,,,,https://www.data.go.kr/data/15111714/fileData.do,공공데이터포털 파일데이터. 출처표시 필요. 입주예정월은 원천 기준 예정값.,2026-05-12 17:21:55,15111714.csv,csv,public_allowed,ok,
reb_movein_plan,한국부동산원_주택공급정보_입주예정물량정보,15111714:453,1f11c6a37b3de47a,성북구석관동173-1(청년안심주택),서울특별시 성북구 석관동 173-1,서울,성북구,,,2026-10,,,242,242,,,,,임대,,,,,https://www.data.go.kr/data/15111714/fileData.do,공공데이터포털 파일데이터. 출처표시 필요. 입주예정월은 원천 기준 예정값.,2026-05-12 17:21:55,15111714.csv,csv,public_allowed,ok,
reb_movein_plan,한국부동산원_주택공급정보_입주예정물량정보,15111714:454,8e26501206c70528,푸르지오 라디우스 파크,서울특별시 성북구 장위동 25-55,서울,성북구,,,2027-03,,,1637,1637,,,,,분양,,,,,https://www.data.go.kr/data/15111714/fileData.do,공공데이터포털 파일데이터. 출처표시 필요. 입주예정월은 원천 기준 예정값.,2026-05-12 17:21:55,15111714.csv,csv,public_allowed,ok,
reb_movein_plan,한국부동산원_주택공급정보_입주예정물량정보,15111714:455,5d252829c8c05cbd,성북구하월곡동80-55(청년안심주택),서울특별시 성북구 하월곡동 80-55,서울,성북구,,,2027-03,,,254,254,,,,,임대,,,,,https://www.data.go.kr/data/15111714/fileData.do,공공데이터포털 파일데이터. 출처표시 필요. 입주예정월은 원천 기준 예정값.,2026-05-12 17:21:55,15111714.csv,csv,public_allowed,ok,
reb_movein_plan,한국부동산원_주택공급정보_입주예정물량정보,15111714:456,d952265afbc17381,더샵송파루미스타,서울특별시 송파구 가락동 161-3,서울,송파구,,,2026-05,,,179,179,,,,,분양,,,,,https://www.data.go.kr/data/15111714/fileData.do,공공데이터포털 파일데이터. 출처표시 필요. 입주예정월은 원천 기준 예정값.,2026-05-12 17:21:55,15111714.csv,csv,public_allowed,ok,
reb_movein_plan,한국부동산원_주택공급정보_입주예정물량정보,15111714:457,50ef4fb196b64419,힐트리움송파,서울특별시 송파구 거여동 136-49,서울,송파구,,,2026-03,,,44,44,,,,,분양,,,,,https://www.data.go.kr/data/15111714/fileData.do,공공데이터포털 파일데이터. 출처표시 필요. 입주예정월은 원천 기준 예정값.,2026-05-12 17:21:55,15111714.csv,csv,public_allowed,ok,
reb_movein_plan,한국부동산원_주택공급정보_입주예정물량정보,15111714:458,4e93fc6108f07a23,삼전동쌍용하이츠빌라(가로주택정비사업),서울특별시 송파구 삼전동 53-8,서울,송파구,,,2027-06,,,65,65,,,,,분양,,,,,https://www.data.go.kr/data/15111714/fileData.do,공공데이터포털 파일데이터. 출처표시 필요. 입주예정월은 원천 기준 예정값.,2026-05-12 17:21:55,15111714.csv,csv,public_allowed,ok,
reb_movein_plan,한국부동산원_주택공급정보_입주예정물량정보,15111714:459,9cc7e59fdb161998,송파구장지동842-1(청년안심주택),서울특별시 송파구 장지동 842-1,서울,송파구,,,2026-12,,,484,484,,,,,임대,,,,,https://www.data.go.kr/data/15111714/fileData.do,공공데이터포털 파일데이터. 출처표시 필요. 입주예정월은 원천 기준 예정값.,2026-05-12 17:21:55,15111714.csv,csv,public_allowed,ok,
reb_movein_plan,한국부동산원_주택공급정보_입주예정물량정보,15111714:460,0094b227665e3d40,목동가로주택정비(LH참여),서울특별시 양천구 목동 557,서울,양천구,,,2027-03,,,85,85,,,,,분양,,,,,https://www.data.go.kr/data/15111714/fileData.do,공공데이터포털 파일데이터. 출처표시 필요. 입주예정월은 원천 기준 예정값.,2026-05-12 17:21:55,15111714.csv,csv,public_allowed,ok,
reb_movein_plan,한국부동산원_주택공급정보_입주예정물량정보,15111714:461,87d94ee2848dbc95,신월,서울특별시 양천구 신월동 48-7,서울,양천구,,,2027-03,,,127,127,,,,,분양,,,,,https://www.data.go.kr/data/15111714/fileData.do,공공데이터포털 파일데이터. 출처표시 필요. 입주예정월은 원천 기준 예정값.,2026-05-12 17:21:55,15111714.csv,csv,public_allowed,ok,
reb_movein_plan,한국부동산원_주택공급정보_입주예정물량정보,15111714:462,cd5471105c12a1e8,삼진연립재건축,서울특별시 양천구 신월동 487-9,서울,양천구,,,2027-06,,,40,40,,,,,분양,,,,,https://www.data.go.kr/data/15111714/fileData.do,공공데이터포털 파일데이터. 출처표시 필요. 입주예정월은 원천 기준 예정값.,2026-05-12 17:21:55,15111714.csv,csv,public_allowed,ok,
reb_movein_plan,한국부동산원_주택공급정보_입주예정물량정보,15111714:463,f00a90b47ad483ac,신정282(가로주택정비사업),서울특별시 양천구 신정동 281-10,서울,양천구,,,2026-03,,,103,103,,,,,분양,,,,,https://www.data.go.kr/data/15111714/fileData.do,공공데이터포털 파일데이터. 출처표시 필요. 입주예정월은 원천 기준 예정값.,2026-05-12 17:21:55,15111714.csv,csv,public_allowed,ok,
reb_movein_plan,한국부동산원_주택공급정보_입주예정물량정보,15111714:464,62a8fbf6c95db3b2,서울대방 신혼희망타운(공공분양),서울특별시 영등포구 신길동 1280-0,서울,영등포구,,,2027-06,,,183,183,,,,,분양,,,,,https://www.data.go.kr/data/15111714/fileData.do,공공데이터포털 파일데이터. 출처표시 필요. 입주예정월은 원천 기준 예정값.,2026-05-12 17:21:55,15111714.csv,csv,public_allowed,ok,
reb_movein_plan,한국부동산원_주택공급정보_입주예정물량정보,15111714:465,cd882fff8c70445e,영등포자이 디그니티,서울특별시 영등포구 양평동1가 265-1,서울,영등포구,,,2026-03,,,707,707,,,,,분양,,,,,https://www.data.go.kr/data/15111714/fileData.do,공공데이터포털 파일데이터. 출처표시 필요. 입주예정월은 원천 기준 예정값.,2026-05-12 17:21:55,15111714.csv,csv,public_allowed,ok,
reb_movein_plan,한국부동산원_주택공급정보_입주예정물량정보,15111714:466,503feed4e27953b9,원효로3가(청년안심주택),서울특별시 용산구 원효로3가 1-159,서울,용산구,,,2027-07,,,988,988,,,,,임대,,,,,https://www.data.go.kr/data/15111714/fileData.do,공공데이터포털 파일데이터. 출처표시 필요. 입주예정월은 원천 기준 예정값.,2026-05-12 17:21:55,15111714.csv,csv,public_allowed,ok,
reb_movein_plan,한국부동산원_주택공급정보_입주예정물량정보,15111714:467,2231ad7f4c78256e,이촌르엘,서울특별시 용산구 이촌동 301-160,서울,용산구,,,2027-02,,,750,750,,,,,분양,,,,,https://www.data.go.kr/data/15111714/fileData.do,공공데이터포털 파일데이터. 출처표시 필요. 입주예정월은 원천 기준 예정값.,2026-05-12 17:21:55,15111714.csv,csv,public_allowed,ok,
reb_movein_plan,한국부동산원_주택공급정보_입주예정물량정보,15111714:468,089b53c03aca7637,힐스테이트 메디알레,서울특별시 은평구 대조동 88-0,서울,은평구,,,2026-10,,,2451,2451,,,,,분양,,,,,https://www.data.go.kr/data/15111714/fileData.do,공공데이터포털 파일데이터. 출처표시 필요. 입주예정월은 원천 기준 예정값.,2026-05-12 17:21:55,15111714.csv,csv,public_allowed,ok,
reb_movein_plan,한국부동산원_주택공급정보_입주예정물량정보,15111714:469,df3b3526b773c504,빌리브 에이센트,서울특별시 은평구 불광동 305-3,서울,은평구,,,2027-07,,,77,77,,,,,분양,,,,,https://www.data.go.kr/data/15111714/fileData.do,공공데이터포털 파일데이터. 출처표시 필요. 입주예정월은 원천 기준 예정값.,2026-05-12 17:21:55,15111714.csv,csv,public_allowed,ok,
reb_movein_plan,한국부동산원_주택공급정보_입주예정물량정보,15111714:470,7b18dec67b01ecbc,힐스테이트 DMC,서울특별시 은평구 증산동 223-15,서울,은평구,,,2027-04,,,299,299,,,,,임대,,,,,https://www.data.go.kr/data/15111714/fileData.do,공공데이터포털 파일데이터. 출처표시 필요. 입주예정월은 원천 기준 예정값.,2026-05-12 17:21:55,15111714.csv,csv,public_allowed,ok,
reb_movein_plan,한국부동산원_주택공급정보_입주예정물량정보,15111714:471,86bb48bd4a5575fb,마포로5-09-1,서울특별시 중구 순화동 6-11,서울,중구,,,2027-01,,,68,68,,,,,분양,,,,,https://www.data.go.kr/data/15111714/fileData.do,공공데이터포털 파일데이터. 출처표시 필요. 입주예정월은 원천 기준 예정값.,2026-05-12 17:21:55,15111714.csv,csv,public_allowed,ok,
reb_movein_plan,한국부동산원_주택공급정보_입주예정물량정보,15111714:472,61be61f30aaaa7e3,마포로5구역10·11지구,서울특별시 중구 중림동 157-2,서울,중구,,,2027-08,,,421,421,,,,,분양,,,,,https://www.data.go.kr/data/15111714/fileData.do,공공데이터포털 파일데이터. 출처표시 필요. 입주예정월은 원천 기준 예정값.,2026-05-12 17:21:55,15111714.csv,csv,public_allowed,ok,
reb_movein_plan,한국부동산원_주택공급정보_입주예정물량정보,15111714:473,aced15bf3c6549f1,중랑구묵동165(청년안심주택),서울특별시 중랑구 묵동 165,서울,중랑구,,,2026-10,,,927,927,,,,,임대,,,,,https://www.data.go.kr/data/15111714/fileData.do,공공데이터포털 파일데이터. 출처표시 필요. 입주예정월은 원천 기준 예정값.,2026-05-12 17:21:55,15111714.csv,csv,public_allowed,ok,
reb_movein_plan,한국부동산원_주택공급정보_입주예정물량정보,15111714:474,3914b38040ddb431,중랑구묵동8(청년안심주택),서울특별시 중랑구 묵동 8,서울,중랑구,,,2026-10,,,724,724,,,,,임대,,,,,https://www.data.go.kr/data/15111714/fileData.do,공공데이터포털 파일데이터. 출처표시 필요. 입주예정월은 원천 기준 예정값.,2026-05-12 17:21:55,15111714.csv,csv,public_allowed,ok,
reb_movein_plan,한국부동산원_주택공급정보_입주예정물량정보,15111714:475,010655797ddbe1f5,중랑구상봉동116-49(청년안심주택),서울특별시 중랑구 상봉동 116-49,서울,중랑구,,,2026-10,,,299,299,,,,,임대,,,,,https://www.data.go.kr/data/15111714/fileData.do,공공데이터포털 파일데이터. 출처표시 필요. 입주예정월은 원천 기준 예정값.,2026-05-12 17:21:55,15111714.csv,csv,public_allowed,ok,
reb_movein_plan,한국부동산원_주택공급정보_입주예정물량정보,15111714:476,2c74a2238e7166ba,상봉라온프라이빗,서울특별시 중랑구 중화동 249-44,서울,중랑구,,,2027-01,,,219,219,,,,,분양,,,,,https://www.data.go.kr/data/15111714/fileData.do,공공데이터포털 파일데이터. 출처표시 필요. 입주예정월은 원천 기준 예정값.,2026-05-12 17:21:55,15111714.csv,csv,public_allowed,ok,
reb_movein_plan,한국부동산원_주택공급정보_입주예정물량정보,15111714:477,22addf6f5defa2c0,오티에르반포,서울특별시 서초구 잠원동 59-10,서울,서초구,,,2026-05,,,251,251,,,,,분양,,,,,https://www.data.go.kr/data/15111714/fileData.do,공공데이터포털 파일데이터. 출처표시 필요. 입주예정월은 원천 기준 예정값.,2026-05-12 17:21:55,15111714.csv,csv,public_allowed,ok,
reb_movein_plan,한국부동산원_주택공급정보_입주예정물량정보,15111714:478,28cd27031720a79d,e편한세상강동프레스티지원,서울특별시 강동구 천호동 423-76,서울,강동구,,,2026-01,,,535,535,,,,,분양,,,,,https://www.data.go.kr/data/15111714/fileData.do,공공데이터포털 파일데이터. 출처표시 필요. 입주예정월은 원천 기준 예정값.,2026-05-12 17:21:55,15111714.csv,csv,public_allowed,ok,
reb_movein_plan,한국부동산원_주택공급정보_입주예정물량정보,15111714:479,88da58e4bacd0ed9,에드가 수유(청년안심주택),서울특별시 강북구 수유동 47-52,서울,강북구,,,2026-10,,,426,426,,,,,임대,,,,,https://www.data.go.kr/data/15111714/fileData.do,공공데이터포털 파일데이터. 출처표시 필요. 입주예정월은 원천 기준 예정값.,2026-05-12 17:21:55,15111714.csv,csv,public_allowed,ok,
reb_movein_plan,한국부동산원_주택공급정보_입주예정물량정보,15111714:480,9af29d4304998d8c,노원역 해링턴타워(청년안심주택),서울특별시 노원구 상계동 690,서울,노원구,,,2026-02,,,299,299,,,,,임대,,,,,https://www.data.go.kr/data/15111714/fileData.do,공공데이터포털 파일데이터. 출처표시 필요. 입주예정월은 원천 기준 예정값.,2026-05-12 17:21:55,15111714.csv,csv,public_allowed,ok,
reb_movein_plan,한국부동산원_주택공급정보_입주예정물량정보,15111714:481,4e3d651bd13902fa,마포하늘채더리버,서울특별시 마포구 용강동 39-1,서울,마포구,,,2026-03,,,69,69,,,,,분양,,,,,https://www.data.go.kr/data/15111714/fileData.do,공공데이터포털 파일데이터. 출처표시 필요. 입주예정월은 원천 기준 예정값.,2026-05-12 17:21:55,15111714.csv,csv,public_allowed,ok,
reb_movein_plan,한국부동산원_주택공급정보_입주예정물량정보,15111714:482,d5167fcef3d2ffb1,잠실르엘,서울특별시 송파구 신천동 17-6,서울,송파구,,,2026-01,,,1865,1865,,,,,분양,,,,,https://www.data.go.kr/data/15111714/fileData.do,공공데이터포털 파일데이터. 출처표시 필요. 입주예정월은 원천 기준 예정값.,2026-05-12 17:21:55,15111714.csv,csv,public_allowed,ok,
reb_movein_plan,한국부동산원_주택공급정보_입주예정물량정보,15111714:483,a6d8a88d494ef626,에스앤디(청년안심주택),서울특별시 동대문구 신설동 98-18,서울,동대문구,,,2026-09,,,99,99,,,,,임대,,,,,https://www.data.go.kr/data/15111714/fileData.do,공공데이터포털 파일데이터. 출처표시 필요. 입주예정월은 원천 기준 예정값.,2026-05-12 17:21:55,15111714.csv,csv,public_allowed,ok,
reb_movein_plan,한국부동산원_주택공급정보_입주예정물량정보,15111714:484,d1f9c9b39c1fe984,퀸즈W 청량리역(청년안심주택),서울특별시 동대문구 전농동 127-359,서울,동대문구,,,2026-06,,,206,206,,,,,임대,,,,,https://www.data.go.kr/data/15111714/fileData.do,공공데이터포털 파일데이터. 출처표시 필요. 입주예정월은 원천 기준 예정값.,2026-05-12 17:21:55,15111714.csv,csv,public_allowed,ok,
reb_movein_plan,한국부동산원_주택공급정보_입주예정물량정보,15111714:485,cbc87b0018bbee6c,에드가 미아(청년안심주택),서울특별시 성북구 하월곡동 88-513,서울,성북구,,,2026-10,,,415,415,,,,,임대,,,,,https://www.data.go.kr/data/15111714/fileData.do,공공데이터포털 파일데이터. 출처표시 필요. 입주예정월은 원천 기준 예정값.,2026-05-12 17:21:55,15111714.csv,csv,public_allowed,ok,
reb_movein_plan,한국부동산원_주택공급정보_입주예정물량정보,15111714:486,d67ac5fe706074c6,등촌 센트럴 르씨엘(등촌654),서울특별시 강서구 등촌동 654-40,서울,강서구,,,2026-02,,,73,73,,,,,분양,,,,,https://www.data.go.kr/data/15111714/fileData.do,공공데이터포털 파일데이터. 출처표시 필요. 입주예정월은 원천 기준 예정값.,2026-05-12 17:21:55,15111714.csv,csv,public_allowed,ok,
reb_movein_plan,한국부동산원_주택공급정보_입주예정물량정보,15111714:487,25929488d01ea121,동대문구장안동418-1(청년안심주택),서울특별시 동대문구 장안동 418-1,서울,동대문구,,,2026-02,,,125,125,,,,,임대,,,,,https://www.data.go.kr/data/15111714/fileData.do,공공데이터포털 파일데이터. 출처표시 필요. 입주예정월은 원천 기준 예정값.,2026-05-12 17:21:55,15111714.csv,csv,public_allowed,ok,
reb_movein_plan,한국부동산원_주택공급정보_입주예정물량정보,15111714:488,d2bbcf86b5fcf7ca,논현세광연립,서울특별시 강남구 논현동 150-4,서울,강남구,,,2026-03,,,41,41,,,,,분양,,,,,https://www.data.go.kr/data/15111714/fileData.do,공공데이터포털 파일데이터. 출처표시 필요. 입주예정월은 원천 기준 예정값.,2026-05-12 17:21:55,15111714.csv,csv,public_allowed,ok,
reb_movein_plan,한국부동산원_주택공급정보_입주예정물량정보,15111714:489,3b4329f94b823820,대진빌라,서울특별시 서초구 방배동 911-3,서울,서초구,,,2026-03,,,34,34,,,,,분양,,,,,https://www.data.go.kr/data/15111714/fileData.do,공공데이터포털 파일데이터. 출처표시 필요. 입주예정월은 원천 기준 예정값.,2026-05-12 17:21:55,15111714.csv,csv,public_allowed,ok,
reb_movein_plan,한국부동산원_주택공급정보_입주예정물량정보,15111714:490,35a41dfe4a889d93,이문3-2,서울특별시 동대문구 이문동 412-1,서울,동대문구,,,2026-05,,,152,152,,,,,분양,,,,,https://www.data.go.kr/data/15111714/fileData.do,공공데이터포털 파일데이터. 출처표시 필요. 입주예정월은 원천 기준 예정값.,2026-05-12 17:21:55,15111714.csv,csv,public_allowed,ok,
reb_movein_plan,한국부동산원_주택공급정보_입주예정물량정보,15111714:491,1191725f8a70e5d1,서초구서초동1673-3(청년안심주택),서울특별시 서초구 서초동 1673-3,서울,서초구,,,2026-09,,,76,76,,,,,임대,,,,,https://www.data.go.kr/data/15111714/fileData.do,공공데이터포털 파일데이터. 출처표시 필요. 입주예정월은 원천 기준 예정값.,2026-05-12 17:21:55,15111714.csv,csv,public_allowed,ok,
reb_movein_plan,한국부동산원_주택공급정보_입주예정물량정보,15111714:492,c245b7e536494e7e,대명아파트가로주택정비사업,서울특별시 강동구 암사동 447-8,서울,강동구,,,2027-04,,,94,94,,,,,분양,,,,,https://www.data.go.kr/data/15111714/fileData.do,공공데이터포털 파일데이터. 출처표시 필요. 입주예정월은 원천 기준 예정값.,2026-05-12 17:21:55,15111714.csv,csv,public_allowed,ok,
reb_movein_plan,한국부동산원_주택공급정보_입주예정물량정보,15111714:493,0dd86c97dcee732c,신일빌라,서울특별시 중랑구 신내동 482-1,서울,중랑구,,,2027-06,,,68,68,,,,,분양,,,,,https://www.data.go.kr/data/15111714/fileData.do,공공데이터포털 파일데이터. 출처표시 필요. 입주예정월은 원천 기준 예정값.,2026-05-12 17:21:55,15111714.csv,csv,public_allowed,ok,
reb_movein_plan,한국부동산원_주택공급정보_입주예정물량정보,15111714:494,856185a5d15db754,우장범진가로주택정비사업,서울특별시 강서구 내발산동 672-9,서울,강서구,,,2027-08,,,70,70,,,,,분양,,,,,https://www.data.go.kr/data/15111714/fileData.do,공공데이터포털 파일데이터. 출처표시 필요. 입주예정월은 원천 기준 예정값.,2026-05-12 17:21:55,15111714.csv,csv,public_allowed,ok,
reb_movein_plan,한국부동산원_주택공급정보_입주예정물량정보,15111714:495,96d490e3a17acfd0,한신아파트가로주택정비사업,"서울특별시 성동구 홍익동 119-1,2",서울,성동구,,,2027-09,,,105,105,,,,,분양,,,,,https://www.data.go.kr/data/15111714/fileData.do,공공데이터포털 파일데이터. 출처표시 필요. 입주예정월은 원천 기준 예정값.,2026-05-12 17:21:55,15111714.csv,csv,public_allowed,ok,
reb_movein_plan,한국부동산원_주택공급정보_입주예정물량정보,15111714:496,e04c6d047906eb85,서울빌라가로주택정비사업,서울특별시 강서구 방화동 584-1,서울,강서구,,,2027-09,,,52,52,,,,,분양,,,,,https://www.data.go.kr/data/15111714/fileData.do,공공데이터포털 파일데이터. 출처표시 필요. 입주예정월은 원천 기준 예정값.,2026-05-12 17:21:55,15111714.csv,csv,public_allowed,ok,
reb_movein_plan,한국부동산원_주택공급정보_입주예정물량정보,15111714:497,fb74ecc272fb8a57,제기동역파밀리에더센트럴(공성아파트),서울특별시 동대문구 제기동 892-65,서울,동대문구,,,2027-09,,,76,76,,,,,분양,,,,,https://www.data.go.kr/data/15111714/fileData.do,공공데이터포털 파일데이터. 출처표시 필요. 입주예정월은 원천 기준 예정값.,2026-05-12 17:21:55,15111714.csv,csv,public_allowed,ok,
reb_movein_plan,한국부동산원_주택공급정보_입주예정물량정보,15111714:498,16813713bbad085f,서울시노동자복지관복합화사업,서울특별시 구로구 구로동 98-5,서울,구로구,,,2027-10,,,132,132,,,,,임대,,,,,https://www.data.go.kr/data/15111714/fileData.do,공공데이터포털 파일데이터. 출처표시 필요. 입주예정월은 원천 기준 예정값.,2026-05-12 17:21:55,15111714.csv,csv,public_allowed,ok,
reb_movein_plan,한국부동산원_주택공급정보_입주예정물량정보,15111714:499,d4526d8747c1c483,연희공동주택복합시설조성사업(빗물펌프장),서울특별시 서대문구 연희동 446-27,서울,서대문구,,,2027-11,,,96,96,,,,,임대,,,,,https://www.data.go.kr/data/15111714/fileData.do,공공데이터포털 파일데이터. 출처표시 필요. 입주예정월은 원천 기준 예정값.,2026-05-12 17:21:55,15111714.csv,csv,public_allowed,ok,
reb_movein_plan,한국부동산원_주택공급정보_입주예정물량정보,15111714:500,0cb2ef2e072a178c,성도.서광가로주택정비사업,서울특별시 마포구 망원동 469-5,서울,마포구,,,2027-12,,,133,133,,,,,분양,,,,,https://www.data.go.kr/data/15111714/fileData.do,공공데이터포털 파일데이터. 출처표시 필요. 입주예정월은 원천 기준 예정값.,2026-05-12 17:21:55,15111714.csv,csv,public_allowed,ok,
reb_movein_plan,한국부동산원_주택공급정보_입주예정물량정보,15111714:501,08963911fbe71b2d,합정동447일원가로주택정비사업,서울특별시 마포구 합정동 447-2,서울,마포구,,,2027-12,,,163,163,,,,,분양,,,,,https://www.data.go.kr/data/15111714/fileData.do,공공데이터포털 파일데이터. 출처표시 필요. 입주예정월은 원천 기준 예정값.,2026-05-12 17:21:55,15111714.csv,csv,public_allowed,ok,
reb_movein_plan,한국부동산원_주택공급정보_입주예정물량정보,15111714:502,f289f9957d4bc2dc,홍은동322-1일원가로주택정비사업,서울특별시 서대문구 홍은동 322-1,서울,서대문구,,,2027-12,,,152,152,,,,,분양,,,,,https://www.data.go.kr/data/15111714/fileData.do,공공데이터포털 파일데이터. 출처표시 필요. 입주예정월은 원천 기준 예정값.,2026-05-12 17:21:55,15111714.csv,csv,public_allowed,ok,
reb_movein_plan,한국부동산원_주택공급정보_입주예정물량정보,15111714:503,b03127a0d7a4e177,홍은동355번지일대가로주택정비사업,서울특별시 서대문구 홍은동 355,서울,서대문구,,,2027-12,,,177,177,,,,,분양,,,,,https://www.data.go.kr/data/15111714/fileData.do,공공데이터포털 파일데이터. 출처표시 필요. 입주예정월은 원천 기준 예정값.,2026-05-12 17:21:55,15111714.csv,csv,public_allowed,ok,
reb_movein_plan,한국부동산원_주택공급정보_입주예정물량정보,15111714:504,8ca60f2cb545f08d,목동657의1번지일원가로주택정비사업,서울특별시 양천구 목3동 657-1,서울,양천구,,,2027-12,,,268,268,,,,,분양,,,,,https://www.data.go.kr/data/15111714/fileData.do,공공데이터포털 파일데이터. 출처표시 필요. 입주예정월은 원천 기준 예정값.,2026-05-12 17:21:55,15111714.csv,csv,public_allowed,ok,
reb_movein_plan,한국부동산원_주택공급정보_입주예정물량정보,15111714:505,0ea89676588fe934,석촌동224-4번지일원LH참여형가로주택정비사업,서울특별시 송파구 석촌동 224-4,서울,송파구,,,2027-12,,,55,55,,,,,분양,,,,,https://www.data.go.kr/data/15111714/fileData.do,공공데이터포털 파일데이터. 출처표시 필요. 입주예정월은 원천 기준 예정값.,2026-05-12 17:21:55,15111714.csv,csv,public_allowed,ok,
reb_movein_plan,한국부동산원_주택공급정보_입주예정물량정보,15111714:506,aeea4ff16d9eb85f,광운대역 현대프라힐스(청년안심주택),서울특별시 노원구 월계동 410-3,서울,노원구,,,2026-03,,,275,275,,,,,임대,,,,,https://www.data.go.kr/data/15111714/fileData.do,공공데이터포털 파일데이터. 출처표시 필요. 입주예정월은 원천 기준 예정값.,2026-05-12 17:21:55,15111714.csv,csv,public_allowed,ok,
reb_movein_plan,한국부동산원_주택공급정보_입주예정물량정보,15111714:507,00e4a9f9918b3391,어반아펠,세종특별자치시 세종특별자치시 새롬동 569-0,세종,,,,2026-05,,,42,42,,,,,분양,,,,,https://www.data.go.kr/data/15111714/fileData.do,공공데이터포털 파일데이터. 출처표시 필요. 입주예정월은 원천 기준 예정값.,2026-05-12 17:21:55,15111714.csv,csv,public_allowed,ok,
reb_movein_plan,한국부동산원_주택공급정보_입주예정물량정보,15111714:508,3c0f6f9e8be906dc,청년 유홈(U home) 삼산,울산광역시 남구 삼산동 1554-3,울산,남구,,,2026-03,,,31,31,,,,,임대,,,,,https://www.data.go.kr/data/15111714/fileData.do,공공데이터포털 파일데이터. 출처표시 필요. 입주예정월은 원천 기준 예정값.,2026-05-12 17:21:55,15111714.csv,csv,public_allowed,ok,
reb_movein_plan,한국부동산원_주택공급정보_입주예정물량정보,15111714:509,9a67707445b72534,우정동 한양립스 더 센트럴,울산광역시 중구 우정동 272-60,울산,중구,,,2026-04,,,531,531,,,,,분양,,,,,https://www.data.go.kr/data/15111714/fileData.do,공공데이터포털 파일데이터. 출처표시 필요. 입주예정월은 원천 기준 예정값.,2026-05-12 17:21:55,15111714.csv,csv,public_allowed,ok,
reb_movein_plan,한국부동산원_주택공급정보_입주예정물량정보,15111714:510,d2f57f66dadc950a,푸르지오 어반피스,울산광역시 남구 신정동 1266-6,울산,남구,,,2026-06,,,339,339,,,,,분양,,,,,https://www.data.go.kr/data/15111714/fileData.do,공공데이터포털 파일데이터. 출처표시 필요. 입주예정월은 원천 기준 예정값.,2026-05-12 17:21:55,15111714.csv,csv,public_allowed,ok,
reb_movein_plan,한국부동산원_주택공급정보_입주예정물량정보,15111714:511,7796c03ada3f6243,문수로 롯데캐슬 그랑파르크,울산광역시 남구 신정동 1267-6,울산,남구,,,2026-08,,,193,193,,,,,분양,,,,,https://www.data.go.kr/data/15111714/fileData.do,공공데이터포털 파일데이터. 출처표시 필요. 입주예정월은 원천 기준 예정값.,2026-05-12 17:21:55,15111714.csv,csv,public_allowed,ok,
reb_movein_plan,한국부동산원_주택공급정보_입주예정물량정보,15111714:512,fa20a95ac8cf4962,옥동 경남아너스빌 ubc,울산광역시 남구 옥동 651-2,울산,남구,,,2026-08,,,320,320,,,,,분양,,,,,https://www.data.go.kr/data/15111714/fileData.do,공공데이터포털 파일데이터. 출처표시 필요. 입주예정월은 원천 기준 예정값.,2026-05-12 17:21:55,15111714.csv,csv,public_allowed,ok,
reb_movein_plan,한국부동산원_주택공급정보_입주예정물량정보,15111714:513,51d1cfcd44d6f830,e편한세상 신정 스카이하임,울산광역시 남구 신정동 1136-3,울산,남구,,,2026-10,,,158,158,,,,,분양,,,,,https://www.data.go.kr/data/15111714/fileData.do,공공데이터포털 파일데이터. 출처표시 필요. 입주예정월은 원천 기준 예정값.,2026-05-12 17:21:55,15111714.csv,csv,public_allowed,ok,
reb_movein_plan,한국부동산원_주택공급정보_입주예정물량정보,15111714:514,a039d4a93c561093,e편한세상 번영로 리더스포레,울산광역시 남구 야음동 828-9,울산,남구,,,2026-11,,,192,192,,,,,분양,,,,,https://www.data.go.kr/data/15111714/fileData.do,공공데이터포털 파일데이터. 출처표시 필요. 입주예정월은 원천 기준 예정값.,2026-05-12 17:21:55,15111714.csv,csv,public_allowed,ok,
reb_movein_plan,한국부동산원_주택공급정보_입주예정물량정보,15111714:515,77f624247b2ee4f7,우미린 더 시그니처,울산광역시 울주군 범서읍 서사리 0-0,울산,울주군,,,2026-11,,,1430,1430,,,,,분양,,,,,https://www.data.go.kr/data/15111714/fileData.do,공공데이터포털 파일데이터. 출처표시 필요. 입주예정월은 원천 기준 예정값.,2026-05-12 17:21:55,15111714.csv,csv,public_allowed,ok,
reb_movein_plan,한국부동산원_주택공급정보_입주예정물량정보,15111714:516,ea02a38b6009ab4a,울산 우정 한라비발디,울산광역시 중구 우정동 274-85,울산,중구,,,2027-01,,,533,533,,,,,분양,,,,,https://www.data.go.kr/data/15111714/fileData.do,공공데이터포털 파일데이터. 출처표시 필요. 입주예정월은 원천 기준 예정값.,2026-05-12 17:21:55,15111714.csv,csv,public_allowed,ok,
reb_movein_plan,한국부동산원_주택공급정보_입주예정물량정보,15111714:517,a13ed80aba6d71d7,더폴 울산신정,울산광역시 남구 신정동 1133-14,울산,남구,,,2027-02,,,168,168,,,,,분양,,,,,https://www.data.go.kr/data/15111714/fileData.do,공공데이터포털 파일데이터. 출처표시 필요. 입주예정월은 원천 기준 예정값.,2026-05-12 17:21:55,15111714.csv,csv,public_allowed,ok,
reb_movein_plan,한국부동산원_주택공급정보_입주예정물량정보,15111714:518,229987bbd954e27d,울산다운2 A-4블록 행복주택,울산광역시 중구 다운동 0-0,울산,중구,,,2027-04,,,194,194,,,,,임대,,,,,https://www.data.go.kr/data/15111714/fileData.do,공공데이터포털 파일데이터. 출처표시 필요. 입주예정월은 원천 기준 예정값.,2026-05-12 17:21:55,15111714.csv,csv,public_allowed,ok,
reb_movein_plan,한국부동산원_주택공급정보_입주예정물량정보,15111714:519,0096c6f076dca4c0,울산다운2 A-4블록 국민임대주택,울산광역시 중구 다운동 0-0,울산,중구,,,2027-04,,,194,194,,,,,임대,,,,,https://www.data.go.kr/data/15111714/fileData.do,공공데이터포털 파일데이터. 출처표시 필요. 입주예정월은 원천 기준 예정값.,2026-05-12 17:21:55,15111714.csv,csv,public_allowed,ok,
reb_movein_plan,한국부동산원_주택공급정보_입주예정물량정보,15111714:520,28c2ddf207dd0ea8,울산다운2 A-7BL 행복주택,울산광역시 중구 다운동 0-0,울산,중구,,,2027-04,,,300,300,,,,,임대,,,,,https://www.data.go.kr/data/15111714/fileData.do,공공데이터포털 파일데이터. 출처표시 필요. 입주예정월은 원천 기준 예정값.,2026-05-12 17:21:55,15111714.csv,csv,public_allowed,ok,
reb_movein_plan,한국부동산원_주택공급정보_입주예정물량정보,15111714:521,90dfecd8ece588ce,울산다운2 A-7블록 영구임대,울산광역시 중구 다운동 0-0,울산,중구,,,2027-04,,,400,400,,,,,임대,,,,,https://www.data.go.kr/data/15111714/fileData.do,공공데이터포털 파일데이터. 출처표시 필요. 입주예정월은 원천 기준 예정값.,2026-05-12 17:21:55,15111714.csv,csv,public_allowed,ok,
reb_movein_plan,한국부동산원_주택공급정보_입주예정물량정보,15111714:522,4c82c5ce4300c42b,더샵 시에르네,울산광역시 중구 학성동 397-1,울산,중구,,,2027-05,,,788,788,,,,,분양,,,,,https://www.data.go.kr/data/15111714/fileData.do,공공데이터포털 파일데이터. 출처표시 필요. 입주예정월은 원천 기준 예정값.,2026-05-12 17:21:55,15111714.csv,csv,public_allowed,ok,
reb_movein_plan,한국부동산원_주택공급정보_입주예정물량정보,15111714:523,00ded686febdb644,태화강 에피트,울산광역시 울주군 범서읍 굴화리 울산태화강변 S1블록,울산,울주군,,,2027-07,,,307,307,,,,,분양,,,,,https://www.data.go.kr/data/15111714/fileData.do,공공데이터포털 파일데이터. 출처표시 필요. 입주예정월은 원천 기준 예정값.,2026-05-12 17:21:55,15111714.csv,csv,public_allowed,ok,
reb_movein_plan,한국부동산원_주택공급정보_입주예정물량정보,15111714:524,da0e9161dd3a1523,울산 다운2지구 우미 린 어반파크,울산광역시 중구 다운동 302-4번지,울산,중구,,,2027-07,,,731,731,,,,,분양,,,,,https://www.data.go.kr/data/15111714/fileData.do,공공데이터포털 파일데이터. 출처표시 필요. 입주예정월은 원천 기준 예정값.,2026-05-12 17:21:55,15111714.csv,csv,public_allowed,ok,
reb_movein_plan,한국부동산원_주택공급정보_입주예정물량정보,15111714:525,e588a21bd07533a9,번영로 하늘채 라크뷰,울산광역시 남구 야음동 363-2,울산,남구,,,2027-11,,,803,803,,,,,분양,,,,,https://www.data.go.kr/data/15111714/fileData.do,공공데이터포털 파일데이터. 출처표시 필요. 입주예정월은 원천 기준 예정값.,2026-05-12 17:21:55,15111714.csv,csv,public_allowed,ok,
reb_movein_plan,한국부동산원_주택공급정보_입주예정물량정보,15111714:526,a05eb255508329d3,울산태화강변지구 A-2블록,울산광역시 울주군 범서읍 굴화리 0-0,울산,울주군,,,2027-11,,,435,435,,,,,분양,,,,,https://www.data.go.kr/data/15111714/fileData.do,공공데이터포털 파일데이터. 출처표시 필요. 입주예정월은 원천 기준 예정값.,2026-05-12 17:21:55,15111714.csv,csv,public_allowed,ok,
reb_movein_plan,한국부동산원_주택공급정보_입주예정물량정보,15111714:527,f8a7e301b99fa8ed,남울산노르웨이숲,울산광역시 울주군 온양읍 발리 440-1,울산,울주군,,,2026-07,,,848,848,,,,,분양,,,,,https://www.data.go.kr/data/15111714/fileData.do,공공데이터포털 파일데이터. 출처표시 필요. 입주예정월은 원천 기준 예정값.,2026-05-12 17:21:55,15111714.csv,csv,public_allowed,ok,
reb_movein_plan,한국부동산원_주택공급정보_입주예정물량정보,15111714:528,c62958f9af48c765,청년 유홈(U home) 방어,울산광역시 동구 방어동 481-97,울산,동구,,,2026-05,,,36,36,,,,,임대,,,,,https://www.data.go.kr/data/15111714/fileData.do,공공데이터포털 파일데이터. 출처표시 필요. 입주예정월은 원천 기준 예정값.,2026-05-12 17:21:55,15111714.csv,csv,public_allowed,ok,
reb_movein_plan,한국부동산원_주택공급정보_입주예정물량정보,15111714:529,cb9007b8b5ddd972,다운한양립스더퍼스트하임,울산광역시 중구 다운동 741-2,울산,중구,,,2026-12,,,400,400,,,,,조합,,,,,https://www.data.go.kr/data/15111714/fileData.do,공공데이터포털 파일데이터. 출처표시 필요. 입주예정월은 원천 기준 예정값.,2026-05-12 17:21:55,15111714.csv,csv,public_allowed,ok,
reb_movein_plan,한국부동산원_주택공급정보_입주예정물량정보,15111714:530,15ab0cb6e8342bbe,울산태화강변 A1BL,울산광역시 울주군 범서읍 굴화리 일원,울산,울주군,,,2027-03,,,324,324,,,,,임대,,,,,https://www.data.go.kr/data/15111714/fileData.do,공공데이터포털 파일데이터. 출처표시 필요. 입주예정월은 원천 기준 예정값.,2026-05-12 17:21:55,15111714.csv,csv,public_allowed,ok,
reb_movein_plan,한국부동산원_주택공급정보_입주예정물량정보,15111714:531,693d7c358208b381,신혼희망타운 행복주택,인천광역시 계양구 동양동 410-5,인천,계양구,,,2026-12,,,179,179,,,,,임대,,,,,https://www.data.go.kr/data/15111714/fileData.do,공공데이터포털 파일데이터. 출처표시 필요. 입주예정월은 원천 기준 예정값.,2026-05-12 17:21:55,15111714.csv,csv,public_allowed,ok,
reb_movein_plan,한국부동산원_주택공급정보_입주예정물량정보,15111714:532,c50659247c937688,신혼희망타운(공공분양),인천광역시 계양구 동양동 410-5,인천,계양구,,,2026-12,,,359,359,,,,,분양,,,,,https://www.data.go.kr/data/15111714/fileData.do,공공데이터포털 파일데이터. 출처표시 필요. 입주예정월은 원천 기준 예정값.,2026-05-12 17:21:55,15111714.csv,csv,public_allowed,ok,
reb_movein_plan,한국부동산원_주택공급정보_입주예정물량정보,15111714:533,7ee181e4110561af,ANDANTE(인천계양 A2 공공분양),인천광역시 계양구 동양동 172-0,인천,계양구,,,2026-12,,,747,747,,,,,분양,,,,,https://www.data.go.kr/data/15111714/fileData.do,공공데이터포털 파일데이터. 출처표시 필요. 입주예정월은 원천 기준 예정값.,2026-05-12 17:21:55,15111714.csv,csv,public_allowed,ok,
reb_movein_plan,한국부동산원_주택공급정보_입주예정물량정보,15111714:534,9ee062ece1f0de31,두산위브더제니스 센트럴 계양,인천광역시 계양구 작전동 439-7,인천,계양구,,,2027-05,,,1370,1370,,,,,분양,,,,,https://www.data.go.kr/data/15111714/fileData.do,공공데이터포털 파일데이터. 출처표시 필요. 입주예정월은 원천 기준 예정값.,2026-05-12 17:21:55,15111714.csv,csv,public_allowed,ok,
reb_movein_plan,한국부동산원_주택공급정보_입주예정물량정보,15111714:535,55c6f3fcba2c62e9,계양 롯데캐슬 파크시티 2단지(공4블럭),인천광역시 계양구 효성동 0-0,인천,계양구,,,2027-11,,,1089,1089,,,,,분양,,,,,https://www.data.go.kr/data/15111714/fileData.do,공공데이터포털 파일데이터. 출처표시 필요. 입주예정월은 원천 기준 예정값.,2026-05-12 17:21:55,15111714.csv,csv,public_allowed,ok,
reb_movein_plan,한국부동산원_주택공급정보_입주예정물량정보,15111714:536,5b9bc540ab81a8ea,계양 롯데캐슬 파크시티 1단지(공3블록),인천광역시 계양구 효성동 0-0,인천,계양구,,,2027-11,,,1964,1964,,,,,분양,,,,,https://www.data.go.kr/data/15111714/fileData.do,공공데이터포털 파일데이터. 출처표시 필요. 입주예정월은 원천 기준 예정값.,2026-05-12 17:21:55,15111714.csv,csv,public_allowed,ok,
reb_movein_plan,한국부동산원_주택공급정보_입주예정물량정보,15111714:537,05cd7113725974be,리아츠 더 인천,인천광역시 동구 송림동 31-3,인천,동구,,,2027-10,,,378,378,,,,,분양,,,,,https://www.data.go.kr/data/15111714/fileData.do,공공데이터포털 파일데이터. 출처표시 필요. 입주예정월은 원천 기준 예정값.,2026-05-12 17:21:55,15111714.csv,csv,public_allowed,ok,
reb_movein_plan,한국부동산원_주택공급정보_입주예정물량정보,15111714:538,a7a70120fa1fa20a,도원역e편한세상퍼스트하임,인천광역시 미추홀구 숭의동 106-119,인천,미추홀구,,,2027-03,,,1705,1705,,,,,분양,,,,,https://www.data.go.kr/data/15111714/fileData.do,공공데이터포털 파일데이터. 출처표시 필요. 입주예정월은 원천 기준 예정값.,2026-05-12 17:21:55,15111714.csv,csv,public_allowed,ok,
reb_movein_plan,한국부동산원_주택공급정보_입주예정물량정보,15111714:539,46c7c64095623895,e편한세상 제물포역 파크메종,인천광역시 미추홀구 숭의동 18-0,인천,미추홀구,,,2026-07,,,736,736,,,,,분양,,,,,https://www.data.go.kr/data/15111714/fileData.do,공공데이터포털 파일데이터. 출처표시 필요. 입주예정월은 원천 기준 예정값.,2026-05-12 17:21:55,15111714.csv,csv,public_allowed,ok,
reb_movein_plan,한국부동산원_주택공급정보_입주예정물량정보,15111714:540,789d461a4070a3bf,용현 우방 아이유쉘 센트럴마린,인천광역시 미추홀구 용현동 627-80,인천,미추홀구,,,2026-12,,,252,252,,,,,분양,,,,,https://www.data.go.kr/data/15111714/fileData.do,공공데이터포털 파일데이터. 출처표시 필요. 입주예정월은 원천 기준 예정값.,2026-05-12 17:21:55,15111714.csv,csv,public_allowed,ok,
reb_movein_plan,한국부동산원_주택공급정보_입주예정물량정보,15111714:541,e4f7518c285f3aa9,포레나 인천학익,인천광역시 미추홀구 학익동 290-1,인천,미추홀구,,,2026-04,,,562,562,,,,,분양,,,,,https://www.data.go.kr/data/15111714/fileData.do,공공데이터포털 파일데이터. 출처표시 필요. 입주예정월은 원천 기준 예정값.,2026-05-12 17:21:55,15111714.csv,csv,public_allowed,ok,
reb_movein_plan,한국부동산원_주택공급정보_입주예정물량정보,15111714:542,bdb085c5fcd3f06e,인천산곡 A1 행복주택,인천광역시 부평구 산곡동 70-8,인천,부평구,,,2026-08,,,400,400,,,,,임대,,,,,https://www.data.go.kr/data/15111714/fileData.do,공공데이터포털 파일데이터. 출처표시 필요. 입주예정월은 원천 기준 예정값.,2026-05-12 17:21:55,15111714.csv,csv,public_allowed,ok,
reb_movein_plan,한국부동산원_주택공급정보_입주예정물량정보,15111714:543,7f22db0eeaffd2f6,루원시티서한이다음(행복주택),인천광역시 서구 가정동 461-8,인천,서구,,,2026-05,,,267,267,,,,,임대,,,,,https://www.data.go.kr/data/15111714/fileData.do,공공데이터포털 파일데이터. 출처표시 필요. 입주예정월은 원천 기준 예정값.,2026-05-12 17:21:55,15111714.csv,csv,public_allowed,ok,
reb_movein_plan,한국부동산원_주택공급정보_입주예정물량정보,15111714:544,26dfe9f769224771,루원시티서한이다음(공공분양),인천광역시 서구 가정동 461-8,인천,서구,,,2026-05,,,534,534,,,,,분양,,,,,https://www.data.go.kr/data/15111714/fileData.do,공공데이터포털 파일데이터. 출처표시 필요. 입주예정월은 원천 기준 예정값.,2026-05-12 17:21:55,15111714.csv,csv,public_allowed,ok,
reb_movein_plan,한국부동산원_주택공급정보_입주예정물량정보,15111714:545,75f9e4ed2e0a8a69,검단신도시 파밀리에 엘리프,인천광역시 서구 마전동 0-0,인천,서구,,,2027-07,,,669,669,,,,,분양,,,,,https://www.data.go.kr/data/15111714/fileData.do,공공데이터포털 파일데이터. 출처표시 필요. 입주예정월은 원천 기준 예정값.,2026-05-12 17:21:55,15111714.csv,csv,public_allowed,ok,
reb_movein_plan,한국부동산원_주택공급정보_입주예정물량정보,15111714:546,e4ec3f3e676ebcd9,e편한세상 검단 에코비스타,인천광역시 서구 마전동 0-0,인천,서구,,,2026-07,,,732,732,,,,,분양,,,,,https://www.data.go.kr/data/15111714/fileData.do,공공데이터포털 파일데이터. 출처표시 필요. 입주예정월은 원천 기준 예정값.,2026-05-12 17:21:55,15111714.csv,csv,public_allowed,ok,
reb_movein_plan,한국부동산원_주택공급정보_입주예정물량정보,15111714:547,01d753a3935c353e,검단신도시 푸르지오 더 파크,인천광역시 서구 마전동 0-0,인천,서구,,,2027-12,,,919,919,,,,,분양,,,,,https://www.data.go.kr/data/15111714/fileData.do,공공데이터포털 파일데이터. 출처표시 필요. 입주예정월은 원천 기준 예정값.,2026-05-12 17:21:55,15111714.csv,csv,public_allowed,ok,
reb_movein_plan,한국부동산원_주택공급정보_입주예정물량정보,15111714:548,47c67dcc6d3b1737,검단 스타힐스 가현숲,인천광역시 서구 마전동 1158-12,인천,서구,,,2027-04,,,709,709,,,,,분양,,,,,https://www.data.go.kr/data/15111714/fileData.do,공공데이터포털 파일데이터. 출처표시 필요. 입주예정월은 원천 기준 예정값.,2026-05-12 17:21:55,15111714.csv,csv,public_allowed,ok,
reb_movein_plan,한국부동산원_주택공급정보_입주예정물량정보,15111714:549,b71ee2b52456494c,제일풍경채 검단 Ⅲ,인천광역시 서구 불로동 0-0,인천,서구,,,2026-10,,,610,610,,,,,분양,,,,,https://www.data.go.kr/data/15111714/fileData.do,공공데이터포털 파일데이터. 출처표시 필요. 입주예정월은 원천 기준 예정값.,2026-05-12 17:21:55,15111714.csv,csv,public_allowed,ok,
reb_movein_plan,한국부동산원_주택공급정보_입주예정물량정보,15111714:550,25f58eb81d547cbf,검단아테라자이(AAB21-1블록),인천광역시 서구 불로동 484-3,인천,서구,,,2027-02,,,709,709,,,,,분양,,,,,https://www.data.go.kr/data/15111714/fileData.do,공공데이터포털 파일데이터. 출처표시 필요. 입주예정월은 원천 기준 예정값.,2026-05-12 17:21:55,15111714.csv,csv,public_allowed,ok,
reb_movein_plan,한국부동산원_주택공급정보_입주예정물량정보,15111714:551,6d5cf1b6f6ab0ce1,인천검단신도시 디에트르 더 에듀(AA20BL),인천광역시 서구 불로동 0-0,인천,서구,,,2026-05,,,781,781,,,,,분양,,,,,https://www.data.go.kr/data/15111714/fileData.do,공공데이터포털 파일데이터. 출처표시 필요. 입주예정월은 원천 기준 예정값.,2026-05-12 17:21:55,15111714.csv,csv,public_allowed,ok,
reb_movein_plan,한국부동산원_주택공급정보_입주예정물량정보,15111714:552,d5118efdf704c627,인천 검단신도시 AB19블록 호반써밋,인천광역시 서구 불로동 0-0,인천,서구,,,2026-03,,,856,856,,,,,분양,,,,,https://www.data.go.kr/data/15111714/fileData.do,공공데이터포털 파일데이터. 출처표시 필요. 입주예정월은 원천 기준 예정값.,2026-05-12 17:21:55,15111714.csv,csv,public_allowed,ok,
reb_movein_plan,한국부동산원_주택공급정보_입주예정물량정보,15111714:553,abbc3bcf9bdd62b6,제일풍경채 검단Ⅳ,인천광역시 서구 불로동 0-0,인천,서구,,,2027-02,,,1048,1048,,,,,분양,,,,,https://www.data.go.kr/data/15111714/fileData.do,공공데이터포털 파일데이터. 출처표시 필요. 입주예정월은 원천 기준 예정값.,2026-05-12 17:21:55,15111714.csv,csv,public_allowed,ok,
reb_movein_plan,한국부동산원_주택공급정보_입주예정물량정보,15111714:554,c422d536ce6d47b9,중흥S-클래스 에듀파크,인천광역시 서구 불로동 498,인천,서구,,,2027-06,,,1448,1448,,,,,분양,,,,,https://www.data.go.kr/data/15111714/fileData.do,공공데이터포털 파일데이터. 출처표시 필요. 입주예정월은 원천 기준 예정값.,2026-05-12 17:21:55,15111714.csv,csv,public_allowed,ok,
reb_movein_plan,한국부동산원_주택공급정보_입주예정물량정보,15111714:555,ad367ce782a97a17,석남역 센트럴파크 그랑베르,인천광역시 서구 석남동 521-2,인천,서구,,,2027-06,,,198,198,,,,,분양,,,,,https://www.data.go.kr/data/15111714/fileData.do,공공데이터포털 파일데이터. 출처표시 필요. 입주예정월은 원천 기준 예정값.,2026-05-12 17:21:55,15111714.csv,csv,public_allowed,ok,
reb_movein_plan,한국부동산원_주택공급정보_입주예정물량정보,15111714:556,0abfd992a894d420,인천 연희공원 호반써밋 파크에디션,인천광역시 서구 연희동 166-10,인천,서구,,,2026-12,,,1370,1370,,,,,분양,,,,,https://www.data.go.kr/data/15111714/fileData.do,공공데이터포털 파일데이터. 출처표시 필요. 입주예정월은 원천 기준 예정값.,2026-05-12 17:21:55,15111714.csv,csv,public_allowed,ok,
reb_movein_plan,한국부동산원_주택공급정보_입주예정물량정보,15111714:557,a9b85af1f6e11e46,검단신도시 롯데캐슬 넥스티엘,인천광역시 서구 원당동 0-0,인천,서구,,,2026-04,,,372,372,,,,,분양,,,,,https://www.data.go.kr/data/15111714/fileData.do,공공데이터포털 파일데이터. 출처표시 필요. 입주예정월은 원천 기준 예정값.,2026-05-12 17:21:55,15111714.csv,csv,public_allowed,ok,
reb_movein_plan,한국부동산원_주택공급정보_입주예정물량정보,15111714:558,b840638438612ad1,인천 검단신도시 AB13블록 호반써밋Ⅲ,인천광역시 서구 원당동 0-0,인천,서구,,,2026-12,,,905,905,,,,,분양,,,,,https://www.data.go.kr/data/15111714/fileData.do,공공데이터포털 파일데이터. 출처표시 필요. 입주예정월은 원천 기준 예정값.,2026-05-12 17:21:55,15111714.csv,csv,public_allowed,ok,
reb_movein_plan,한국부동산원_주택공급정보_입주예정물량정보,15111714:559,ea9f0594e2a11975,e편한세상 검단 웰카운티(공공분양),인천광역시 서구 원당동 0-0,인천,서구,,,2026-07,,,1458,1458,,,,,분양,,,,,https://www.data.go.kr/data/15111714/fileData.do,공공데이터포털 파일데이터. 출처표시 필요. 입주예정월은 원천 기준 예정값.,2026-05-12 17:21:55,15111714.csv,csv,public_allowed,ok,
reb_movein_plan,한국부동산원_주택공급정보_입주예정물량정보,15111714:560,a27bbe1aa437a5ec,칸타빌 더 스위트,인천광역시 서구 원당동 810-1,인천,서구,,,2026-06,,,625,625,,,,,분양,,,,,https://www.data.go.kr/data/15111714/fileData.do,공공데이터포털 파일데이터. 출처표시 필요. 입주예정월은 원천 기준 예정값.,2026-05-12 17:21:55,15111714.csv,csv,public_allowed,ok,
reb_movein_plan,한국부동산원_주택공급정보_입주예정물량정보,15111714:561,012fb226eb845539,송도자이풍경채 그라노블 1단지,인천광역시 연수구 송도동 551-1,인천,연수구,,,2027-06,,,469,469,,,,,분양,,,,,https://www.data.go.kr/data/15111714/fileData.do,공공데이터포털 파일데이터. 출처표시 필요. 입주예정월은 원천 기준 예정값.,2026-05-12 17:21:55,15111714.csv,csv,public_allowed,ok,
reb_movein_plan,한국부동산원_주택공급정보_입주예정물량정보,15111714:562,8cb3b38bd2116149,송도자이풍경채 그라노블 2단지,인천광역시 연수구 송도동 552-0,인천,연수구,,,2027-06,,,548,548,,,,,분양,,,,,https://www.data.go.kr/data/15111714/fileData.do,공공데이터포털 파일데이터. 출처표시 필요. 입주예정월은 원천 기준 예정값.,2026-05-12 17:21:55,15111714.csv,csv,public_allowed,ok,
reb_movein_plan,한국부동산원_주택공급정보_입주예정물량정보,15111714:563,ab61767578911059,래미안 센트리폴(3BL),인천광역시 연수구 옥련동 0-0,인천,연수구,,,2027-12,,,1024,1024,,,,,분양,,,,,https://www.data.go.kr/data/15111714/fileData.do,공공데이터포털 파일데이터. 출처표시 필요. 입주예정월은 원천 기준 예정값.,2026-05-12 17:21:55,15111714.csv,csv,public_allowed,ok,
reb_movein_plan,한국부동산원_주택공급정보_입주예정물량정보,15111714:564,4b9cbcf08ad030d6,숭의역 라온프라이빗 스카이브,인천광역시 중구 신흥동3가 7-79,인천,중구,,,2027-06,,,440,440,,,,,분양,,,,,https://www.data.go.kr/data/15111714/fileData.do,공공데이터포털 파일데이터. 출처표시 필요. 입주예정월은 원천 기준 예정값.,2026-05-12 17:21:55,15111714.csv,csv,public_allowed,ok,
reb_movein_plan,한국부동산원_주택공급정보_입주예정물량정보,15111714:565,49d74b35b0327551,영종 진아레히,인천광역시 중구 운남동 1654-1,인천,중구,,,2027-05,,,547,547,,,,,분양,,,,,https://www.data.go.kr/data/15111714/fileData.do,공공데이터포털 파일데이터. 출처표시 필요. 입주예정월은 원천 기준 예정값.,2026-05-12 17:21:55,15111714.csv,csv,public_allowed,ok,
reb_movein_plan,한국부동산원_주택공급정보_입주예정물량정보,15111714:566,5c63dcce36fdfd99,영종 오션파크 모아엘가 그랑데,인천광역시 중구 운남동 1710-1,인천,중구,,,2026-04,,,560,560,,,,,분양,,,,,https://www.data.go.kr/data/15111714/fileData.do,공공데이터포털 파일데이터. 출처표시 필요. 입주예정월은 원천 기준 예정값.,2026-05-12 17:21:55,15111714.csv,csv,public_allowed,ok,
reb_movein_plan,한국부동산원_주택공급정보_입주예정물량정보,15111714:567,a8c8d33f883d38f5,운서역 대라수 어썸에듀,인천광역시 중구 운서동 3085-4,인천,중구,,,2026-08,,,311,311,,,,,분양,,,,,https://www.data.go.kr/data/15111714/fileData.do,공공데이터포털 파일데이터. 출처표시 필요. 입주예정월은 원천 기준 예정값.,2026-05-12 17:21:55,15111714.csv,csv,public_allowed,ok,
reb_movein_plan,한국부동산원_주택공급정보_입주예정물량정보,15111714:568,21dac4c2944098d0,인천 두산위브 더센트럴,인천광역시 동구 송림동 42-215,인천,동구,,,2026-01,,,1321,1321,,,,,분양임대조합,,,,,https://www.data.go.kr/data/15111714/fileData.do,공공데이터포털 파일데이터. 출처표시 필요. 입주예정월은 원천 기준 예정값.,2026-05-12 17:21:55,15111714.csv,csv,public_allowed,ok,
reb_movein_plan,한국부동산원_주택공급정보_입주예정물량정보,15111714:569,13b2a296a364fd3d,인천검단AA21(공공분양),인천광역시 서구 불로동 210-1,인천,서구,,,2026-10,,,1224,1224,,,,,분양,,,,,https://www.data.go.kr/data/15111714/fileData.do,공공데이터포털 파일데이터. 출처표시 필요. 입주예정월은 원천 기준 예정값.,2026-05-12 17:21:55,15111714.csv,csv,public_allowed,ok,
reb_movein_plan,한국부동산원_주택공급정보_입주예정물량정보,15111714:570,dcd7e0cc252fbcc6,인천석정 행복주택,인천광역시 미추홀구 숭의동 85번지 일원,인천,미추홀구,,,2027-03,,,108,108,,,,,임대,,,,,https://www.data.go.kr/data/15111714/fileData.do,공공데이터포털 파일데이터. 출처표시 필요. 입주예정월은 원천 기준 예정값.,2026-05-12 17:21:55,15111714.csv,csv,public_allowed,ok,
reb_movein_plan,한국부동산원_주택공급정보_입주예정물량정보,15111714:571,d3bc714ad0c0bf34,인천용현1 행복주택,인천광역시 미추홀구 용현동 568-2번지 일원,인천,미추홀구,,,2027-05,,,34,34,,,,,임대,,,,,https://www.data.go.kr/data/15111714/fileData.do,공공데이터포털 파일데이터. 출처표시 필요. 입주예정월은 원천 기준 예정값.,2026-05-12 17:21:55,15111714.csv,csv,public_allowed,ok,
reb_movein_plan,한국부동산원_주택공급정보_입주예정물량정보,15111714:572,3c7c654e7323484c,목포상락 통합공공임대주택,전라남도 목포시 상락동1가 10-13,전남,목포시,,,2026-02,,,60,60,,,,,임대,,,,,https://www.data.go.kr/data/15111714/fileData.do,공공데이터포털 파일데이터. 출처표시 필요. 입주예정월은 원천 기준 예정값.,2026-05-12 17:21:55,15111714.csv,csv,public_allowed,ok,
reb_movein_plan,한국부동산원_주택공급정보_입주예정물량정보,15111714:573,9872ac375018a011,해남해리 2BL 국민임대주택,전라남도 해남군 해남읍 해리 696-0,전남,해남군,,,2026-02,,,400,400,,,,,임대,,,,,https://www.data.go.kr/data/15111714/fileData.do,공공데이터포털 파일데이터. 출처표시 필요. 입주예정월은 원천 기준 예정값.,2026-05-12 17:21:55,15111714.csv,csv,public_allowed,ok,
reb_movein_plan,한국부동산원_주택공급정보_입주예정물량정보,15111714:574,c4f80c19c65d7e95,광양중동센텀유블레스(민감임대),전라남도 광양시 중동 1322-1,전남,광양시,,,2026-05,,,376,376,,,,,임대,,,,,https://www.data.go.kr/data/15111714/fileData.do,공공데이터포털 파일데이터. 출처표시 필요. 입주예정월은 원천 기준 예정값.,2026-05-12 17:21:55,15111714.csv,csv,public_allowed,ok,
reb_movein_plan,한국부동산원_주택공급정보_입주예정물량정보,15111714:575,2b80bde2baacf251,장성 남양휴튼 리버파크,전라남도 장성군 장성읍 기산리 112-3,전남,장성군,,,2026-06,,,180,180,,,,,분양,,,,,https://www.data.go.kr/data/15111714/fileData.do,공공데이터포털 파일데이터. 출처표시 필요. 입주예정월은 원천 기준 예정값.,2026-05-12 17:21:55,15111714.csv,csv,public_allowed,ok,
reb_movein_plan,한국부동산원_주택공급정보_입주예정물량정보,15111714:576,9c36f2a09943549c,힐스테이트 첨단센트럴,전라남도 장성군 진원면 0-0,전남,장성군,,,2026-10,,,1520,1520,,,,,분양,,,,,https://www.data.go.kr/data/15111714/fileData.do,공공데이터포털 파일데이터. 출처표시 필요. 입주예정월은 원천 기준 예정값.,2026-05-12 17:21:55,15111714.csv,csv,public_allowed,ok,
reb_movein_plan,한국부동산원_주택공급정보_입주예정물량정보,15111714:577,6f56b0a6d16e73f6,하당 르파르크시그니처,전라남도 목포시 석현동 1175-11,전남,목포시,,,2027-04,,,70,70,,,,,분양,,,,,https://www.data.go.kr/data/15111714/fileData.do,공공데이터포털 파일데이터. 출처표시 필요. 입주예정월은 원천 기준 예정값.,2026-05-12 17:21:55,15111714.csv,csv,public_allowed,ok,
reb_movein_plan,한국부동산원_주택공급정보_입주예정물량정보,15111714:578,a09596b15915406c,담양삼만 통합공공임대 일자리연계형 지원주택,전라남도 담양군 담양읍 삼만리 1241 외 5,전남,담양군,,,2027-02,,,94,94,,,,,임대,,,,,https://www.data.go.kr/data/15111714/fileData.do,공공데이터포털 파일데이터. 출처표시 필요. 입주예정월은 원천 기준 예정값.,2026-05-12 17:21:55,15111714.csv,csv,public_allowed,ok,
reb_movein_plan,한국부동산원_주택공급정보_입주예정물량정보,15111714:579,a7cd6e457405ac8a,e편한세상여수글렌츠,전라남도 여수시 신기동 3,전남,여수시,,,2027-03,,,1365,1365,,,,,조합,,,,,https://www.data.go.kr/data/15111714/fileData.do,공공데이터포털 파일데이터. 출처표시 필요. 입주예정월은 원천 기준 예정값.,2026-05-12 17:21:55,15111714.csv,csv,public_allowed,ok,
reb_movein_plan,한국부동산원_주택공급정보_입주예정물량정보,15111714:580,dbe3e1fdfcf95d26,힐스테이트 죽림더프라우드(A2BL)/민영주택,전라남도 여수시 소라면 죽림1지구 A2블록,전남,여수시,,,2027-04,,,129,129,,,,,분양,,,,,https://www.data.go.kr/data/15111714/fileData.do,공공데이터포털 파일데이터. 출처표시 필요. 입주예정월은 원천 기준 예정값.,2026-05-12 17:21:55,15111714.csv,csv,public_allowed,ok,
reb_movein_plan,한국부동산원_주택공급정보_입주예정물량정보,15111714:581,fcb0f63c24338163,힐스테이트 죽림더프라우드(A4BL),전라남도 여수시 소라면 죽림1지구 A4블록,전남,여수시,,,2027-04,,,341,341,,,,,분양,,,,,https://www.data.go.kr/data/15111714/fileData.do,공공데이터포털 파일데이터. 출처표시 필요. 입주예정월은 원천 기준 예정값.,2026-05-12 17:21:55,15111714.csv,csv,public_allowed,ok,
reb_movein_plan,한국부동산원_주택공급정보_입주예정물량정보,15111714:582,f1cc645e345e4200,힐스테이트 죽림더프라우드(A2BL) / 국민주택,전라남도 여수시 소라면 죽림1지구 A2블록,전남,여수시,,,2027-04,,,802,802,,,,,분양,,,,,https://www.data.go.kr/data/15111714/fileData.do,공공데이터포털 파일데이터. 출처표시 필요. 입주예정월은 원천 기준 예정값.,2026-05-12 17:21:55,15111714.csv,csv,public_allowed,ok,
reb_movein_plan,한국부동산원_주택공급정보_입주예정물량정보,15111714:583,0e4869bcc2a91fc1,나주영산 윤슬의아침 더정원,전라남도 나주시 이창동 714,전남,나주시,,,2027-05,,,311,311,,,,,분양,,,,,https://www.data.go.kr/data/15111714/fileData.do,공공데이터포털 파일데이터. 출처표시 필요. 입주예정월은 원천 기준 예정값.,2026-05-12 17:21:55,15111714.csv,csv,public_allowed,ok,
reb_movein_plan,한국부동산원_주택공급정보_입주예정물량정보,15111714:584,fc4d6ced8b23bf19,순천그랜드파크자이,전라남도 순천시 풍덕동 327-3,전남,순천시,,,2027-07,,,997,997,,,,,분양,,,,,https://www.data.go.kr/data/15111714/fileData.do,공공데이터포털 파일데이터. 출처표시 필요. 입주예정월은 원천 기준 예정값.,2026-05-12 17:21:55,15111714.csv,csv,public_allowed,ok,
reb_movein_plan,한국부동산원_주택공급정보_입주예정물량정보,15111714:585,8dff05a650509203,파크레스트 해남 민영주택,전라남도 해남군 해남읍 구교리 49-0,전남,해남군,,,2027-07,,,294,294,,,,,분양,,,,,https://www.data.go.kr/data/15111714/fileData.do,공공데이터포털 파일데이터. 출처표시 필요. 입주예정월은 원천 기준 예정값.,2026-05-12 17:21:55,15111714.csv,csv,public_allowed,ok,
reb_movein_plan,한국부동산원_주택공급정보_입주예정물량정보,15111714:586,28ac7f6408bf60ff,순천 지에이그린웰 하이드원,전라남도 순천시 덕암동 45-0,전남,순천시,,,2027-09,,,475,475,,,,,분양,,,,,https://www.data.go.kr/data/15111714/fileData.do,공공데이터포털 파일데이터. 출처표시 필요. 입주예정월은 원천 기준 예정값.,2026-05-12 17:21:55,15111714.csv,csv,public_allowed,ok,
reb_movein_plan,한국부동산원_주택공급정보_입주예정물량정보,15111714:587,06e688146aab769a,순천 한양립스 파크포레,전라남도 순천시 용당동 288-1,전남,순천시,,,2027-10,,,463,463,,,,,분양,,,,,https://www.data.go.kr/data/15111714/fileData.do,공공데이터포털 파일데이터. 출처표시 필요. 입주예정월은 원천 기준 예정값.,2026-05-12 17:21:55,15111714.csv,csv,public_allowed,ok,
reb_movein_plan,한국부동산원_주택공급정보_입주예정물량정보,15111714:588,a987136208d9f29e,더샵 광양레이크센텀,전라남도 광양시 마동 348-4,전남,광양시,,,2027-01,,,925,925,,,,,분양,,,,,https://www.data.go.kr/data/15111714/fileData.do,공공데이터포털 파일데이터. 출처표시 필요. 입주예정월은 원천 기준 예정값.,2026-05-12 17:21:55,15111714.csv,csv,public_allowed,ok,
reb_movein_plan,한국부동산원_주택공급정보_입주예정물량정보,15111714:589,b537da5368b9c332,첨단제일풍경채(A2),전라남도 장성군 진원면 A2,전남,장성군,,,2026-10,,,1845,1845,,,,,분양,,,,,https://www.data.go.kr/data/15111714/fileData.do,공공데이터포털 파일데이터. 출처표시 필요. 입주예정월은 원천 기준 예정값.,2026-05-12 17:21:55,15111714.csv,csv,public_allowed,ok,
reb_movein_plan,한국부동산원_주택공급정보_입주예정물량정보,15111714:590,2bc4d2d53662b0c9,군산 한라비발디 더프라임,전북특별자치도 군산시 지곡동 126-0,전북,군산시,,,2026-03,,,633,633,,,,,분양,,,,,https://www.data.go.kr/data/15111714/fileData.do,공공데이터포털 파일데이터. 출처표시 필요. 입주예정월은 원천 기준 예정값.,2026-05-12 17:21:55,15111714.csv,csv,public_allowed,ok,
reb_movein_plan,한국부동산원_주택공급정보_입주예정물량정보,15111714:591,cb2ae8dab2143602,군산 경남아너스빌 디오션,전북특별자치도 군산시 조촌동 739-6,전북,군산시,,,2026-05,,,873,873,,,,,분양,,,,,https://www.data.go.kr/data/15111714/fileData.do,공공데이터포털 파일데이터. 출처표시 필요. 입주예정월은 원천 기준 예정값.,2026-05-12 17:21:55,15111714.csv,csv,public_allowed,ok,
reb_movein_plan,한국부동산원_주택공급정보_입주예정물량정보,15111714:592,274701c7484a7b6e,익산아르니에듀스카이,전북특별자치도 익산시 신동 142-111,전북,익산시,,,2026-08,,,295,295,,,,,조합,,,,,https://www.data.go.kr/data/15111714/fileData.do,공공데이터포털 파일데이터. 출처표시 필요. 입주예정월은 원천 기준 예정값.,2026-05-12 17:21:55,15111714.csv,csv,public_allowed,ok,
reb_movein_plan,한국부동산원_주택공급정보_입주예정물량정보,15111714:593,cb6942b6fea5d484,봉동 한양립스 센텀포레,전북특별자치도 완주군 봉동읍 용암리 48-1,전북,완주군,,,2026-10,,,516,516,,,,,분양,,,,,https://www.data.go.kr/data/15111714/fileData.do,공공데이터포털 파일데이터. 출처표시 필요. 입주예정월은 원천 기준 예정값.,2026-05-12 17:21:55,15111714.csv,csv,public_allowed,ok,
reb_movein_plan,한국부동산원_주택공급정보_입주예정물량정보,15111714:594,839faba602cde6f5,서신 더샵 비발디,전북특별자치도 전주시 완산구 서신동 40-4,전북,전주시 완산구,,,2026-11,,,1914,1914,,,,,분양,,,,,https://www.data.go.kr/data/15111714/fileData.do,공공데이터포털 파일데이터. 출처표시 필요. 입주예정월은 원천 기준 예정값.,2026-05-12 17:21:55,15111714.csv,csv,public_allowed,ok,
reb_movein_plan,한국부동산원_주택공급정보_입주예정물량정보,15111714:595,1b2985ea0afce8ba,효성해링턴 플레이스 군산,전북특별자치도 군산시 경장동 504-4,전북,군산시,,,2026-12,,,275,275,,,,,분양,,,,,https://www.data.go.kr/data/15111714/fileData.do,공공데이터포털 파일데이터. 출처표시 필요. 입주예정월은 원천 기준 예정값.,2026-05-12 17:21:55,15111714.csv,csv,public_allowed,ok,
reb_movein_plan,한국부동산원_주택공급정보_입주예정물량정보,15111714:596,61d15747ca90b64e,군산 레이크시티 아이파크,전북특별자치도 군산시 지곡동 산 137-1,전북,군산시,,,2026-12,,,722,722,,,,,분양,,,,,https://www.data.go.kr/data/15111714/fileData.do,공공데이터포털 파일데이터. 출처표시 필요. 입주예정월은 원천 기준 예정값.,2026-05-12 17:21:55,15111714.csv,csv,public_allowed,ok,
reb_movein_plan,한국부동산원_주택공급정보_입주예정물량정보,15111714:597,4a400449ec84181f,익산 부송 아이파크,전북특별자치도 익산시 부송동 0-0,전북,익산시,,,2026-12,,,511,511,,,,,분양,,,,,https://www.data.go.kr/data/15111714/fileData.do,공공데이터포털 파일데이터. 출처표시 필요. 입주예정월은 원천 기준 예정값.,2026-05-12 17:21:55,15111714.csv,csv,public_allowed,ok,
reb_movein_plan,한국부동산원_주택공급정보_입주예정물량정보,15111714:598,e245c136e76824c3,에코시티 한양수자인 디에스틴 주상복합,전북특별자치도 전주시 덕진구 송천동2가 1315-0,전북,전주시 덕진구,,,2026-12,,,268,268,,,,,분양,,,,,https://www.data.go.kr/data/15111714/fileData.do,공공데이터포털 파일데이터. 출처표시 필요. 입주예정월은 원천 기준 예정값.,2026-05-12 17:21:55,15111714.csv,csv,public_allowed,ok,
reb_movein_plan,한국부동산원_주택공급정보_입주예정물량정보,15111714:599,b10bdd05ca51856e,에코시티 더샵4차,전북특별자치도 전주시 덕진구 송천동2가 1317-0,전북,전주시 덕진구,,,2027-01,,,576,576,,,,,분양,,,,,https://www.data.go.kr/data/15111714/fileData.do,공공데이터포털 파일데이터. 출처표시 필요. 입주예정월은 원천 기준 예정값.,2026-05-12 17:21:55,15111714.csv,csv,public_allowed,ok,
reb_movein_plan,한국부동산원_주택공급정보_입주예정물량정보,15111714:600,6ba9bda082b52fa8,전주대라수글로벌에듀(민간임대),전북특별자치도 전주시 덕진구 금암동 523-104,전북,전주시 덕진구,,,2027-02,,,315,315,,,,,임대,,,,,https://www.data.go.kr/data/15111714/fileData.do,공공데이터포털 파일데이터. 출처표시 필요. 입주예정월은 원천 기준 예정값.,2026-05-12 17:21:55,15111714.csv,csv,public_allowed,ok,
reb_movein_plan,한국부동산원_주택공급정보_입주예정물량정보,15111714:601,3faf89b0363e5689,김제 검산 예다음,전북특별자치도 김제시 검산동 510-7,전북,김제시,,,2027-03,,,648,648,,,,,분양,,,,,https://www.data.go.kr/data/15111714/fileData.do,공공데이터포털 파일데이터. 출처표시 필요. 입주예정월은 원천 기준 예정값.,2026-05-12 17:21:55,15111714.csv,csv,public_allowed,ok,
reb_movein_plan,한국부동산원_주택공급정보_입주예정물량정보,15111714:602,f6172b0948818740,전주 에코시티 더 클래스,전북특별자치도 전주시 덕진구 호성동2가 801-31,전북,전주시 덕진구,,,2027-05,,,48,48,,,,,분양,,,,,https://www.data.go.kr/data/15111714/fileData.do,공공데이터포털 파일데이터. 출처표시 필요. 입주예정월은 원천 기준 예정값.,2026-05-12 17:21:55,15111714.csv,csv,public_allowed,ok,
reb_movein_plan,한국부동산원_주택공급정보_입주예정물량정보,15111714:603,e4ee265cb8b618d3,김제하동어반트리2차(민간임대),전북특별자치도 김제시 하동 산 37-10,전북,김제시,,,2027-07,,,122,122,,,,,임대,,,,,https://www.data.go.kr/data/15111714/fileData.do,공공데이터포털 파일데이터. 출처표시 필요. 입주예정월은 원천 기준 예정값.,2026-05-12 17:21:55,15111714.csv,csv,public_allowed,ok,
reb_movein_plan,한국부동산원_주택공급정보_입주예정물량정보,15111714:604,8fcd9da14dedd0d5,전주 인후동 마루힐 센트럴,전북특별자치도 전주시 덕진구 인후동2가 1560-0,전북,전주시 덕진구,,,2027-09,,,199,199,,,,,분양,,,,,https://www.data.go.kr/data/15111714/fileData.do,공공데이터포털 파일데이터. 출처표시 필요. 입주예정월은 원천 기준 예정값.,2026-05-12 17:21:55,15111714.csv,csv,public_allowed,ok,
reb_movein_plan,한국부동산원_주택공급정보_입주예정물량정보,15111714:605,cd964ab0180d1cbb,남전주IC국제미소래1차(민간임대),전북특별자치도 김제시 금구면 금구리 358-37,전북,김제시,,,2027-11,,,198,198,,,,,임대,,,,,https://www.data.go.kr/data/15111714/fileData.do,공공데이터포털 파일데이터. 출처표시 필요. 입주예정월은 원천 기준 예정값.,2026-05-12 17:21:55,15111714.csv,csv,public_allowed,ok,
reb_movein_plan,한국부동산원_주택공급정보_입주예정물량정보,15111714:606,99e63c55b029fb1e,대상 웰라움 순창,전북특별자치도 순창군 순창읍 순화리 951,전북,순창군,,,2027-11,,,264,264,,,,,분양,,,,,https://www.data.go.kr/data/15111714/fileData.do,공공데이터포털 파일데이터. 출처표시 필요. 입주예정월은 원천 기준 예정값.,2026-05-12 17:21:55,15111714.csv,csv,public_allowed,ok,
reb_movein_plan,한국부동산원_주택공급정보_입주예정물량정보,15111714:607,5a69585bf4405f42,신동(신혼희망타운),전북특별자치도 익산시 신동 808-1,전북,익산시,,,2026-02,,,44,44,,,,,,,,,,https://www.data.go.kr/data/15111714/fileData.do,공공데이터포털 파일데이터. 출처표시 필요. 입주예정월은 원천 기준 예정값.,2026-05-12 17:21:55,15111714.csv,csv,public_allowed,ok,
reb_movein_plan,한국부동산원_주택공급정보_입주예정물량정보,15111714:608,2bae4b70f91d154e,남중동 오투그란데 뉴퍼스트,전북특별자치도 익산시 남중동 454-1,전북,익산시,,,2026-02,,,298,298,,,,,분양,,,,,https://www.data.go.kr/data/15111714/fileData.do,공공데이터포털 파일데이터. 출처표시 필요. 입주예정월은 원천 기준 예정값.,2026-05-12 17:21:55,15111714.csv,csv,public_allowed,ok,
reb_movein_plan,한국부동산원_주택공급정보_입주예정물량정보,15111714:609,c44a229e58bb43f1,제주 중부공원 제일풍경채 센트럴파크,제주특별자치도 제주시 건입동 167-0,제주,제주시,,,2027-04,,,728,728,,,,,분양,,,,,https://www.data.go.kr/data/15111714/fileData.do,공공데이터포털 파일데이터. 출처표시 필요. 입주예정월은 원천 기준 예정값.,2026-05-12 17:21:55,15111714.csv,csv,public_allowed,ok,
reb_movein_plan,한국부동산원_주택공급정보_입주예정물량정보,15111714:610,e51cc5071ef78cce,정원파인즈 reve 2단지,제주특별자치도 제주시 아라이동 1270-19,제주,제주시,,,2026-05,,,65,65,,,,,분양,,,,,https://www.data.go.kr/data/15111714/fileData.do,공공데이터포털 파일데이터. 출처표시 필요. 입주예정월은 원천 기준 예정값.,2026-05-12 17:21:55,15111714.csv,csv,public_allowed,ok,
reb_movein_plan,한국부동산원_주택공급정보_입주예정물량정보,15111714:611,92487e7f795cdfa7,정원파인즈 reve 3단지 도시형생활주택,제주특별자치도 제주시 아라이동 1270-5,제주,제주시,,,2027-05,,,69,69,,,,,분양,,,,,https://www.data.go.kr/data/15111714/fileData.do,공공데이터포털 파일데이터. 출처표시 필요. 입주예정월은 원천 기준 예정값.,2026-05-12 17:21:55,15111714.csv,csv,public_allowed,ok,
reb_movein_plan,한국부동산원_주택공급정보_입주예정물량정보,15111714:612,7b514d75b53df654,위파크 제주 1단지,제주특별자치도 제주시 오라이동 854-1,제주,제주시,,,2027-11,,,686,686,,,,,분양,,,,,https://www.data.go.kr/data/15111714/fileData.do,공공데이터포털 파일데이터. 출처표시 필요. 입주예정월은 원천 기준 예정값.,2026-05-12 17:21:55,15111714.csv,csv,public_allowed,ok,
reb_movein_plan,한국부동산원_주택공급정보_입주예정물량정보,15111714:613,8e5e94d64bef8dc2,위파크 제주 2단지,제주특별자치도 제주시 오라이동 923-0,제주,제주시,,,2027-11,,,715,715,,,,,분양,,,,,https://www.data.go.kr/data/15111714/fileData.do,공공데이터포털 파일데이터. 출처표시 필요. 입주예정월은 원천 기준 예정값.,2026-05-12 17:21:55,15111714.csv,csv,public_allowed,ok,
reb_movein_plan,한국부동산원_주택공급정보_입주예정물량정보,15111714:614,bc0b63eedf9c94b9,외도 성원상떼빌,제주특별자치도 제주시 외도일동 499-3,제주,제주시,,,2026-02,,,83,83,,,,,분양,,,,,https://www.data.go.kr/data/15111714/fileData.do,공공데이터포털 파일데이터. 출처표시 필요. 입주예정월은 원천 기준 예정값.,2026-05-12 17:21:55,15111714.csv,csv,public_allowed,ok,
reb_movein_plan,한국부동산원_주택공급정보_입주예정물량정보,15111714:615,03260573c059dd97,제주화복A22(행복주택),제주특별자치도 제주시 화북일동 1400,제주,제주시,,,2026-09,,,272,272,,,,,임대,,,,,https://www.data.go.kr/data/15111714/fileData.do,공공데이터포털 파일데이터. 출처표시 필요. 입주예정월은 원천 기준 예정값.,2026-05-12 17:21:55,15111714.csv,csv,public_allowed,ok,
reb_movein_plan,한국부동산원_주택공급정보_입주예정물량정보,15111714:616,4fc7aebd3b4f3edc,서귀포 형남6차 아파트,제주특별자치도 서귀포시 서홍동 384-5,제주,서귀포시,,,2026-10,,,94,94,,,,,분양,,,,,https://www.data.go.kr/data/15111714/fileData.do,공공데이터포털 파일데이터. 출처표시 필요. 입주예정월은 원천 기준 예정값.,2026-05-12 17:21:55,15111714.csv,csv,public_allowed,ok,
reb_movein_plan,한국부동산원_주택공급정보_입주예정물량정보,15111714:617,5690f7fb514fb82f,리첸시아 표선 IB,제주특별자치도 서귀포시 표선면 표선리 536-1,제주,서귀포시,,,2026-03,,,50,50,,,,,분양,,,,,https://www.data.go.kr/data/15111714/fileData.do,공공데이터포털 파일데이터. 출처표시 필요. 입주예정월은 원천 기준 예정값.,2026-05-12 17:21:55,15111714.csv,csv,public_allowed,ok,
reb_movein_plan,한국부동산원_주택공급정보_입주예정물량정보,15111714:618,e52a9b054952743a,힐스테이트 자이 아산센텀,충청남도 아산시 배방읍 세교리 1600-0,충남,아산시,,,2026-01,,,787,787,,,,,분양,,,,,https://www.data.go.kr/data/15111714/fileData.do,공공데이터포털 파일데이터. 출처표시 필요. 입주예정월은 원천 기준 예정값.,2026-05-12 17:21:55,15111714.csv,csv,public_allowed,ok,
reb_movein_plan,한국부동산원_주택공급정보_입주예정물량정보,15111714:619,3a40f9c4b15be3d3,아산 벨코어 스위첸,충청남도 아산시 모종동 555-1,충남,아산시,,,2026-01,,,299,299,,,,,분양,,,,,https://www.data.go.kr/data/15111714/fileData.do,공공데이터포털 파일데이터. 출처표시 필요. 입주예정월은 원천 기준 예정값.,2026-05-12 17:21:55,15111714.csv,csv,public_allowed,ok,
reb_movein_plan,한국부동산원_주택공급정보_입주예정물량정보,15111714:620,a3b9825fb34b6767,아산자이 그랜드파크 2단지,충청남도 아산시 용화동 133-2,충남,아산시,,,2026-02,,,849,849,,,,,분양,,,,,https://www.data.go.kr/data/15111714/fileData.do,공공데이터포털 파일데이터. 출처표시 필요. 입주예정월은 원천 기준 예정값.,2026-05-12 17:21:55,15111714.csv,csv,public_allowed,ok,
reb_movein_plan,한국부동산원_주택공급정보_입주예정물량정보,15111714:621,a7d99de905296840,아산자이 그랜드파크 1단지,충청남도 아산시 용화동 137-1,충남,아산시,,,2026-02,,,739,739,,,,,분양,,,,,https://www.data.go.kr/data/15111714/fileData.do,공공데이터포털 파일데이터. 출처표시 필요. 입주예정월은 원천 기준 예정값.,2026-05-12 17:21:55,15111714.csv,csv,public_allowed,ok,
reb_movein_plan,한국부동산원_주택공급정보_입주예정물량정보,15111714:622,a974dc7418be5d09,천안 일봉공원 호반써밋 센트럴파크(1BL),충청남도 천안시 동남구 용곡동 462-16,충남,천안시 동남구,,,2026-02,,,453,453,,,,,분양,,,,,https://www.data.go.kr/data/15111714/fileData.do,공공데이터포털 파일데이터. 출처표시 필요. 입주예정월은 원천 기준 예정값.,2026-05-12 17:21:55,15111714.csv,csv,public_allowed,ok,
reb_movein_plan,한국부동산원_주택공급정보_입주예정물량정보,15111714:623,5c0206a615c0a6e2,힐스테이트 모종 블랑루체,충청남도 아산시 모종동 0-0,충남,아산시,,,2026-03,,,1060,1060,,,,,분양,,,,,https://www.data.go.kr/data/15111714/fileData.do,공공데이터포털 파일데이터. 출처표시 필요. 입주예정월은 원천 기준 예정값.,2026-05-12 17:21:55,15111714.csv,csv,public_allowed,ok,
reb_movein_plan,한국부동산원_주택공급정보_입주예정물량정보,15111714:624,b9f87328a4ef3b0a,백석동(민간임대),충청남도 천안시 서북구 백석동 462-40,충남,천안시 서북구,,,2026-06,,,70,70,,,,,임대,,,,,https://www.data.go.kr/data/15111714/fileData.do,공공데이터포털 파일데이터. 출처표시 필요. 입주예정월은 원천 기준 예정값.,2026-05-12 17:21:55,15111714.csv,csv,public_allowed,ok,
reb_movein_plan,한국부동산원_주택공급정보_입주예정물량정보,15111714:625,85dce7c0cd296c83,트루엘 시그니처 천안역,충청남도 천안시 동남구 문화동 78-1,충남,천안시 동남구,,,2026-07,,,236,236,,,,,분양,,,,,https://www.data.go.kr/data/15111714/fileData.do,공공데이터포털 파일데이터. 출처표시 필요. 입주예정월은 원천 기준 예정값.,2026-05-12 17:21:55,15111714.csv,csv,public_allowed,ok,
reb_movein_plan,한국부동산원_주택공급정보_입주예정물량정보,15111714:626,b881fdbb13fbf0fd,논산 푸르지오 더 퍼스트,충청남도 논산시 연무읍 안심리 26-0,충남,논산시,,,2026-08,,,433,433,,,,,분양,,,,,https://www.data.go.kr/data/15111714/fileData.do,공공데이터포털 파일데이터. 출처표시 필요. 입주예정월은 원천 기준 예정값.,2026-05-12 17:21:55,15111714.csv,csv,public_allowed,ok,
reb_movein_plan,한국부동산원_주택공급정보_입주예정물량정보,15111714:627,f66b676aa6349f50,탕정 푸르지오 리버파크,충청남도 아산시 탕정면 갈산리 0-0,충남,아산시,,,2026-08,,,1626,1626,,,,,분양,,,,,https://www.data.go.kr/data/15111714/fileData.do,공공데이터포털 파일데이터. 출처표시 필요. 입주예정월은 원천 기준 예정값.,2026-05-12 17:21:55,15111714.csv,csv,public_allowed,ok,
reb_movein_plan,한국부동산원_주택공급정보_입주예정물량정보,15111714:628,9b1761f9002cd326,아산 신창1차 광신프로그레스,충청남도 아산시 신창면 남성리 177-3,충남,아산시,,,2026-09,,,450,450,,,,,분양,,,,,https://www.data.go.kr/data/15111714/fileData.do,공공데이터포털 파일데이터. 출처표시 필요. 입주예정월은 원천 기준 예정값.,2026-05-12 17:21:55,15111714.csv,csv,public_allowed,ok,
reb_movein_plan,한국부동산원_주택공급정보_입주예정물량정보,15111714:629,4809651f5e9faf43,서산 센트럴 아이파크,충청남도 서산시 석림동 528-1,충남,서산시,,,2026-10,,,410,410,,,,,분양,,,,,https://www.data.go.kr/data/15111714/fileData.do,공공데이터포털 파일데이터. 출처표시 필요. 입주예정월은 원천 기준 예정값.,2026-05-12 17:21:55,15111714.csv,csv,public_allowed,ok,
reb_movein_plan,한국부동산원_주택공급정보_입주예정물량정보,15111714:630,6b3fc6adb6d9768a,두정동(민간임대),충청남도 천안시 서북구 두정동 400-7,충남,천안시 서북구,,,2026-10,,,110,110,,,,,임대,,,,,https://www.data.go.kr/data/15111714/fileData.do,공공데이터포털 파일데이터. 출처표시 필요. 입주예정월은 원천 기준 예정값.,2026-05-12 17:21:55,15111714.csv,csv,public_allowed,ok,
reb_movein_plan,한국부동산원_주택공급정보_입주예정물량정보,15111714:631,8d2185c5141a521a,홍성2차 승원팰리체 시그니처,충청남도 홍성군 광천읍 광천리 154-47,충남,홍성군,,,2026-10,,,293,293,,,,,분양,,,,,https://www.data.go.kr/data/15111714/fileData.do,공공데이터포털 파일데이터. 출처표시 필요. 입주예정월은 원천 기준 예정값.,2026-05-12 17:21:55,15111714.csv,csv,public_allowed,ok,
reb_movein_plan,한국부동산원_주택공급정보_입주예정물량정보,15111714:632,09f21867d9bdc193,공주월송지구 경남아너스빌,충청남도 공주시 월송동 671-1,충남,공주시,,,2026-11,,,366,366,,,,,분양,,,,,https://www.data.go.kr/data/15111714/fileData.do,공공데이터포털 파일데이터. 출처표시 필요. 입주예정월은 원천 기준 예정값.,2026-05-12 17:21:55,15111714.csv,csv,public_allowed,ok,
reb_movein_plan,한국부동산원_주택공급정보_입주예정물량정보,15111714:633,8b33eaee144c682f,청양 금성백조 예미지 퍼스트클래스,충청남도 청양군 청양읍 읍내리 308-4,충남,청양군,,,2026-11,,,182,182,,,,,분양,,,,,https://www.data.go.kr/data/15111714/fileData.do,공공데이터포털 파일데이터. 출처표시 필요. 입주예정월은 원천 기준 예정값.,2026-05-12 17:21:55,15111714.csv,csv,public_allowed,ok,
reb_movein_plan,한국부동산원_주택공급정보_입주예정물량정보,15111714:634,8589833277949eca,보령 엘리체 헤리티지,충청남도 보령시 동대동 391-0,충남,보령시,,,2026-12,,,971,971,,,,,분양,,,,,https://www.data.go.kr/data/15111714/fileData.do,공공데이터포털 파일데이터. 출처표시 필요. 입주예정월은 원천 기준 예정값.,2026-05-12 17:21:55,15111714.csv,csv,public_allowed,ok,
reb_movein_plan,한국부동산원_주택공급정보_입주예정물량정보,15111714:635,13196e03fb75bcee,더샵 탕정인피니티시티,충청남도 아산시 탕정면 매곡리 0-0,충남,아산시,,,2026-12,,,1140,1140,,,,,분양,,,,,https://www.data.go.kr/data/15111714/fileData.do,공공데이터포털 파일데이터. 출처표시 필요. 입주예정월은 원천 기준 예정값.,2026-05-12 17:21:55,15111714.csv,csv,public_allowed,ok,
reb_movein_plan,한국부동산원_주택공급정보_입주예정물량정보,15111714:636,166ae2155451ad32,e편한세상 내포 퍼스트드림(선택형 분양전환공공임대주택),충청남도 홍성군 홍북읍 신경리 1207-0,충남,홍성군,,,2027-01,,,949,949,,,,,임대,,,,,https://www.data.go.kr/data/15111714/fileData.do,공공데이터포털 파일데이터. 출처표시 필요. 입주예정월은 원천 기준 예정값.,2026-05-12 17:21:55,15111714.csv,csv,public_allowed,ok,
reb_movein_plan,한국부동산원_주택공급정보_입주예정물량정보,15111714:637,18de338b24ccf90b,배방 필하우스 리버시티,충청남도 아산시 배방읍 북수리 1577-0,충남,아산시,,,2027-02,,,1083,1083,,,,,분양,,,,,https://www.data.go.kr/data/15111714/fileData.do,공공데이터포털 파일데이터. 출처표시 필요. 입주예정월은 원천 기준 예정값.,2026-05-12 17:21:55,15111714.csv,csv,public_allowed,ok,
reb_movein_plan,한국부동산원_주택공급정보_입주예정물량정보,15111714:638,c51de05f04f152b5,더샵 탕정인피니티시티 2차,충청남도 아산시 탕정면 매곡리 0-0,충남,아산시,,,2027-02,,,1214,1214,,,,,분양,,,,,https://www.data.go.kr/data/15111714/fileData.do,공공데이터포털 파일데이터. 출처표시 필요. 입주예정월은 원천 기준 예정값.,2026-05-12 17:21:55,15111714.csv,csv,public_allowed,ok,
reb_movein_plan,한국부동산원_주택공급정보_입주예정물량정보,15111714:639,52c76139c44c4131,계룡 펠리피아,충청남도 계룡시 엄사면 엄사리 418-8,충남,계룡시,,,2027-05,,,823,823,,,,,분양,,,,,https://www.data.go.kr/data/15111714/fileData.do,공공데이터포털 파일데이터. 출처표시 필요. 입주예정월은 원천 기준 예정값.,2026-05-12 17:21:55,15111714.csv,csv,public_allowed,ok,
reb_movein_plan,한국부동산원_주택공급정보_입주예정물량정보,15111714:640,fcbad1a13ddd8531,부여 골드클래스,충청남도 부여군 부여읍 쌍북리 595-0,충남,부여군,,,2027-05,,,413,413,,,,,분양,,,,,https://www.data.go.kr/data/15111714/fileData.do,공공데이터포털 파일데이터. 출처표시 필요. 입주예정월은 원천 기준 예정값.,2026-05-12 17:21:55,15111714.csv,csv,public_allowed,ok,
reb_movein_plan,한국부동산원_주택공급정보_입주예정물량정보,15111714:641,c30ef70a9c0cdef1,천안 일봉공원 호반써밋 센트럴파크(2BL),충청남도 천안시 동남구 용곡동 474-4,충남,천안시 동남구,,,2027-05,,,1284,1284,,,,,분양,,,,,https://www.data.go.kr/data/15111714/fileData.do,공공데이터포털 파일데이터. 출처표시 필요. 입주예정월은 원천 기준 예정값.,2026-05-12 17:21:55,15111714.csv,csv,public_allowed,ok,
reb_movein_plan,한국부동산원_주택공급정보_입주예정물량정보,15111714:642,528ca59d58e9a6d9,성정동(임대),충청남도 천안시 서북구 성정동 1425,충남,천안시 서북구,,,2027-05,,,585,585,,,,,임대,,,,,https://www.data.go.kr/data/15111714/fileData.do,공공데이터포털 파일데이터. 출처표시 필요. 입주예정월은 원천 기준 예정값.,2026-05-12 17:21:55,15111714.csv,csv,public_allowed,ok,
reb_movein_plan,한국부동산원_주택공급정보_입주예정물량정보,15111714:643,f7b9797c74ef762e,천안직산중해마루힐센텀(민간임대),충청남도 천안시 서북구 직산읍 삼은리 84-1,충남,천안시 서북구,,,2027-06,,,408,408,,,,,임대,,,,,https://www.data.go.kr/data/15111714/fileData.do,공공데이터포털 파일데이터. 출처표시 필요. 입주예정월은 원천 기준 예정값.,2026-05-12 17:21:55,15111714.csv,csv,public_allowed,ok,
reb_movein_plan,한국부동산원_주택공급정보_입주예정물량정보,15111714:644,2ec72cbfbfb60f16,힐스테이트 천안역 스카이움,충청남도 천안시 서북구 성정동 209-1,충남,천안시 서북구,,,2027-08,,,999,999,,,,,분양,,,,,https://www.data.go.kr/data/15111714/fileData.do,공공데이터포털 파일데이터. 출처표시 필요. 입주예정월은 원천 기준 예정값.,2026-05-12 17:21:55,15111714.csv,csv,public_allowed,ok,
reb_movein_plan,한국부동산원_주택공급정보_입주예정물량정보,15111714:645,fd3db655927cdd15,더샵 탕정인피니티시티 3차,충청남도 아산시 탕정면 매곡리 0-0,충남,아산시,,,2027-10,,,1163,1163,,,,,분양,,,,,https://www.data.go.kr/data/15111714/fileData.do,공공데이터포털 파일데이터. 출처표시 필요. 입주예정월은 원천 기준 예정값.,2026-05-12 17:21:55,15111714.csv,csv,public_allowed,ok,
reb_movein_plan,한국부동산원_주택공급정보_입주예정물량정보,15111714:646,036155be086bbb5c,아산탕정자이 퍼스트시티(A1 BL),충청남도 아산시 탕정면 동산리 0-0,충남,아산시,,,2027-12,,,797,797,,,,,분양,,,,,https://www.data.go.kr/data/15111714/fileData.do,공공데이터포털 파일데이터. 출처표시 필요. 입주예정월은 원천 기준 예정값.,2026-05-12 17:21:55,15111714.csv,csv,public_allowed,ok,
reb_movein_plan,한국부동산원_주택공급정보_입주예정물량정보,15111714:647,31f81fca3425c830,천안 두정역 양우내안애 퍼스트로,충청남도 천안시 서북구 두정동 393-11,충남,천안시 서북구,,,2027-12,,,416,416,,,,,분양,,,,,https://www.data.go.kr/data/15111714/fileData.do,공공데이터포털 파일데이터. 출처표시 필요. 입주예정월은 원천 기준 예정값.,2026-05-12 17:21:55,15111714.csv,csv,public_allowed,ok,
reb_movein_plan,한국부동산원_주택공급정보_입주예정물량정보,15111714:648,93ba92c52c0c44a8,천안 아이파크 시티,충청남도 천안시 서북구 성성동 34-4,충남,천안시 서북구,,,2027-12,,,1126,1126,,,,,분양,,,,,https://www.data.go.kr/data/15111714/fileData.do,공공데이터포털 파일데이터. 출처표시 필요. 입주예정월은 원천 기준 예정값.,2026-05-12 17:21:55,15111714.csv,csv,public_allowed,ok,
reb_movein_plan,한국부동산원_주택공급정보_입주예정물량정보,15111714:649,985642a51a483414,트리븐 논산,충청남도 논산시 취암동 139,충남,논산시,,,2027-11,,,429,429,,,,,분양,,,,,https://www.data.go.kr/data/15111714/fileData.do,공공데이터포털 파일데이터. 출처표시 필요. 입주예정월은 원천 기준 예정값.,2026-05-12 17:21:55,15111714.csv,csv,public_allowed,ok,
reb_movein_plan,한국부동산원_주택공급정보_입주예정물량정보,15111714:650,3655e10fa2739d63,청주 동일하이빌 파트레인 2단지,충청북도 청주시 서원구 개신동 0-0,충북,청주시 서원구,,,2026-04,,,800,800,,,,,분양,,,,,https://www.data.go.kr/data/15111714/fileData.do,공공데이터포털 파일데이터. 출처표시 필요. 입주예정월은 원천 기준 예정값.,2026-05-12 17:21:55,15111714.csv,csv,public_allowed,ok,
reb_movein_plan,한국부동산원_주택공급정보_입주예정물량정보,15111714:651,f74d1f463ca21163,어썸웨이브 용산,충청북도 충주시 용산동 40-0,충북,충주시,,,2026-02,,,90,90,,,,,분양,,,,,https://www.data.go.kr/data/15111714/fileData.do,공공데이터포털 파일데이터. 출처표시 필요. 입주예정월은 원천 기준 예정값.,2026-05-12 17:21:55,15111714.csv,csv,public_allowed,ok,
reb_movein_plan,한국부동산원_주택공급정보_입주예정물량정보,15111714:652,8f17196ac3945985,증평석미아데나에듀포레(민간임대),충청북도 증평군 증평읍 증평리 661,충북,증평군,,,2026-05,,,414,414,,,,,임대,,,,,https://www.data.go.kr/data/15111714/fileData.do,공공데이터포털 파일데이터. 출처표시 필요. 입주예정월은 원천 기준 예정값.,2026-05-12 17:21:55,15111714.csv,csv,public_allowed,ok,
reb_movein_plan,한국부동산원_주택공급정보_입주예정물량정보,15111714:653,4c08d28da398b326,월명공원 한라비발디 온더파크,충청북도 청주시 흥덕구 봉명동 산 26-0,충북,청주시 흥덕구,,,2026-05,,,874,874,,,,,분양,,,,,https://www.data.go.kr/data/15111714/fileData.do,공공데이터포털 파일데이터. 출처표시 필요. 입주예정월은 원천 기준 예정값.,2026-05-12 17:21:55,15111714.csv,csv,public_allowed,ok,
reb_movein_plan,한국부동산원_주택공급정보_입주예정물량정보,15111714:654,ad6703cfaf08d9df,괴산미니복합타운 A1 행복주택,충청북도 괴산군 괴산읍 대사리 0-0,충북,괴산군,,,2026-06,,,350,350,,,,,임대,,,,,https://www.data.go.kr/data/15111714/fileData.do,공공데이터포털 파일데이터. 출처표시 필요. 입주예정월은 원천 기준 예정값.,2026-05-12 17:21:55,15111714.csv,csv,public_allowed,ok,
reb_movein_plan,한국부동산원_주택공급정보_입주예정물량정보,15111714:655,2040e10695980e0f,복대자이 더 스카이,충청북도 청주시 흥덕구 복대동 100-28,충북,청주시 흥덕구,,,2026-08,,,715,715,,,,,분양,,,,,https://www.data.go.kr/data/15111714/fileData.do,공공데이터포털 파일데이터. 출처표시 필요. 입주예정월은 원천 기준 예정값.,2026-05-12 17:21:55,15111714.csv,csv,public_allowed,ok,
reb_movein_plan,한국부동산원_주택공급정보_입주예정물량정보,15111714:656,917f76722abe17b8,남청주현도지구B1호반써밋(사전청약),충청북도 청주시 현도면 선동리 256-7,충북,청주시,,,2026-08,,,656,656,,,,,분양,,,,,https://www.data.go.kr/data/15111714/fileData.do,공공데이터포털 파일데이터. 출처표시 필요. 입주예정월은 원천 기준 예정값.,2026-05-12 17:21:55,15111714.csv,csv,public_allowed,ok,
reb_movein_plan,한국부동산원_주택공급정보_입주예정물량정보,15111714:657,f1e8fc9c70fff457,해링턴 플레이스 테크노폴리스,충청북도 청주시 흥덕구 송절동 0-0,충북,청주시 흥덕구,,,2026-08,,,602,602,,,,,분양,,,,,https://www.data.go.kr/data/15111714/fileData.do,공공데이터포털 파일데이터. 출처표시 필요. 입주예정월은 원천 기준 예정값.,2026-05-12 17:21:55,15111714.csv,csv,public_allowed,ok,
reb_movein_plan,한국부동산원_주택공급정보_입주예정물량정보,15111714:658,3f64a187bf7703d5,청주내덕 통합공공임대주택,충청북도 청주시 청원구 내덕동 620-5,충북,청주시 청원구,,,2026-09,,,80,80,,,,,임대,,,,,https://www.data.go.kr/data/15111714/fileData.do,공공데이터포털 파일데이터. 출처표시 필요. 입주예정월은 원천 기준 예정값.,2026-05-12 17:21:55,15111714.csv,csv,public_allowed,ok,
reb_movein_plan,한국부동산원_주택공급정보_입주예정물량정보,15111714:659,252b941170bef712,힐스테이트오송역(A1),충청북도 청주시 흥덕구 오송읍 오송리 194-3,충북,청주시 흥덕구,,,2027-01,,,2094,2094,,,,,분양,,,,,https://www.data.go.kr/data/15111714/fileData.do,공공데이터포털 파일데이터. 출처표시 필요. 입주예정월은 원천 기준 예정값.,2026-05-12 17:21:55,15111714.csv,csv,public_allowed,ok,
reb_movein_plan,한국부동산원_주택공급정보_입주예정물량정보,15111714:660,e0f0051b514b01d8,청주 가경 아이파크 6단지,충청북도 청주시 흥덕구 가경동 330-0,충북,청주시 흥덕구,,,2027-02,,,946,946,,,,,분양,,,,,https://www.data.go.kr/data/15111714/fileData.do,공공데이터포털 파일데이터. 출처표시 필요. 입주예정월은 원천 기준 예정값.,2026-05-12 17:21:55,15111714.csv,csv,public_allowed,ok,
reb_movein_plan,한국부동산원_주택공급정보_입주예정물량정보,15111714:661,b05bd01149783fce,신영지웰 푸르지오 테크노폴리스 센트럴,충청북도 청주시 흥덕구 송절동 0-0,충북,청주시 흥덕구,,,2027-01,,,1034,1034,,,,,분양,,,,,https://www.data.go.kr/data/15111714/fileData.do,공공데이터포털 파일데이터. 출처표시 필요. 입주예정월은 원천 기준 예정값.,2026-05-12 17:21:55,15111714.csv,csv,public_allowed,ok,
reb_movein_plan,한국부동산원_주택공급정보_입주예정물량정보,15111714:662,0d664ecd6bf9ce0a,괴산대광로제비앙A2(사전청약),충청북도 괴산군 괴산읍 대사리 A2,충북,괴산군,,,2027-04,,,390,390,,,,,분양,,,,,https://www.data.go.kr/data/15111714/fileData.do,공공데이터포털 파일데이터. 출처표시 필요. 입주예정월은 원천 기준 예정값.,2026-05-12 17:21:55,15111714.csv,csv,public_allowed,ok,
reb_movein_plan,한국부동산원_주택공급정보_입주예정물량정보,15111714:663,958e9bb4ab7225c2,힐스테이트 어울림 청주사직,충청북도 청주시 서원구 사직동 215-8,충북,청주시 서원구,,,2027-06,,,2330,2330,,,,,분양,,,,,https://www.data.go.kr/data/15111714/fileData.do,공공데이터포털 파일데이터. 출처표시 필요. 입주예정월은 원천 기준 예정값.,2026-05-12 17:21:55,15111714.csv,csv,public_allowed,ok,
reb_movein_plan,한국부동산원_주택공급정보_입주예정물량정보,15111714:664,e2e767a2c7475087,더샵 오창프레스티지,충청북도 청주시 청원구 오창읍 양청리 814-2,충북,청주시 청원구,,,2027-08,,,644,644,,,,,분양,,,,,https://www.data.go.kr/data/15111714/fileData.do,공공데이터포털 파일데이터. 출처표시 필요. 입주예정월은 원천 기준 예정값.,2026-05-12 17:21:55,15111714.csv,csv,public_allowed,ok,
reb_movein_plan,한국부동산원_주택공급정보_입주예정물량정보,15111714:665,cd7feb3291e4ac99,청주테크노폴리스 아테라(A8블록),충청북도 청주시 흥덕구 송절동 9-2,충북,청주시 흥덕구,,,2027-08,,,1450,1450,,,,,분양,,,,,https://www.data.go.kr/data/15111714/fileData.do,공공데이터포털 파일데이터. 출처표시 필요. 입주예정월은 원천 기준 예정값.,2026-05-12 17:21:55,15111714.csv,csv,public_allowed,ok,
reb_movein_plan,한국부동산원_주택공급정보_입주예정물량정보,15111714:666,a52a07a4e889f5ef,한화포레나 충주호암,충청북도 충주시 호암동 193-2,충북,충주시,,,2027-08,,,847,847,,,,,분양,,,,,https://www.data.go.kr/data/15111714/fileData.do,공공데이터포털 파일데이터. 출처표시 필요. 입주예정월은 원천 기준 예정값.,2026-05-12 17:21:55,15111714.csv,csv,public_allowed,ok,
reb_movein_plan,한국부동산원_주택공급정보_입주예정물량정보,15111714:667,198543cb19e9dc85,음성석미아데나센트럴(민간임대),충청북도 음성군 음성읍 읍내리 419,충북,음성군,,,2027-12,,,245,245,,,,,임대,,,,,https://www.data.go.kr/data/15111714/fileData.do,공공데이터포털 파일데이터. 출처표시 필요. 입주예정월은 원천 기준 예정값.,2026-05-12 17:21:55,15111714.csv,csv,public_allowed,ok,
reb_movein_plan,한국부동산원_주택공급정보_입주예정물량정보,15111714:668,29848242207b402d,원봉공원 힐데스하임,충청북도 청주시 상당구 용암동 산 222-0,충북,청주시 상당구,,,2027-09,,,1211,1211,,,,,분양,,,,,https://www.data.go.kr/data/15111714/fileData.do,공공데이터포털 파일데이터. 출처표시 필요. 입주예정월은 원천 기준 예정값.,2026-05-12 17:21:55,15111714.csv,csv,public_allowed,ok,
reb_movein_plan,한국부동산원_주택공급정보_입주예정물량정보,15111714:669,1809aa72fda469f8,더샵 청주그리니티,충청북도 청주시 서원구 개신동 산 104-6,충북,청주시 서원구,,,2026-01,,,1191,1191,,,,,분양,,,,,https://www.data.go.kr/data/15111714/fileData.do,공공데이터포털 파일데이터. 출처표시 필요. 입주예정월은 원천 기준 예정값.,2026-05-12 17:21:55,15111714.csv,csv,public_allowed,ok,
reb_movein_plan,한국부동산원_주택공급정보_입주예정물량정보,15111714:670,adc16783930b15a3,청주지북 A4 행복주택,충청북도 청주시 상당구 지북동 584,충북,청주시 상당구,,,2026-01,,,254,254,,,,,임대,,,,,https://www.data.go.kr/data/15111714/fileData.do,공공데이터포털 파일데이터. 출처표시 필요. 입주예정월은 원천 기준 예정값.,2026-05-12 17:21:55,15111714.csv,csv,public_allowed,ok,
reb_movein_plan,한국부동산원_주택공급정보_입주예정물량정보,15111714:671,44bbbc82bc83db44,청주지북 A5 행복주택,충청북도 청주시 상당구 지북동 402,충북,청주시 상당구,,,2026-01,,,488,488,,,,,임대,,,,,https://www.data.go.kr/data/15111714/fileData.do,공공데이터포털 파일데이터. 출처표시 필요. 입주예정월은 원천 기준 예정값.,2026-05-12 17:21:55,15111714.csv,csv,public_allowed,ok,
reb_movein_plan,한국부동산원_주택공급정보_입주예정물량정보,15111714:672,f014f9c7d35966b1,충북 음성 대소 삼정지구 A2BL. 공공지원 민간임대주택,충청북도 음성군 대소면 삼정지구 A2블록,충북,음성군,,,2027-09,,,465,465,,,,,임대,,,,,https://www.data.go.kr/data/15111714/fileData.do,공공데이터포털 파일데이터. 출처표시 필요. 입주예정월은 원천 기준 예정값.,2026-05-12 17:21:55,15111714.csv,csv,public_allowed,ok,
reb_movein_plan,한국부동산원_주택공급정보_입주예정물량정보,15111714:673,dba76e0014ed0965,충북 음성 대소 삼정지구 A3BL. 공공지원 민간임대주택 신축공사,충청북도 음성군 대소면 삼정지구 A3블록,충북,음성군,,,2027-09,,,510,510,,,,,임대,,,,,https://www.data.go.kr/data/15111714/fileData.do,공공데이터포털 파일데이터. 출처표시 필요. 입주예정월은 원천 기준 예정값.,2026-05-12 17:21:55,15111714.csv,csv,public_allowed,ok,
reb_movein_plan,한국부동산원_주택공급정보_입주예정물량정보,15111714:674,0999ee65de68542a,충북혁신 통합공공임대,충청북도 음성군 맹동면 동성리 535번지 일원,충북,음성군,,,2027-05,,,300,300,,,,,임대,,,,,https://www.data.go.kr/data/15111714/fileData.do,공공데이터포털 파일데이터. 출처표시 필요. 입주예정월은 원천 기준 예정값.,2026-05-12 17:21:55,15111714.csv,csv,public_allowed,ok,
reb_movein_plan,한국부동산원_주택공급정보_입주예정물량정보,15111714:675,1e55e4cc11e821e7,청주 동일하이빌 파크레인 1단지,청주시 서원구 개신동 70-10,,청주시 서원구,,,2026-01,,,800,800,,,,,분양,,,,,https://www.data.go.kr/data/15111714/fileData.do,공공데이터포털 파일데이터. 출처표시 필요. 입주예정월은 원천 기준 예정값.,2026-05-12 17:21:55,15111714.csv,csv,public_allowed,ok,
lh_public_completion,한국토지주택공사_공공주택 준공예정현황,15141761:1,3f7d415b505e14f9,인천영종 A24,인천광역시 중구 중산동 인천시 중구 중산동 영종하늘도시내,인천,중구,,,2028-08,2028-08,,641,641,,,,,공공분양,,,,,https://www.data.go.kr/data/15141761/fileData.do,공공데이터포털 파일데이터. 준공예정일을 입주예정 proxy로 사용.,2026-05-12 17:21:55,15141761.csv,csv,public_allowed,ok,준공예정일을 입주예정 proxy로 사용
lh_public_completion,한국토지주택공사_공공주택 준공예정현황,15141761:2,750489da627bc502,인천영종 A62,인천광역시 중구 중산동 인천시 중구 중산동 영종하늘도시내,인천,중구,,,2028-06,2028-06,,792,792,,,,,공공분양,,,,,https://www.data.go.kr/data/15141761/fileData.do,공공데이터포털 파일데이터. 준공예정일을 입주예정 proxy로 사용.,2026-05-12 17:21:55,15141761.csv,csv,public_allowed,ok,준공예정일을 입주예정 proxy로 사용
lh_public_completion,한국토지주택공사_공공주택 준공예정현황,15141761:3,e42811aace745f3f,석문국가산단 B-3,충청남도 당진시 석문면 충남 당진군 충남 당진군 석문면,충남,당진시,,,2026-06,2026-06,,1053,1053,,,,,공공분양,,,,,https://www.data.go.kr/data/15141761/fileData.do,공공데이터포털 파일데이터. 준공예정일을 입주예정 proxy로 사용.,2026-05-12 17:21:55,15141761.csv,csv,public_allowed,ok,준공예정일을 입주예정 proxy로 사용
lh_public_completion,한국토지주택공사_공공주택 준공예정현황,15141761:4,f7b19da9f3a95be7,평택고덕국제화계획 Aa38,경기도 평택시 경기 평택시 경기 평택시,경기,평택시,,,2027-11,2027-11,,966,966,,,,,통합공공임대,,,,,https://www.data.go.kr/data/15141761/fileData.do,공공데이터포털 파일데이터. 준공예정일을 입주예정 proxy로 사용.,2026-05-12 17:21:55,15141761.csv,csv,public_allowed,ok,준공예정일을 입주예정 proxy로 사용
lh_public_completion,한국토지주택공사_공공주택 준공예정현황,15141761:5,41a4caa41c389a26,평택고덕국제화계획 Ab37,경기도 평택시 경기 평택시 경기 평택시,경기,평택시,,,2027-12,2027-12,,603,603,,,,,공공임대(6년),,,,,https://www.data.go.kr/data/15141761/fileData.do,공공데이터포털 파일데이터. 준공예정일을 입주예정 proxy로 사용.,2026-05-12 17:21:55,15141761.csv,csv,public_allowed,ok,준공예정일을 입주예정 proxy로 사용
lh_public_completion,한국토지주택공사_공공주택 준공예정현황,15141761:6,20e2a84b21ff3e21,평택고덕국제화계획 A64,경기도 평택시 경기 평택시,경기,평택시,,,2028-05,2028-05,,536,536,,,,,통합공공임대,,,,,https://www.data.go.kr/data/15141761/fileData.do,공공데이터포털 파일데이터. 준공예정일을 입주예정 proxy로 사용.,2026-05-12 17:21:55,15141761.csv,csv,public_allowed,ok,준공예정일을 입주예정 proxy로 사용
lh_public_completion,한국토지주택공사_공공주택 준공예정현황,15141761:7,baf405c506d4ccc6,평택고덕국제화계획 A63,경기도 평택시 경기 평택시,경기,평택시,,,2028-06,2028-06,,630,630,,,,,공공분양,,,,,https://www.data.go.kr/data/15141761/fileData.do,공공데이터포털 파일데이터. 준공예정일을 입주예정 proxy로 사용.,2026-05-12 17:21:55,15141761.csv,csv,public_allowed,ok,준공예정일을 입주예정 proxy로 사용
lh_public_completion,한국토지주택공사_공공주택 준공예정현황,15141761:8,ac4b6999caa9560c,평택고덕국제화계획 Ab35,경기도 평택시 경기 평택시,경기,평택시,,,2028-09,2028-09,,753,753,,,,,공공분양,,,,,https://www.data.go.kr/data/15141761/fileData.do,공공데이터포털 파일데이터. 준공예정일을 입주예정 proxy로 사용.,2026-05-12 17:21:55,15141761.csv,csv,public_allowed,ok,준공예정일을 입주예정 proxy로 사용
lh_public_completion,한국토지주택공사_공공주택 준공예정현황,15141761:9,42d31c7b4fda3117,평택고덕국제화계획 Ab31,경기도 평택시 경기 평택시,경기,평택시,,,2028-09,2028-09,,690,690,,,,,공공분양,,,,,https://www.data.go.kr/data/15141761/fileData.do,공공데이터포털 파일데이터. 준공예정일을 입주예정 proxy로 사용.,2026-05-12 17:21:55,15141761.csv,csv,public_allowed,ok,준공예정일을 입주예정 proxy로 사용
lh_public_completion,한국토지주택공사_공공주택 준공예정현황,15141761:10,59ef2099ccf3b09b,평택고덕국제화계획 Aa34,경기도 평택시 경기 평택시,경기,평택시,,,2028-09,2028-09,,679,679,,,,,공공분양,,,,,https://www.data.go.kr/data/15141761/fileData.do,공공데이터포털 파일데이터. 준공예정일을 입주예정 proxy로 사용.,2026-05-12 17:21:55,15141761.csv,csv,public_allowed,ok,준공예정일을 입주예정 proxy로 사용
lh_public_completion,한국토지주택공사_공공주택 준공예정현황,15141761:11,b3458692b70bdc8e,평택고덕국제화계획 A65,경기도 평택시 경기 평택시,경기,평택시,,,2028-12,2028-12,,837,837,,,,,공공분양,,,,,https://www.data.go.kr/data/15141761/fileData.do,공공데이터포털 파일데이터. 준공예정일을 입주예정 proxy로 사용.,2026-05-12 17:21:55,15141761.csv,csv,public_allowed,ok,준공예정일을 입주예정 proxy로 사용
lh_public_completion,한국토지주택공사_공공주택 준공예정현황,15141761:12,092f7264dcdb8e9e,평택고덕국제화계획 Abc12,경기도 평택시 경기 평택시,경기,평택시,,,2028-12,2028-12,,942,942,,,,,공공분양,,,,,https://www.data.go.kr/data/15141761/fileData.do,공공데이터포털 파일데이터. 준공예정일을 입주예정 proxy로 사용.,2026-05-12 17:21:55,15141761.csv,csv,public_allowed,ok,준공예정일을 입주예정 proxy로 사용
lh_public_completion,한국토지주택공사_공공주택 준공예정현황,15141761:13,cb7ec96e208acbbf,행정중심복합도시 51L13,세종특별자치시 어진동 충남 연기군,세종,연기군,,,2027-06,2027-06,,200,200,,,,,행복주택,,,,,https://www.data.go.kr/data/15141761/fileData.do,공공데이터포털 파일데이터. 준공예정일을 입주예정 proxy로 사용.,2026-05-12 17:21:55,15141761.csv,csv,public_allowed,ok,준공예정일을 입주예정 proxy로 사용
lh_public_completion,한국토지주택공사_공공주택 준공예정현황,15141761:14,a5e62c4259e78a05,행정중심복합도시 63L2,세종특별자치시 어진동 충남 연기군,세종,연기군,,,2027-07,2027-07,,500,500,,,,,통합공공임대,,,,,https://www.data.go.kr/data/15141761/fileData.do,공공데이터포털 파일데이터. 준공예정일을 입주예정 proxy로 사용.,2026-05-12 17:21:55,15141761.csv,csv,public_allowed,ok,준공예정일을 입주예정 proxy로 사용
lh_public_completion,한국토지주택공사_공공주택 준공예정현황,15141761:15,3800919a03a82da0,행정중심복합도시 52UR2,세종특별자치시 어진동 충남 연기군,세종,연기군,,,2028-12,2028-12,,328,328,,,,,통합공공임대,,,,,https://www.data.go.kr/data/15141761/fileData.do,공공데이터포털 파일데이터. 준공예정일을 입주예정 proxy로 사용.,2026-05-12 17:21:55,15141761.csv,csv,public_allowed,ok,준공예정일을 입주예정 proxy로 사용
lh_public_completion,한국토지주택공사_공공주택 준공예정현황,15141761:16,35baa8bc0061076b,행정중심복합도시 51L1,세종특별자치시 어진동 충남 연기군,세종,연기군,,,2028-08,2028-08,,681,681,,,,,공공분양,,,,,https://www.data.go.kr/data/15141761/fileData.do,공공데이터포털 파일데이터. 준공예정일을 입주예정 proxy로 사용.,2026-05-12 17:21:55,15141761.csv,csv,public_allowed,ok,준공예정일을 입주예정 proxy로 사용
lh_public_completion,한국토지주택공사_공공주택 준공예정현황,15141761:17,8fb72682e136ff36,행정중심복합도시 51L5,세종특별자치시 어진동 충남 연기군,세종,연기군,,,2027-07,2027-07,,1327,1327,,,,,통합공공임대,,,,,https://www.data.go.kr/data/15141761/fileData.do,공공데이터포털 파일데이터. 준공예정일을 입주예정 proxy로 사용.,2026-05-12 17:21:55,15141761.csv,csv,public_allowed,ok,준공예정일을 입주예정 proxy로 사용
lh_public_completion,한국토지주택공사_공공주택 준공예정현황,15141761:18,3800532a87162b72,행정중심복합도시 51L3,세종특별자치시 어진동 충남 연기군,세종,연기군,,,2027-03,2027-03,,340,340,,,,,통합공공임대,,,,,https://www.data.go.kr/data/15141761/fileData.do,공공데이터포털 파일데이터. 준공예정일을 입주예정 proxy로 사용.,2026-05-12 17:21:55,15141761.csv,csv,public_allowed,ok,준공예정일을 입주예정 proxy로 사용
lh_public_completion,한국토지주택공사_공공주택 준공예정현황,15141761:19,bb452ee3a548d9a1,행정중심복합도시 52L3,세종특별자치시 어진동 충남 연기군,세종,연기군,,,2028-10,2028-10,,619,619,,,,,통합공공임대,,,,,https://www.data.go.kr/data/15141761/fileData.do,공공데이터포털 파일데이터. 준공예정일을 입주예정 proxy로 사용.,2026-05-12 17:21:55,15141761.csv,csv,public_allowed,ok,준공예정일을 입주예정 proxy로 사용
lh_public_completion,한국토지주택공사_공공주택 준공예정현황,15141761:20,d97887de95227ca4,부산명지 A5,부산광역시 강서구 명지동,부산,강서구,,,2029-03,2029-03,,876,876,,,,,공공분양,,,,,https://www.data.go.kr/data/15141761/fileData.do,공공데이터포털 파일데이터. 준공예정일을 입주예정 proxy로 사용.,2026-05-12 17:21:55,15141761.csv,csv,public_allowed,ok,준공예정일을 입주예정 proxy로 사용
lh_public_completion,한국토지주택공사_공공주택 준공예정현황,15141761:21,c46cc863920de8f4,부산명지 A5,부산광역시 강서구 명지동,부산,강서구,,,2029-03,2029-03,,429,429,,,,,공공임대(6년),,,,,https://www.data.go.kr/data/15141761/fileData.do,공공데이터포털 파일데이터. 준공예정일을 입주예정 proxy로 사용.,2026-05-12 17:21:55,15141761.csv,csv,public_allowed,ok,준공예정일을 입주예정 proxy로 사용
lh_public_completion,한국토지주택공사_공공주택 준공예정현황,15141761:22,c466f65e1d80b687,대덕R&D특구 2단계 A4,대전광역시 유성구 둔곡동 대전 유성구,대전,유성구,,,2026-12,2026-12,,575,575,,,,,공공분양,,,,,https://www.data.go.kr/data/15141761/fileData.do,공공데이터포털 파일데이터. 준공예정일을 입주예정 proxy로 사용.,2026-05-12 17:21:55,15141761.csv,csv,public_allowed,ok,준공예정일을 입주예정 proxy로 사용
lh_public_completion,한국토지주택공사_공공주택 준공예정현황,15141761:23,96697320d2f81ad5,대덕R&D특구 2단계 A4,대전광역시 유성구 둔곡동 대전 유성구,대전,유성구,,,2026-12,2026-12,,98,98,,,,,통합공공임대,,,,,https://www.data.go.kr/data/15141761/fileData.do,공공데이터포털 파일데이터. 준공예정일을 입주예정 proxy로 사용.,2026-05-12 17:21:55,15141761.csv,csv,public_allowed,ok,준공예정일을 입주예정 proxy로 사용
lh_public_completion,한국토지주택공사_공공주택 준공예정현황,15141761:24,967ecc2807a3cc83,과천지식정보타운 S-12,경기도 과천시 경기 과천시 경기 과천시,경기,과천시,,,2027-08,2027-08,,1424,1424,,,,,행복주택,,,,,https://www.data.go.kr/data/15141761/fileData.do,공공데이터포털 파일데이터. 준공예정일을 입주예정 proxy로 사용.,2026-05-12 17:21:55,15141761.csv,csv,public_allowed,ok,준공예정일을 입주예정 proxy로 사용
lh_public_completion,한국토지주택공사_공공주택 준공예정현황,15141761:25,de634eed39ef01da,화성동탄2 C-14,경기도 화성시 경기 화성군,경기,화성시,,,2028-05,2028-05,,240,240,,,,,공공분양,,,,,https://www.data.go.kr/data/15141761/fileData.do,공공데이터포털 파일데이터. 준공예정일을 입주예정 proxy로 사용.,2026-05-12 17:21:55,15141761.csv,csv,public_allowed,ok,준공예정일을 입주예정 proxy로 사용
lh_public_completion,한국토지주택공사_공공주택 준공예정현황,15141761:26,3d8c649516c8b93f,화성동탄2 C-14,경기도 화성시 경기 화성군,경기,화성시,,,2028-05,2028-05,,610,610,,,,,공공임대(6년),,,,,https://www.data.go.kr/data/15141761/fileData.do,공공데이터포털 파일데이터. 준공예정일을 입주예정 proxy로 사용.,2026-05-12 17:21:55,15141761.csv,csv,public_allowed,ok,준공예정일을 입주예정 proxy로 사용
lh_public_completion,한국토지주택공사_공공주택 준공예정현황,15141761:27,b802f22d795052bf,화성동탄2 C-27,경기도 화성시 경기 화성군,경기,화성시,,,2028-11,2028-11,,563,563,,,,,공공분양,,,,,https://www.data.go.kr/data/15141761/fileData.do,공공데이터포털 파일데이터. 준공예정일을 입주예정 proxy로 사용.,2026-05-12 17:21:55,15141761.csv,csv,public_allowed,ok,준공예정일을 입주예정 proxy로 사용
lh_public_completion,한국토지주택공사_공공주택 준공예정현황,15141761:28,d2ec10aa73697091,충남도청이전도시 RM5,충청남도 예산군 삽교읍 충남 홍성군 충남 홍성군 예산군 삽교읍 일원,충남,예산군,,,2029-12,2029-12,,864,864,,,,,공공분양,,,,,https://www.data.go.kr/data/15141761/fileData.do,공공데이터포털 파일데이터. 준공예정일을 입주예정 proxy로 사용.,2026-05-12 17:21:55,15141761.csv,csv,public_allowed,ok,준공예정일을 입주예정 proxy로 사용
lh_public_completion,한국토지주택공사_공공주택 준공예정현황,15141761:29,3b98cfe400bd2a43,충남도청이전도시 RH15,충청남도 예산군 삽교읍 충남 홍성군,충남,예산군,,,2029-12,2029-12,,1298,1298,,,,,공공분양,,,,,https://www.data.go.kr/data/15141761/fileData.do,공공데이터포털 파일데이터. 준공예정일을 입주예정 proxy로 사용.,2026-05-12 17:21:55,15141761.csv,csv,public_allowed,ok,준공예정일을 입주예정 proxy로 사용
lh_public_completion,한국토지주택공사_공공주택 준공예정현황,15141761:30,c2b14899ffc2ab59,인천검단 AA13-1,인천광역시 서구 당하동 인천 인천 인천 서구 마전동 원당동 당하동 일원 인천검단 택지개발지구 내,인천,서구,,,2028-12,2028-12,,702,702,,,,,공공분양,,,,,https://www.data.go.kr/data/15141761/fileData.do,공공데이터포털 파일데이터. 준공예정일을 입주예정 proxy로 사용.,2026-05-12 17:21:55,15141761.csv,csv,public_allowed,ok,준공예정일을 입주예정 proxy로 사용
lh_public_completion,한국토지주택공사_공공주택 준공예정현황,15141761:31,29a51aef47c9759f,인천검단 AA21,인천광역시 서구 당하동 인천 인천 인천광역시 서구 원당동 마전동 불로동 일원,인천,서구,,,2026-12,2026-12,,1224,1224,,,,,공공분양,,,,,https://www.data.go.kr/data/15141761/fileData.do,공공데이터포털 파일데이터. 준공예정일을 입주예정 proxy로 사용.,2026-05-12 17:21:55,15141761.csv,csv,public_allowed,ok,준공예정일을 입주예정 proxy로 사용
lh_public_completion,한국토지주택공사_공공주택 준공예정현황,15141761:32,63adbf1099d5add2,인천검단 AA19,인천광역시 서구 당하동 인천 인천,인천,서구,,,2027-09,2027-09,,991,991,,,,,국민임대,,,,,https://www.data.go.kr/data/15141761/fileData.do,공공데이터포털 파일데이터. 준공예정일을 입주예정 proxy로 사용.,2026-05-12 17:21:55,15141761.csv,csv,public_allowed,ok,준공예정일을 입주예정 proxy로 사용
lh_public_completion,한국토지주택공사_공공주택 준공예정현황,15141761:33,83c21727dbe7933a,인천검단 AA19,인천광역시 서구 당하동 인천 인천,인천,서구,,,2027-09,2027-09,,332,332,,,,,영구임대,,,,,https://www.data.go.kr/data/15141761/fileData.do,공공데이터포털 파일데이터. 준공예정일을 입주예정 proxy로 사용.,2026-05-12 17:21:55,15141761.csv,csv,public_allowed,ok,준공예정일을 입주예정 proxy로 사용
lh_public_completion,한국토지주택공사_공공주택 준공예정현황,15141761:34,58850ee09e29c7a1,인천검단 AA13-2,인천광역시 서구 당하동 인천 인천,인천,서구,,,2028-12,2028-12,,964,964,,,,,공공분양,,,,,https://www.data.go.kr/data/15141761/fileData.do,공공데이터포털 파일데이터. 준공예정일을 입주예정 proxy로 사용.,2026-05-12 17:21:55,15141761.csv,csv,public_allowed,ok,준공예정일을 입주예정 proxy로 사용
lh_public_completion,한국토지주택공사_공공주택 준공예정현황,15141761:35,329ad5bd3a6de618,장항국가생태산업단지 A2,충청남도 서천군 마서면 충남 서천군 충남 서천군,충남,서천군,,,2026-06,2026-06,,444,444,,,,,공공분양,,,,,https://www.data.go.kr/data/15141761/fileData.do,공공데이터포털 파일데이터. 준공예정일을 입주예정 proxy로 사용.,2026-05-12 17:21:55,15141761.csv,csv,public_allowed,ok,준공예정일을 입주예정 proxy로 사용
lh_public_completion,한국토지주택공사_공공주택 준공예정현황,15141761:36,07ab7c1e029e6cf9,장항국가생태산업단지 B1,충청남도 서천군 마서면 충남 서천군 충남 서천군 장항국가생태산업단지 내,충남,서천군,,,2026-06,2026-06,,636,636,,,,,공공분양,,,,,https://www.data.go.kr/data/15141761/fileData.do,공공데이터포털 파일데이터. 준공예정일을 입주예정 proxy로 사용.,2026-05-12 17:21:55,15141761.csv,csv,public_allowed,ok,준공예정일을 입주예정 proxy로 사용
lh_public_completion,한국토지주택공사_공공주택 준공예정현황,15141761:37,18dc35ad9923f4c6,파주운정3(07택1) A22,경기도 파주시 목동동 경기도 파주시 와석순환로 220 경기 파주시 교하동 다율동 일원 파주운정3 택지개발지구 내 A22BL,경기,파주시,,,2026-02,2026-02,,642,642,,,,,공공분양,,,,,https://www.data.go.kr/data/15141761/fileData.do,공공데이터포털 파일데이터. 준공예정일을 입주예정 proxy로 사용.,2026-05-12 17:21:55,15141761.csv,csv,public_allowed,ok,준공예정일을 입주예정 proxy로 사용
lh_public_completion,한국토지주택공사_공공주택 준공예정현황,15141761:38,8f7b72404b216c00,파주운정3(07택1) A23,경기도 파주시 목동동 경기도 파주시 와석순환로 220,경기,파주시,,,2026-02,2026-02,,1012,1012,,,,,공공분양,,,,,https://www.data.go.kr/data/15141761/fileData.do,공공데이터포털 파일데이터. 준공예정일을 입주예정 proxy로 사용.,2026-05-12 17:21:55,15141761.csv,csv,public_allowed,ok,준공예정일을 입주예정 proxy로 사용
lh_public_completion,한국토지주택공사_공공주택 준공예정현황,15141761:39,09363a7b8e16c26d,파주운정3(07택1) A20,경기도 파주시 목동동 경기도 파주시 와석순환로 220,경기,파주시,,,2027-06,2027-06,,612,612,,,,,공공분양,,,,,https://www.data.go.kr/data/15141761/fileData.do,공공데이터포털 파일데이터. 준공예정일을 입주예정 proxy로 사용.,2026-05-12 17:21:55,15141761.csv,csv,public_allowed,ok,준공예정일을 입주예정 proxy로 사용
lh_public_completion,한국토지주택공사_공공주택 준공예정현황,15141761:40,f5d39c43590d05ff,양주회천(택) A25,경기도 양주시 회정동 경기 양주군,경기,양주시,,,2026-09,2026-09,,1002,1002,,,,,국민임대,,,,,https://www.data.go.kr/data/15141761/fileData.do,공공데이터포털 파일데이터. 준공예정일을 입주예정 proxy로 사용.,2026-05-12 17:21:55,15141761.csv,csv,public_allowed,ok,준공예정일을 입주예정 proxy로 사용
lh_public_completion,한국토지주택공사_공공주택 준공예정현황,15141761:41,95ea931258ca6afc,양주회천(택) A25,경기도 양주시 회정동 경기 양주군,경기,양주시,,,2026-09,2026-09,,472,472,,,,,영구임대,,,,,https://www.data.go.kr/data/15141761/fileData.do,공공데이터포털 파일데이터. 준공예정일을 입주예정 proxy로 사용.,2026-05-12 17:21:55,15141761.csv,csv,public_allowed,ok,준공예정일을 입주예정 proxy로 사용
lh_public_completion,한국토지주택공사_공공주택 준공예정현황,15141761:42,f36afef6f8f3c24f,양주회천(택) A3,경기도 양주시 회정동 경기 양주군,경기,양주시,,,2028-12,2028-12,,934,934,,,,,공공분양,,,,,https://www.data.go.kr/data/15141761/fileData.do,공공데이터포털 파일데이터. 준공예정일을 입주예정 proxy로 사용.,2026-05-12 17:21:55,15141761.csv,csv,public_allowed,ok,준공예정일을 입주예정 proxy로 사용
lh_public_completion,한국토지주택공사_공공주택 준공예정현황,15141761:43,0e8f2f50d46a1dff,양주회천(택) A26,경기도 양주시 회정동 경기 양주군,경기,양주시,,,2029-12,2029-12,,792,792,,,,,공공분양,,,,,https://www.data.go.kr/data/15141761/fileData.do,공공데이터포털 파일데이터. 준공예정일을 입주예정 proxy로 사용.,2026-05-12 17:21:55,15141761.csv,csv,public_allowed,ok,준공예정일을 입주예정 proxy로 사용
lh_public_completion,한국토지주택공사_공공주택 준공예정현황,15141761:44,bb8e0a1bb6e01310,문산선유5(05국민) 02,경기도 파주시 문산읍 경기 파주시 문산면 선유리 일원 경기 파주시 문산면 선유리 일원,경기,파주시,,,2027-05,2027-05,,420,420,,,,,국민임대,,,,,https://www.data.go.kr/data/15141761/fileData.do,공공데이터포털 파일데이터. 준공예정일을 입주예정 proxy로 사용.,2026-05-12 17:21:55,15141761.csv,csv,public_allowed,ok,준공예정일을 입주예정 proxy로 사용
lh_public_completion,한국토지주택공사_공공주택 준공예정현황,15141761:45,d02e47ad58184f2f,문산선유5(05국민) 02,경기도 파주시 문산읍 경기 파주시 문산면 선유리 일원 경기 파주시 문산면 선유리 일원,경기,파주시,,,2027-05,2027-05,,300,300,,,,,행복주택,,,,,https://www.data.go.kr/data/15141761/fileData.do,공공데이터포털 파일데이터. 준공예정일을 입주예정 proxy로 사용.,2026-05-12 17:21:55,15141761.csv,csv,public_allowed,ok,준공예정일을 입주예정 proxy로 사용
lh_public_completion,한국토지주택공사_공공주택 준공예정현황,15141761:46,565ca63a0fcfcf87,양주옥정(08기)A-22 A-22,경기도 양주시 삼숭동 경기 양주군 경기 양주시 옥정동 일원 옥정신도시(옥정) 택지개발지구 내 A-22BL,경기,양주시,,,2028-12,2028-12,,1126,1126,,,,,공공임대(6년),,,,,https://www.data.go.kr/data/15141761/fileData.do,공공데이터포털 파일데이터. 준공예정일을 입주예정 proxy로 사용.,2026-05-12 17:21:55,15141761.csv,csv,public_allowed,ok,준공예정일을 입주예정 proxy로 사용
lh_public_completion,한국토지주택공사_공공주택 준공예정현황,15141761:47,30dd11fa4ac490c6,오산세교2(06택3) A-11,경기도 오산시 경기 오산시 궐동 일원 경기 오산시 궐동 일원,경기,오산시,,,2028-03,2028-03,,399,399,,,,,공공임대(6년),,,,,https://www.data.go.kr/data/15141761/fileData.do,공공데이터포털 파일데이터. 준공예정일을 입주예정 proxy로 사용.,2026-05-12 17:21:55,15141761.csv,csv,public_allowed,ok,준공예정일을 입주예정 proxy로 사용
lh_public_completion,한국토지주택공사_공공주택 준공예정현황,15141761:48,0dbf0f26f4246339,오산세교2(06택3) A-12,경기도 오산시 경기 오산시 궐동 일원 경기 오산시 궐동 일원,경기,오산시,,,2027-09,2027-09,,433,433,,,,,공공분양,,,,,https://www.data.go.kr/data/15141761/fileData.do,공공데이터포털 파일데이터. 준공예정일을 입주예정 proxy로 사용.,2026-05-12 17:21:55,15141761.csv,csv,public_allowed,ok,준공예정일을 입주예정 proxy로 사용
lh_public_completion,한국토지주택공사_공공주택 준공예정현황,15141761:49,de6a7b09ff240bad,이천장호원(08주3) B2,경기도 이천시 경기 이천시 경기 이천시,경기,이천시,,,2026-12,2026-12,,620,620,,,,,통합공공임대,,,,,https://www.data.go.kr/data/15141761/fileData.do,공공데이터포털 파일데이터. 준공예정일을 입주예정 proxy로 사용.,2026-05-12 17:21:55,15141761.csv,csv,public_allowed,ok,준공예정일을 입주예정 proxy로 사용
lh_public_completion,한국토지주택공사_공공주택 준공예정현황,15141761:50,41381bb19c0997e2,부산용호(6) 01,부산광역시 남구 용호동 561-15번지 일원,부산,남구,,,2029-01,2029-01,,440,440,,,,,공공분양,,,,,https://www.data.go.kr/data/15141761/fileData.do,공공데이터포털 파일데이터. 준공예정일을 입주예정 proxy로 사용.,2026-05-12 17:21:55,15141761.csv,csv,public_allowed,ok,준공예정일을 입주예정 proxy로 사용
lh_public_completion,한국토지주택공사_공공주택 준공예정현황,15141761:51,683e8ffd397303a8,양산사송GB(05택) A-3,경상남도 양산시 동면 경남 양산시 동면 사송리 내송리 일원 경남 양산시 동면 사송리 내송리 일원,경남,양산시,,,2027-11,2027-11,,300,300,,,,,공공임대(10년),,,,,https://www.data.go.kr/data/15141761/fileData.do,공공데이터포털 파일데이터. 준공예정일을 입주예정 proxy로 사용.,2026-05-12 17:21:55,15141761.csv,csv,public_allowed,ok,준공예정일을 입주예정 proxy로 사용
lh_public_completion,한국토지주택공사_공공주택 준공예정현황,15141761:52,e09b10e51246e89b,양산사송GB(05택) B-1,경상남도 양산시 동면 경남 양산시 동면 사송리 내송리 일원,경남,양산시,,,2028-09,2028-09,,714,714,,,,,공공임대(6년),,,,,https://www.data.go.kr/data/15141761/fileData.do,공공데이터포털 파일데이터. 준공예정일을 입주예정 proxy로 사용.,2026-05-12 17:21:55,15141761.csv,csv,public_allowed,ok,준공예정일을 입주예정 proxy로 사용
lh_public_completion,한국토지주택공사_공공주택 준공예정현황,15141761:53,63873e2c1a141ab0,양산사송GB(05택) A-7,경상남도 양산시 동면 경남 양산시 동면 사송리 내송리 일원,경남,양산시,,,2027-10,2027-10,,1304,1304,,,,,공공임대(6년),,,,,https://www.data.go.kr/data/15141761/fileData.do,공공데이터포털 파일데이터. 준공예정일을 입주예정 proxy로 사용.,2026-05-12 17:21:55,15141761.csv,csv,public_allowed,ok,준공예정일을 입주예정 proxy로 사용
lh_public_completion,한국토지주택공사_공공주택 준공예정현황,15141761:54,3b0bf055cc4e2364,양산사송GB(05택) A-6,경상남도 양산시 동면 경남 양산시 동면 사송리 내송리 일원,경남,양산시,,,2028-08,2028-08,,548,548,,,,,공공임대(6년),,,,,https://www.data.go.kr/data/15141761/fileData.do,공공데이터포털 파일데이터. 준공예정일을 입주예정 proxy로 사용.,2026-05-12 17:21:55,15141761.csv,csv,public_allowed,ok,준공예정일을 입주예정 proxy로 사용
lh_public_completion,한국토지주택공사_공공주택 준공예정현황,15141761:55,46c643329cc701f2,부산문현2(08주환) 01,부산광역시 남구 문현동 부산 남구 부산광역시 남구 문현동 산23-1번지 일원,부산,남구,,,2027-08,2027-08,,768,768,,,,,공공분양,,,,,https://www.data.go.kr/data/15141761/fileData.do,공공데이터포털 파일데이터. 준공예정일을 입주예정 proxy로 사용.,2026-05-12 17:21:55,15141761.csv,csv,public_allowed,ok,준공예정일을 입주예정 proxy로 사용
lh_public_completion,한국토지주택공사_공공주택 준공예정현황,15141761:56,41c40304a1047e34,부산문현2(08주환) 01,부산광역시 남구 문현동 부산 남구 부산광역시 남구 문현동 산23-1번지 일원,부산,남구,,,2027-08,2027-08,,48,48,,,,,공공임대(10년),,,,,https://www.data.go.kr/data/15141761/fileData.do,공공데이터포털 파일데이터. 준공예정일을 입주예정 proxy로 사용.,2026-05-12 17:21:55,15141761.csv,csv,public_allowed,ok,준공예정일을 입주예정 proxy로 사용
lh_public_completion,한국토지주택공사_공공주택 준공예정현황,15141761:57,f8b794446ab77026,부산문현2(08주환) 01,부산광역시 남구 문현동 부산 남구 부산광역시 남구 문현동 산23-1번지 일원,부산,남구,,,2027-08,2027-08,,144,144,,,,,행복주택,,,,,https://www.data.go.kr/data/15141761/fileData.do,공공데이터포털 파일데이터. 준공예정일을 입주예정 proxy로 사용.,2026-05-12 17:21:55,15141761.csv,csv,public_allowed,ok,준공예정일을 입주예정 proxy로 사용
lh_public_completion,한국토지주택공사_공공주택 준공예정현황,15141761:58,f53eec2b43c12b3e,충북혁신도시 B5,충청북도 음성군 맹동면 충북 음성군 충북 진천군 던삭면 음성군 맹동면 일원,충북,음성군,,,2028-08,2028-08,,934,934,,,,,공공분양,,,,,https://www.data.go.kr/data/15141761/fileData.do,공공데이터포털 파일데이터. 준공예정일을 입주예정 proxy로 사용.,2026-05-12 17:21:55,15141761.csv,csv,public_allowed,ok,준공예정일을 입주예정 proxy로 사용
lh_public_completion,한국토지주택공사_공공주택 준공예정현황,15141761:59,da9f3612af419362,청원오창(06주4) 01,충청북도 청주시 청원구 오창읍 충북 청원군 오창면 장대리 일원 충북 청원군 오창읍 장대리 381번지 일원,충북,청주시 청원구,,,2028-12,2028-12,,608,608,,,,,통합공공임대,,,,,https://www.data.go.kr/data/15141761/fileData.do,공공데이터포털 파일데이터. 준공예정일을 입주예정 proxy로 사용.,2026-05-12 17:21:55,15141761.csv,csv,public_allowed,ok,준공예정일을 입주예정 proxy로 사용
lh_public_completion,한국토지주택공사_공공주택 준공예정현황,15141761:60,ce57254b1175dbf2,청원오창(06주4) 02,충청북도 청주시 청원구 오창읍 충북 청원군 오창면 장대리 일원,충북,청주시 청원구,,,2028-12,2028-12,,14,14,,,,,공공분양,,,,,https://www.data.go.kr/data/15141761/fileData.do,공공데이터포털 파일데이터. 준공예정일을 입주예정 proxy로 사용.,2026-05-12 17:21:55,15141761.csv,csv,public_allowed,ok,준공예정일을 입주예정 proxy로 사용
lh_public_completion,한국토지주택공사_공공주택 준공예정현황,15141761:61,97aeef49dffc3735,청원오창(06주4) 02,충청북도 청주시 청원구 오창읍 충북 청원군 오창면 장대리 일원,충북,청주시 청원구,,,2028-12,2028-12,,746,746,,,,,공공임대(6년),,,,,https://www.data.go.kr/data/15141761/fileData.do,공공데이터포털 파일데이터. 준공예정일을 입주예정 proxy로 사용.,2026-05-12 17:21:55,15141761.csv,csv,public_allowed,ok,준공예정일을 입주예정 proxy로 사용
lh_public_completion,한국토지주택공사_공공주택 준공예정현황,15141761:62,11ef2cca8a266dda,대전대동2(06주환2) 1,대전광역시 유성구 대동 대전 동구 대동 33번지 1원,대전,유성구,,,2029-06,2029-06,,1130,1130,,,,,공공분양,,,,,https://www.data.go.kr/data/15141761/fileData.do,공공데이터포털 파일데이터. 준공예정일을 입주예정 proxy로 사용.,2026-05-12 17:21:55,15141761.csv,csv,public_allowed,ok,준공예정일을 입주예정 proxy로 사용
lh_public_completion,한국토지주택공사_공공주택 준공예정현황,15141761:63,cbf0a5088d337666,대전대동2(06주환2) 2,대전광역시 유성구 대동 대전 동구 대동 33번지 1원,대전,유성구,,,2027-06,2027-06,,652,652,,,,,행복주택,,,,,https://www.data.go.kr/data/15141761/fileData.do,공공데이터포털 파일데이터. 준공예정일을 입주예정 proxy로 사용.,2026-05-12 17:21:55,15141761.csv,csv,public_allowed,ok,준공예정일을 입주예정 proxy로 사용
lh_public_completion,한국토지주택공사_공공주택 준공예정현황,15141761:64,bc44a3f814e22c3a,공주월송(06국민1) A-1,충청남도 공주시 월송동 충남 공주 금흥동 월송동 일원,충남,공주시,,,2026-12,2026-12,,518,518,,,,,공공분양,,,,,https://www.data.go.kr/data/15141761/fileData.do,공공데이터포털 파일데이터. 준공예정일을 입주예정 proxy로 사용.,2026-05-12 17:21:55,15141761.csv,csv,public_allowed,ok,준공예정일을 입주예정 proxy로 사용
lh_public_completion,한국토지주택공사_공공주택 준공예정현황,15141761:65,7cb67c3257bdb650,도청이전신도시 RH-12,충청남도 홍성군 홍북읍 충남 홍성군 홍북면 예산군 삽교읍 일원 충남 홍성군 홍북면 예산군 삽교읍 일원,충남,홍성군,,,2028-12,2028-12,,1706,1706,,,,,공공임대(6년),,,,,https://www.data.go.kr/data/15141761/fileData.do,공공데이터포털 파일데이터. 준공예정일을 입주예정 proxy로 사용.,2026-05-12 17:21:55,15141761.csv,csv,public_allowed,ok,준공예정일을 입주예정 proxy로 사용
lh_public_completion,한국토지주택공사_공공주택 준공예정현황,15141761:66,c55afa3e5691bb84,군산신역세권(05택1) A1,전북특별자치도 군산시 내흥동 군산시 내흥동 성산면 성덕리 일원 군산시 내흥동 성산면 성덕리 일원,전북,군산시,,,2029-01,2029-01,,660,660,,,,,공공분양,,,,,https://www.data.go.kr/data/15141761/fileData.do,공공데이터포털 파일데이터. 준공예정일을 입주예정 proxy로 사용.,2026-05-12 17:21:55,15141761.csv,csv,public_allowed,ok,준공예정일을 입주예정 proxy로 사용
lh_public_completion,한국토지주택공사_공공주택 준공예정현황,15141761:67,07b451634db29094,군산신역세권(05택1) B1,전북특별자치도 군산시 내흥동 군산시 내흥동 성산면 성덕리 일원 군산시 내흥동 성산면 성덕리 일원 군산신역세권 택지개발지구내 B1BL,전북,군산시,,,2026-06,2026-06,,899,899,,,,,공공분양,,,,,https://www.data.go.kr/data/15141761/fileData.do,공공데이터포털 파일데이터. 준공예정일을 입주예정 proxy로 사용.,2026-05-12 17:21:55,15141761.csv,csv,public_allowed,ok,준공예정일을 입주예정 proxy로 사용
lh_public_completion,한국토지주택공사_공공주택 준공예정현황,15141761:68,65d8f6ff3d066dd5,완주삼봉(06국민) S-1,전북특별자치도 완주군 삼례읍 전라북도 완주군 삼례읍 봉동읍 일원,전북,완주군,,,2027-12,2027-12,,710,710,,,,,공공임대(6년),,,,,https://www.data.go.kr/data/15141761/fileData.do,공공데이터포털 파일데이터. 준공예정일을 입주예정 proxy로 사용.,2026-05-12 17:21:55,15141761.csv,csv,public_allowed,ok,준공예정일을 입주예정 proxy로 사용
lh_public_completion,한국토지주택공사_공공주택 준공예정현황,15141761:69,cf487e2134f805ec,대구도남(09국민1) B-1,대구광역시 북구 도남동 대구시 북구,대구,북구,,,2026-08,2026-08,,549,549,,,,,공공분양,,,,,https://www.data.go.kr/data/15141761/fileData.do,공공데이터포털 파일데이터. 준공예정일을 입주예정 proxy로 사용.,2026-05-12 17:21:55,15141761.csv,csv,public_allowed,ok,준공예정일을 입주예정 proxy로 사용
lh_public_completion,한국토지주택공사_공공주택 준공예정현황,15141761:70,ea775fea46d2ddb0,대구도남(09국민1) B-1,대구광역시 북구 도남동 대구시 북구,대구,북구,,,2026-08,2026-08,,276,276,,,,,행복주택,,,,,https://www.data.go.kr/data/15141761/fileData.do,공공데이터포털 파일데이터. 준공예정일을 입주예정 proxy로 사용.,2026-05-12 17:21:55,15141761.csv,csv,public_allowed,ok,준공예정일을 입주예정 proxy로 사용
lh_public_completion,한국토지주택공사_공공주택 준공예정현황,15141761:71,8ecc0ffa4010e4f7,울산다운2(08국민) B-7,울산광역시 중구 다운동 울산 중구 울주군 울산 중구 다운동 울주군 범서읍 서사리 척과리 일원,울산,중구,,,2028-04,2028-04,,446,446,,,,,공공분양,,,,,https://www.data.go.kr/data/15141761/fileData.do,공공데이터포털 파일데이터. 준공예정일을 입주예정 proxy로 사용.,2026-05-12 17:21:55,15141761.csv,csv,public_allowed,ok,준공예정일을 입주예정 proxy로 사용
lh_public_completion,한국토지주택공사_공공주택 준공예정현황,15141761:72,b009cbd571386fcc,울산다운2(08국민) A-2,울산광역시 중구 다운동 울산 중구 울주군 울산 중구 다운동 울주군 범서읍 서사리 척과리 일원,울산,중구,,,2027-07,2027-07,,412,412,,,,,통합공공임대,,,,,https://www.data.go.kr/data/15141761/fileData.do,공공데이터포털 파일데이터. 준공예정일을 입주예정 proxy로 사용.,2026-05-12 17:21:55,15141761.csv,csv,public_allowed,ok,준공예정일을 입주예정 proxy로 사용
lh_public_completion,한국토지주택공사_공공주택 준공예정현황,15141761:73,cc27e602b79fcd71,울산다운2(08국민) A-4,울산광역시 중구 다운동 울산 중구 울주군 울산 중구 다운동 울주군 범서읍 서사리 척과리 일원,울산,중구,,,2027-01,2027-01,,194,194,,,,,국민임대,,,,,https://www.data.go.kr/data/15141761/fileData.do,공공데이터포털 파일데이터. 준공예정일을 입주예정 proxy로 사용.,2026-05-12 17:21:55,15141761.csv,csv,public_allowed,ok,준공예정일을 입주예정 proxy로 사용
lh_public_completion,한국토지주택공사_공공주택 준공예정현황,15141761:74,b728dd08588feb42,울산다운2(08국민) A-4,울산광역시 중구 다운동 울산 중구 울주군 울산 중구 다운동 울주군 범서읍 서사리 척과리 일원,울산,중구,,,2027-01,2027-01,,194,194,,,,,행복주택,,,,,https://www.data.go.kr/data/15141761/fileData.do,공공데이터포털 파일데이터. 준공예정일을 입주예정 proxy로 사용.,2026-05-12 17:21:55,15141761.csv,csv,public_allowed,ok,준공예정일을 입주예정 proxy로 사용
lh_public_completion,한국토지주택공사_공공주택 준공예정현황,15141761:75,5a2944d02dc216dc,울산다운2(08국민) A-3,울산광역시 중구 다운동 울산 중구 울주군,울산,중구,,,2027-12,2027-12,,890,890,,,,,공공분양,,,,,https://www.data.go.kr/data/15141761/fileData.do,공공데이터포털 파일데이터. 준공예정일을 입주예정 proxy로 사용.,2026-05-12 17:21:55,15141761.csv,csv,public_allowed,ok,준공예정일을 입주예정 proxy로 사용
lh_public_completion,한국토지주택공사_공공주택 준공예정현황,15141761:76,bb23b17146522331,울산다운2(08국민) A-3,울산광역시 중구 다운동 울산 중구 울주군,울산,중구,,,2027-12,2027-12,,445,445,,,,,통합공공임대,,,,,https://www.data.go.kr/data/15141761/fileData.do,공공데이터포털 파일데이터. 준공예정일을 입주예정 proxy로 사용.,2026-05-12 17:21:55,15141761.csv,csv,public_allowed,ok,준공예정일을 입주예정 proxy로 사용
lh_public_completion,한국토지주택공사_공공주택 준공예정현황,15141761:77,23a902e136dc56e6,울산다운2(08국민) A-7,울산광역시 중구 다운동 울산 중구 울주군 다운동 일대,울산,중구,,,2026-12,2026-12,,400,400,,,,,영구임대,,,,,https://www.data.go.kr/data/15141761/fileData.do,공공데이터포털 파일데이터. 준공예정일을 입주예정 proxy로 사용.,2026-05-12 17:21:55,15141761.csv,csv,public_allowed,ok,준공예정일을 입주예정 proxy로 사용
lh_public_completion,한국토지주택공사_공공주택 준공예정현황,15141761:78,fa180aab899a1266,울산다운2(08국민) A-7,울산광역시 중구 다운동 울산 중구 울주군 다운동 일대,울산,중구,,,2026-12,2026-12,,300,300,,,,,행복주택,,,,,https://www.data.go.kr/data/15141761/fileData.do,공공데이터포털 파일데이터. 준공예정일을 입주예정 proxy로 사용.,2026-05-12 17:21:55,15141761.csv,csv,public_allowed,ok,준공예정일을 입주예정 proxy로 사용
lh_public_completion,한국토지주택공사_공공주택 준공예정현황,15141761:79,973e7d4b1190a1b7,울산다운2(08국민) A-1,울산광역시 중구 다운동 울산 중구 울주군,울산,중구,,,2026-12,2026-12,,148,148,,,,,영구임대,,,,,https://www.data.go.kr/data/15141761/fileData.do,공공데이터포털 파일데이터. 준공예정일을 입주예정 proxy로 사용.,2026-05-12 17:21:55,15141761.csv,csv,public_allowed,ok,준공예정일을 입주예정 proxy로 사용
lh_public_completion,한국토지주택공사_공공주택 준공예정현황,15141761:80,e61f9a5fe0b54507,판교창조경제밸리 G6,경기도 성남시 수정구 경기 성남시 수정구,경기,성남시 수정구,,,2027-06,2027-06,,195,195,,,,,행복주택,,,,,https://www.data.go.kr/data/15141761/fileData.do,공공데이터포털 파일데이터. 준공예정일을 입주예정 proxy로 사용.,2026-05-12 17:21:55,15141761.csv,csv,public_allowed,ok,준공예정일을 입주예정 proxy로 사용
lh_public_completion,한국토지주택공사_공공주택 준공예정현황,15141761:81,b1dd59fb5247cdac,의왕초평(뉴스테이) A-4,경기도 의왕시 경기 의왕시,경기,의왕시,,,2027-09,2027-09,,381,381,,,,,통합공공임대,,,,,https://www.data.go.kr/data/15141761/fileData.do,공공데이터포털 파일데이터. 준공예정일을 입주예정 proxy로 사용.,2026-05-12 17:21:55,15141761.csv,csv,public_allowed,ok,준공예정일을 입주예정 proxy로 사용
lh_public_completion,한국토지주택공사_공공주택 준공예정현황,15141761:82,9f4a2ceeb9ae712f,과천주암(뉴스테이) A1,경기도 과천시 경기 과천시 주암동,경기,과천시,,,2027-06,2027-06,,386,386,,,,,행복주택,,,,,https://www.data.go.kr/data/15141761/fileData.do,공공데이터포털 파일데이터. 준공예정일을 입주예정 proxy로 사용.,2026-05-12 17:21:55,15141761.csv,csv,public_allowed,ok,준공예정일을 입주예정 proxy로 사용
lh_public_completion,한국토지주택공사_공공주택 준공예정현황,15141761:83,06e242a095afcbc8,과천주암(뉴스테이) C1,경기도 과천시 경기 과천시 주암동,경기,과천시,,,2028-11,2028-11,,932,932,,,,,공공분양,,,,,https://www.data.go.kr/data/15141761/fileData.do,공공데이터포털 파일데이터. 준공예정일을 입주예정 proxy로 사용.,2026-05-12 17:21:55,15141761.csv,csv,public_allowed,ok,준공예정일을 입주예정 proxy로 사용
lh_public_completion,한국토지주택공사_공공주택 준공예정현황,15141761:84,84e5ebf169839b38,과천주암(뉴스테이) C1,경기도 과천시 경기 과천시 주암동,경기,과천시,,,2028-11,2028-11,,406,406,,,,,행복주택,,,,,https://www.data.go.kr/data/15141761/fileData.do,공공데이터포털 파일데이터. 준공예정일을 입주예정 proxy로 사용.,2026-05-12 17:21:55,15141761.csv,csv,public_allowed,ok,준공예정일을 입주예정 proxy로 사용
lh_public_completion,한국토지주택공사_공공주택 준공예정현황,15141761:85,e9042a4693bf36c6,과천주암(뉴스테이) C2,경기도 과천시 경기 과천시 주암동,경기,과천시,,,2028-02,2028-02,,686,686,,,,,공공분양,,,,,https://www.data.go.kr/data/15141761/fileData.do,공공데이터포털 파일데이터. 준공예정일을 입주예정 proxy로 사용.,2026-05-12 17:21:55,15141761.csv,csv,public_allowed,ok,준공예정일을 입주예정 proxy로 사용
lh_public_completion,한국토지주택공사_공공주택 준공예정현황,15141761:86,e7481dcd96349a56,과천주암(뉴스테이) C2,경기도 과천시 경기 과천시 주암동,경기,과천시,,,2028-02,2028-02,,344,344,,,,,행복주택,,,,,https://www.data.go.kr/data/15141761/fileData.do,공공데이터포털 파일데이터. 준공예정일을 입주예정 proxy로 사용.,2026-05-12 17:21:55,15141761.csv,csv,public_allowed,ok,준공예정일을 입주예정 proxy로 사용
lh_public_completion,한국토지주택공사_공공주택 준공예정현황,15141761:87,836d676e705fda13,고양장항 A-2,경기도 고양시 일산동구 장항동 경기 고양시 일산동구,경기,고양시 일산동구,,,2026-04,2026-04,,371,371,,,,,공공분양,,,,,https://www.data.go.kr/data/15141761/fileData.do,공공데이터포털 파일데이터. 준공예정일을 입주예정 proxy로 사용.,2026-05-12 17:21:55,15141761.csv,csv,public_allowed,ok,준공예정일을 입주예정 proxy로 사용
lh_public_completion,한국토지주택공사_공공주택 준공예정현황,15141761:88,5034024ee0f06695,고양장항 A-2,경기도 고양시 일산동구 장항동 경기 고양시 일산동구,경기,고양시 일산동구,,,2026-04,2026-04,,279,279,,,,,행복주택,,,,,https://www.data.go.kr/data/15141761/fileData.do,공공데이터포털 파일데이터. 준공예정일을 입주예정 proxy로 사용.,2026-05-12 17:21:55,15141761.csv,csv,public_allowed,ok,준공예정일을 입주예정 proxy로 사용
lh_public_completion,한국토지주택공사_공공주택 준공예정현황,15141761:89,0edb4dc6676b7e60,고양장항 A-6,경기도 고양시 일산동구 장항동 경기 고양시 일산동구,경기,고양시 일산동구,,,2028-09,2028-09,,915,915,,,,,행복주택,,,,,https://www.data.go.kr/data/15141761/fileData.do,공공데이터포털 파일데이터. 준공예정일을 입주예정 proxy로 사용.,2026-05-12 17:21:55,15141761.csv,csv,public_allowed,ok,준공예정일을 입주예정 proxy로 사용
lh_public_completion,한국토지주택공사_공공주택 준공예정현황,15141761:90,a7e6e3b7c015f854,고양장항 S-1,경기도 고양시 일산동구 장항동 경기 고양시 일산동구,경기,고양시 일산동구,,,2027-12,2027-12,,869,869,,,,,공공분양,,,,,https://www.data.go.kr/data/15141761/fileData.do,공공데이터포털 파일데이터. 준공예정일을 입주예정 proxy로 사용.,2026-05-12 17:21:55,15141761.csv,csv,public_allowed,ok,준공예정일을 입주예정 proxy로 사용
lh_public_completion,한국토지주택공사_공공주택 준공예정현황,15141761:91,e531e2b17940a30c,고양장항 S-2,경기도 고양시 일산동구 장항동 경기 고양시 일산동구,경기,고양시 일산동구,,,2027-05,2027-05,,945,945,,,,,통합공공임대,,,,,https://www.data.go.kr/data/15141761/fileData.do,공공데이터포털 파일데이터. 준공예정일을 입주예정 proxy로 사용.,2026-05-12 17:21:55,15141761.csv,csv,public_allowed,ok,준공예정일을 입주예정 proxy로 사용
lh_public_completion,한국토지주택공사_공공주택 준공예정현황,15141761:92,49e9a30fa8d9df70,대구국가산단2단계 A7-1,대구광역시 달성군 구지면 대구 대구,대구,달성군,,,2027-12,2027-12,,448,448,,,,,행복주택,,,,,https://www.data.go.kr/data/15141761/fileData.do,공공데이터포털 파일데이터. 준공예정일을 입주예정 proxy로 사용.,2026-05-12 17:21:55,15141761.csv,csv,public_allowed,ok,준공예정일을 입주예정 proxy로 사용
lh_public_completion,한국토지주택공사_공공주택 준공예정현황,15141761:93,e0961b7607d0c186,수원당수 A5,경기도 수원시 권선구 당수동,경기,수원시 권선구,,,2027-01,2027-01,,484,484,,,,,공공분양,,,,,https://www.data.go.kr/data/15141761/fileData.do,공공데이터포털 파일데이터. 준공예정일을 입주예정 proxy로 사용.,2026-05-12 17:21:55,15141761.csv,csv,public_allowed,ok,준공예정일을 입주예정 proxy로 사용
lh_public_completion,한국토지주택공사_공공주택 준공예정현황,15141761:94,dcecc77b830abc51,수원당수 A5,경기도 수원시 권선구 당수동,경기,수원시 권선구,,,2027-01,2027-01,,242,242,,,,,행복주택,,,,,https://www.data.go.kr/data/15141761/fileData.do,공공데이터포털 파일데이터. 준공예정일을 입주예정 proxy로 사용.,2026-05-12 17:21:55,15141761.csv,csv,public_allowed,ok,준공예정일을 입주예정 proxy로 사용
lh_public_completion,한국토지주택공사_공공주택 준공예정현황,15141761:95,c4f87d578493766f,수원당수 B2,경기도 수원시 권선구 당수동 440전 일원,경기,수원시 권선구,,,2028-06,2028-06,,347,347,,,,,분양주택(이익공유형),,,,,https://www.data.go.kr/data/15141761/fileData.do,공공데이터포털 파일데이터. 준공예정일을 입주예정 proxy로 사용.,2026-05-12 17:21:55,15141761.csv,csv,public_allowed,ok,준공예정일을 입주예정 proxy로 사용
lh_public_completion,한국토지주택공사_공공주택 준공예정현황,15141761:96,2c63bf0f9dc2f160,수원당수 B3,경기도 수원시 권선구 당수동,경기,수원시 권선구,,,2028-12,2028-12,,394,394,,,,,공공분양,,,,,https://www.data.go.kr/data/15141761/fileData.do,공공데이터포털 파일데이터. 준공예정일을 입주예정 proxy로 사용.,2026-05-12 17:21:55,15141761.csv,csv,public_allowed,ok,준공예정일을 입주예정 proxy로 사용
lh_public_completion,한국토지주택공사_공공주택 준공예정현황,15141761:97,bc1c26850b8c4b79,김해진례 C1,경상남도 김해시 진례면 송정리,경남,김해시,,,2028-03,2028-03,,387,387,,,,,공공분양,,,,,https://www.data.go.kr/data/15141761/fileData.do,공공데이터포털 파일데이터. 준공예정일을 입주예정 proxy로 사용.,2026-05-12 17:21:55,15141761.csv,csv,public_allowed,ok,준공예정일을 입주예정 proxy로 사용
lh_public_completion,한국토지주택공사_공공주택 준공예정현황,15141761:98,dfa9b4c38047874d,김해진례 C1,경상남도 김해시 진례면 송정리,경남,김해시,,,2028-03,2028-03,,339,339,,,,,공공임대(6년),,,,,https://www.data.go.kr/data/15141761/fileData.do,공공데이터포털 파일데이터. 준공예정일을 입주예정 proxy로 사용.,2026-05-12 17:21:55,15141761.csv,csv,public_allowed,ok,준공예정일을 입주예정 proxy로 사용
lh_public_completion,한국토지주택공사_공공주택 준공예정현황,15141761:99,73ec60a337c52681,김해진례 B1,경상남도 김해시 진례면 송정리,경남,김해시,,,2028-03,2028-03,,382,382,,,,,공공임대(6년),,,,,https://www.data.go.kr/data/15141761/fileData.do,공공데이터포털 파일데이터. 준공예정일을 입주예정 proxy로 사용.,2026-05-12 17:21:55,15141761.csv,csv,public_allowed,ok,준공예정일을 입주예정 proxy로 사용
lh_public_completion,한국토지주택공사_공공주택 준공예정현황,15141761:100,fa6eb6304b5fa8b4,창원용원(행복주택) 업무3,경상남도 창원시 진해구 용원동 1346번지 1346-1,경남,창원시 진해구,,,2026-05,2026-05,,180,180,,,,,행복주택,,,,,https://www.data.go.kr/data/15141761/fileData.do,공공데이터포털 파일데이터. 준공예정일을 입주예정 proxy로 사용.,2026-05-12 17:21:55,15141761.csv,csv,public_allowed,ok,준공예정일을 입주예정 proxy로 사용
lh_public_completion,한국토지주택공사_공공주택 준공예정현황,15141761:101,8a1dccbd587c2e6d,남양주진접2 A-1,경기도 남양주시 진접읍,경기,남양주시,,,2028-02,2028-02,,920,920,,,,,공공분양,,,,,https://www.data.go.kr/data/15141761/fileData.do,공공데이터포털 파일데이터. 준공예정일을 입주예정 proxy로 사용.,2026-05-12 17:21:55,15141761.csv,csv,public_allowed,ok,준공예정일을 입주예정 proxy로 사용
lh_public_completion,한국토지주택공사_공공주택 준공예정현황,15141761:102,1eab580bdf627087,남양주진접2 A-2,경기도 남양주시 진접읍 사업승인,경기,남양주시,,,2028-06,2028-06,,316,316,,,,,영구임대,,,,,https://www.data.go.kr/data/15141761/fileData.do,공공데이터포털 파일데이터. 준공예정일을 입주예정 proxy로 사용.,2026-05-12 17:21:55,15141761.csv,csv,public_allowed,ok,준공예정일을 입주예정 proxy로 사용
lh_public_completion,한국토지주택공사_공공주택 준공예정현황,15141761:103,1967c553e7ee3bf3,남양주진접2 A-2,경기도 남양주시 진접읍 사업승인,경기,남양주시,,,2028-06,2028-06,,300,300,,,,,행복주택,,,,,https://www.data.go.kr/data/15141761/fileData.do,공공데이터포털 파일데이터. 준공예정일을 입주예정 proxy로 사용.,2026-05-12 17:21:55,15141761.csv,csv,public_allowed,ok,준공예정일을 입주예정 proxy로 사용
lh_public_completion,한국토지주택공사_공공주택 준공예정현황,15141761:104,7440cad89e62040e,남양주진접2 A-3,경기도 남양주시 진접읍,경기,남양주시,,,2029-08,2029-08,,208,208,,,,,공공분양,,,,,https://www.data.go.kr/data/15141761/fileData.do,공공데이터포털 파일데이터. 준공예정일을 입주예정 proxy로 사용.,2026-05-12 17:21:55,15141761.csv,csv,public_allowed,ok,준공예정일을 입주예정 proxy로 사용
lh_public_completion,한국토지주택공사_공공주택 준공예정현황,15141761:105,6c1547a36edd6160,남양주진접2 A-3,경기도 남양주시 진접읍,경기,남양주시,,,2029-08,2029-08,,158,158,,,,,행복주택,,,,,https://www.data.go.kr/data/15141761/fileData.do,공공데이터포털 파일데이터. 준공예정일을 입주예정 proxy로 사용.,2026-05-12 17:21:55,15141761.csv,csv,public_allowed,ok,준공예정일을 입주예정 proxy로 사용
lh_public_completion,한국토지주택공사_공공주택 준공예정현황,15141761:106,159f3f919d7729d8,남양주진접2 A-4,경기도 남양주시 진접읍,경기,남양주시,,,2028-04,2028-04,,255,255,,,,,공공분양,,,,,https://www.data.go.kr/data/15141761/fileData.do,공공데이터포털 파일데이터. 준공예정일을 입주예정 proxy로 사용.,2026-05-12 17:21:55,15141761.csv,csv,public_allowed,ok,준공예정일을 입주예정 proxy로 사용
lh_public_completion,한국토지주택공사_공공주택 준공예정현황,15141761:107,15c1c185a92e3437,남양주진접2 A-4,경기도 남양주시 진접읍,경기,남양주시,,,2028-04,2028-04,,193,193,,,,,행복주택,,,,,https://www.data.go.kr/data/15141761/fileData.do,공공데이터포털 파일데이터. 준공예정일을 입주예정 proxy로 사용.,2026-05-12 17:21:55,15141761.csv,csv,public_allowed,ok,준공예정일을 입주예정 proxy로 사용
lh_public_completion,한국토지주택공사_공공주택 준공예정현황,15141761:108,8780b0fa6526cf4b,남양주진접2 A-9,경기도 남양주시 진접읍,경기,남양주시,,,2028-06,2028-06,,314,314,,,,,국민임대,,,,,https://www.data.go.kr/data/15141761/fileData.do,공공데이터포털 파일데이터. 준공예정일을 입주예정 proxy로 사용.,2026-05-12 17:21:55,15141761.csv,csv,public_allowed,ok,준공예정일을 입주예정 proxy로 사용
lh_public_completion,한국토지주택공사_공공주택 준공예정현황,15141761:109,61ab637c31e97237,남양주진접2 A-9,경기도 남양주시 진접읍,경기,남양주시,,,2028-06,2028-06,,252,252,,,,,행복주택,,,,,https://www.data.go.kr/data/15141761/fileData.do,공공데이터포털 파일데이터. 준공예정일을 입주예정 proxy로 사용.,2026-05-12 17:21:55,15141761.csv,csv,public_allowed,ok,준공예정일을 입주예정 proxy로 사용
lh_public_completion,한국토지주택공사_공공주택 준공예정현황,15141761:110,020e0b72c4d725bc,남양주진접2 A-7,경기도 남양주시 진접읍,경기,남양주시,,,2028-11,2028-11,,405,405,,,,,공공분양,,,,,https://www.data.go.kr/data/15141761/fileData.do,공공데이터포털 파일데이터. 준공예정일을 입주예정 proxy로 사용.,2026-05-12 17:21:55,15141761.csv,csv,public_allowed,ok,준공예정일을 입주예정 proxy로 사용
lh_public_completion,한국토지주택공사_공공주택 준공예정현황,15141761:111,665621b9dd1e5a0b,남양주진접2 A-7,경기도 남양주시 진접읍,경기,남양주시,,,2028-11,2028-11,,305,305,,,,,공공임대(6년),,,,,https://www.data.go.kr/data/15141761/fileData.do,공공데이터포털 파일데이터. 준공예정일을 입주예정 proxy로 사용.,2026-05-12 17:21:55,15141761.csv,csv,public_allowed,ok,준공예정일을 입주예정 proxy로 사용
lh_public_completion,한국토지주택공사_공공주택 준공예정현황,15141761:112,47917c95991a904a,남양주진접2 B-1,경기도 남양주시 진접읍,경기,남양주시,,,2028-08,2028-08,,260,260,,,,,공공분양,,,,,https://www.data.go.kr/data/15141761/fileData.do,공공데이터포털 파일데이터. 준공예정일을 입주예정 proxy로 사용.,2026-05-12 17:21:55,15141761.csv,csv,public_allowed,ok,준공예정일을 입주예정 proxy로 사용
lh_public_completion,한국토지주택공사_공공주택 준공예정현황,15141761:113,8c88f0f4d58ac841,청주지북(뉴스테이) A4,충청북도 청주시 상당구 지북동,충북,청주시 상당구,,,2026-01,2026-01,,254,254,,,,,행복주택,,,,,https://www.data.go.kr/data/15141761/fileData.do,공공데이터포털 파일데이터. 준공예정일을 입주예정 proxy로 사용.,2026-05-12 17:21:55,15141761.csv,csv,public_allowed,ok,준공예정일을 입주예정 proxy로 사용
lh_public_completion,한국토지주택공사_공공주택 준공예정현황,15141761:114,85f495343fc3b36d,청주지북(뉴스테이) B1,충청북도 청주시 상당구 지북동 청주지북 공공지원 민간임대주택 공급촉진지구 내 B-1BL,충북,청주시 상당구,,,2028-06,2028-06,,757,757,,,,,공공분양,,,,,https://www.data.go.kr/data/15141761/fileData.do,공공데이터포털 파일데이터. 준공예정일을 입주예정 proxy로 사용.,2026-05-12 17:21:55,15141761.csv,csv,public_allowed,ok,준공예정일을 입주예정 proxy로 사용
lh_public_completion,한국토지주택공사_공공주택 준공예정현황,15141761:115,04f3aed60c577fe3,청주지북(뉴스테이) B1,충청북도 청주시 상당구 지북동 청주지북 공공지원 민간임대주택 공급촉진지구 내 B-1BL,충북,청주시 상당구,,,2028-06,2028-06,,383,383,,,,,공공임대(6년),,,,,https://www.data.go.kr/data/15141761/fileData.do,공공데이터포털 파일데이터. 준공예정일을 입주예정 proxy로 사용.,2026-05-12 17:21:55,15141761.csv,csv,public_allowed,ok,준공예정일을 입주예정 proxy로 사용
lh_public_completion,한국토지주택공사_공공주택 준공예정현황,15141761:116,966e5bdc13b41894,청주지북(뉴스테이) A5,충청북도 청주시 상당구 지북동,충북,청주시 상당구,,,2026-02,2026-02,,488,488,,,,,행복주택,,,,,https://www.data.go.kr/data/15141761/fileData.do,공공데이터포털 파일데이터. 준공예정일을 입주예정 proxy로 사용.,2026-05-12 17:21:55,15141761.csv,csv,public_allowed,ok,준공예정일을 입주예정 proxy로 사용
lh_public_completion,한국토지주택공사_공공주택 준공예정현황,15141761:117,b9c999dfa48e8851,광주장덕 C-20BL C-20,광주광역시 광산구 장덕동 1293번지,광주,광산구,,,2026-12,2026-12,,209,209,,,,,행복주택,,,,,https://www.data.go.kr/data/15141761/fileData.do,공공데이터포털 파일데이터. 준공예정일을 입주예정 proxy로 사용.,2026-05-12 17:21:55,15141761.csv,csv,public_allowed,ok,준공예정일을 입주예정 proxy로 사용
lh_public_completion,한국토지주택공사_공공주택 준공예정현황,15141761:118,efa4604fbbb11925,원주무실 A-1,강원특별자치도 원주시 무실동 무실동 일원,강원,원주시,,,2028-02,2028-02,,580,580,,,,,공공임대(6년),,,,,https://www.data.go.kr/data/15141761/fileData.do,공공데이터포털 파일데이터. 준공예정일을 입주예정 proxy로 사용.,2026-05-12 17:21:55,15141761.csv,csv,public_allowed,ok,준공예정일을 입주예정 proxy로 사용
lh_public_completion,한국토지주택공사_공공주택 준공예정현황,15141761:119,35dbec8b9c2fb455,원주무실 A-2,강원특별자치도 원주시 무실동 무실동 일원,강원,원주시,,,2028-04,2028-04,,295,295,,,,,공공분양,,,,,https://www.data.go.kr/data/15141761/fileData.do,공공데이터포털 파일데이터. 준공예정일을 입주예정 proxy로 사용.,2026-05-12 17:21:55,15141761.csv,csv,public_allowed,ok,준공예정일을 입주예정 proxy로 사용
lh_public_completion,한국토지주택공사_공공주택 준공예정현황,15141761:120,6c6b4e1a57c7de02,원주무실 A-2,강원특별자치도 원주시 무실동 무실동 일원,강원,원주시,,,2028-04,2028-04,,265,265,,,,,공공임대(6년),,,,,https://www.data.go.kr/data/15141761/fileData.do,공공데이터포털 파일데이터. 준공예정일을 입주예정 proxy로 사용.,2026-05-12 17:21:55,15141761.csv,csv,public_allowed,ok,준공예정일을 입주예정 proxy로 사용
lh_public_completion,한국토지주택공사_공공주택 준공예정현황,15141761:121,82737c625b27ee4d,밀양부북 A1,경상남도 밀양시 부북면,경남,밀양시,,,2028-09,2028-09,,426,426,,,,,공공분양,,,,,https://www.data.go.kr/data/15141761/fileData.do,공공데이터포털 파일데이터. 준공예정일을 입주예정 proxy로 사용.,2026-05-12 17:21:55,15141761.csv,csv,public_allowed,ok,준공예정일을 입주예정 proxy로 사용
lh_public_completion,한국토지주택공사_공공주택 준공예정현황,15141761:122,7f0a375999ca8be1,밀양부북 A1,경상남도 밀양시 부북면,경남,밀양시,,,2028-09,2028-09,,318,318,,,,,통합공공임대,,,,,https://www.data.go.kr/data/15141761/fileData.do,공공데이터포털 파일데이터. 준공예정일을 입주예정 proxy로 사용.,2026-05-12 17:21:55,15141761.csv,csv,public_allowed,ok,준공예정일을 입주예정 proxy로 사용
lh_public_completion,한국토지주택공사_공공주택 준공예정현황,15141761:123,9dd606aa56ed1da5,대구연호 A1,대구광역시 수성구 연호동,대구,수성구,,,2028-11,2028-11,,926,926,,,,,공공분양,,,,,https://www.data.go.kr/data/15141761/fileData.do,공공데이터포털 파일데이터. 준공예정일을 입주예정 proxy로 사용.,2026-05-12 17:21:55,15141761.csv,csv,public_allowed,ok,준공예정일을 입주예정 proxy로 사용
lh_public_completion,한국토지주택공사_공공주택 준공예정현황,15141761:124,6fe62a43cebacd70,대구연호 A1,대구광역시 수성구 연호동,대구,수성구,,,2028-11,2028-11,,468,468,,,,,공공임대(10년),,,,,https://www.data.go.kr/data/15141761/fileData.do,공공데이터포털 파일데이터. 준공예정일을 입주예정 proxy로 사용.,2026-05-12 17:21:55,15141761.csv,csv,public_allowed,ok,준공예정일을 입주예정 proxy로 사용
lh_public_completion,한국토지주택공사_공공주택 준공예정현황,15141761:125,32486db00b3cc413,대구연호 A2,대구광역시 수성구 연호동,대구,수성구,,,2027-09,2027-09,,622,622,,,,,통합공공임대,,,,,https://www.data.go.kr/data/15141761/fileData.do,공공데이터포털 파일데이터. 준공예정일을 입주예정 proxy로 사용.,2026-05-12 17:21:55,15141761.csv,csv,public_allowed,ok,준공예정일을 입주예정 proxy로 사용
lh_public_completion,한국토지주택공사_공공주택 준공예정현황,15141761:126,54264e1d4890063c,대구연호 A3,대구광역시 수성구 연호동,대구,수성구,,,2027-09,2027-09,,526,526,,,,,통합공공임대,,,,,https://www.data.go.kr/data/15141761/fileData.do,공공데이터포털 파일데이터. 준공예정일을 입주예정 proxy로 사용.,2026-05-12 17:21:55,15141761.csv,csv,public_allowed,ok,준공예정일을 입주예정 proxy로 사용
lh_public_completion,한국토지주택공사_공공주택 준공예정현황,15141761:127,bbd6e5955bf0ecb4,순천도시첨단산단 A-1,전라남도 순천시 야흥동,전남,순천시,,,2027-03,2027-03,,300,300,,,,,행복주택,,,,,https://www.data.go.kr/data/15141761/fileData.do,공공데이터포털 파일데이터. 준공예정일을 입주예정 proxy로 사용.,2026-05-12 17:21:55,15141761.csv,csv,public_allowed,ok,준공예정일을 입주예정 proxy로 사용
lh_public_completion,한국토지주택공사_공공주택 준공예정현황,15141761:128,94f95837e9a553a6,인천산곡(행복주택) A-1,인천광역시 부평구 산곡동 70-8번지외 2개 필지,인천,부평구,,,2026-11,2026-11,,400,400,,,,,행복주택,,,,,https://www.data.go.kr/data/15141761/fileData.do,공공데이터포털 파일데이터. 준공예정일을 입주예정 proxy로 사용.,2026-05-12 17:21:55,15141761.csv,csv,public_allowed,ok,준공예정일을 입주예정 proxy로 사용
lh_public_completion,한국토지주택공사_공공주택 준공예정현황,15141761:129,fcf370c6cbe149c7,군포대야미 A-1,경기도 군포시 대야미동,경기,군포시,,,2028-09,2028-09,,378,378,,,,,공공임대(6년),,,,,https://www.data.go.kr/data/15141761/fileData.do,공공데이터포털 파일데이터. 준공예정일을 입주예정 proxy로 사용.,2026-05-12 17:21:55,15141761.csv,csv,public_allowed,ok,준공예정일을 입주예정 proxy로 사용
lh_public_completion,한국토지주택공사_공공주택 준공예정현황,15141761:130,46856c80069999c9,군포대야미 A-2,경기도 군포시 대야미동,경기,군포시,,,2028-12,2028-12,,1003,1003,,,,,공공분양,,,,,https://www.data.go.kr/data/15141761/fileData.do,공공데이터포털 파일데이터. 준공예정일을 입주예정 proxy로 사용.,2026-05-12 17:21:55,15141761.csv,csv,public_allowed,ok,준공예정일을 입주예정 proxy로 사용
lh_public_completion,한국토지주택공사_공공주택 준공예정현황,15141761:131,c67e85894f35df49,군포대야미 A-2,경기도 군포시 대야미동,경기,군포시,,,2028-12,2028-12,,508,508,,,,,행복주택,,,,,https://www.data.go.kr/data/15141761/fileData.do,공공데이터포털 파일데이터. 준공예정일을 입주예정 proxy로 사용.,2026-05-12 17:21:55,15141761.csv,csv,public_allowed,ok,준공예정일을 입주예정 proxy로 사용
lh_public_completion,한국토지주택공사_공공주택 준공예정현황,15141761:132,66534c4cc7e0218f,경산대임 A1,경상북도 경산시 임당동,경북,경산시,,,2028-12,2028-12,,440,440,,,,,통합공공임대,,,,,https://www.data.go.kr/data/15141761/fileData.do,공공데이터포털 파일데이터. 준공예정일을 입주예정 proxy로 사용.,2026-05-12 17:21:55,15141761.csv,csv,public_allowed,ok,준공예정일을 입주예정 proxy로 사용
lh_public_completion,한국토지주택공사_공공주택 준공예정현황,15141761:133,af42bbdb0fd1814c,경산대임 A2,경상북도 경산시 임당동,경북,경산시,,,2027-10,2027-10,,522,522,,,,,통합공공임대,,,,,https://www.data.go.kr/data/15141761/fileData.do,공공데이터포털 파일데이터. 준공예정일을 입주예정 proxy로 사용.,2026-05-12 17:21:55,15141761.csv,csv,public_allowed,ok,준공예정일을 입주예정 proxy로 사용
lh_public_completion,한국토지주택공사_공공주택 준공예정현황,15141761:134,03540be5e2cf7517,경산대임 A3,경상북도 경산시 임당동 사업계획 승인 신청,경북,경산시,,,2029-01,2029-01,,874,874,,,,,통합공공임대,,,,,https://www.data.go.kr/data/15141761/fileData.do,공공데이터포털 파일데이터. 준공예정일을 입주예정 proxy로 사용.,2026-05-12 17:21:55,15141761.csv,csv,public_allowed,ok,준공예정일을 입주예정 proxy로 사용
lh_public_completion,한국토지주택공사_공공주택 준공예정현황,15141761:135,1772b116c1b55147,경산대임 A9,경상북도 경산시 임당동,경북,경산시,,,2028-12,2028-12,,463,463,,,,,공공분양,,,,,https://www.data.go.kr/data/15141761/fileData.do,공공데이터포털 파일데이터. 준공예정일을 입주예정 proxy로 사용.,2026-05-12 17:21:55,15141761.csv,csv,public_allowed,ok,준공예정일을 입주예정 proxy로 사용
lh_public_completion,한국토지주택공사_공공주택 준공예정현황,15141761:136,ddc1f247684eb771,경산대임 A9,경상북도 경산시 임당동,경북,경산시,,,2028-12,2028-12,,238,238,,,,,공공임대(6년),,,,,https://www.data.go.kr/data/15141761/fileData.do,공공데이터포털 파일데이터. 준공예정일을 입주예정 proxy로 사용.,2026-05-12 17:21:55,15141761.csv,csv,public_allowed,ok,준공예정일을 입주예정 proxy로 사용
lh_public_completion,한국토지주택공사_공공주택 준공예정현황,15141761:137,d211c73833f5e46b,경산대임 B1,경상북도 경산시 임당동,경북,경산시,,,2028-10,2028-10,,256,256,,,,,공공분양,,,,,https://www.data.go.kr/data/15141761/fileData.do,공공데이터포털 파일데이터. 준공예정일을 입주예정 proxy로 사용.,2026-05-12 17:21:55,15141761.csv,csv,public_allowed,ok,준공예정일을 입주예정 proxy로 사용
lh_public_completion,한국토지주택공사_공공주택 준공예정현황,15141761:138,13c64c759d480de1,부천종합운동장 역세권 A1,경기도 부천시 원미구 춘의동 소사로 482 일원,경기,부천시 원미구,,,2028-03,2028-03,,293,293,,,,,통합공공임대,,,,,https://www.data.go.kr/data/15141761/fileData.do,공공데이터포털 파일데이터. 준공예정일을 입주예정 proxy로 사용.,2026-05-12 17:21:55,15141761.csv,csv,public_allowed,ok,준공예정일을 입주예정 proxy로 사용
lh_public_completion,한국토지주택공사_공공주택 준공예정현황,15141761:139,c5e269c2f97457f5,안산신길2 A-6,경기도 안산시 단원구 신길동 191-1 일원,경기,안산시 단원구,,,2029-02,2029-02,,252,252,,,,,공공분양,,,,,https://www.data.go.kr/data/15141761/fileData.do,공공데이터포털 파일데이터. 준공예정일을 입주예정 proxy로 사용.,2026-05-12 17:21:55,15141761.csv,csv,public_allowed,ok,준공예정일을 입주예정 proxy로 사용
lh_public_completion,한국토지주택공사_공공주택 준공예정현황,15141761:140,2db0677219a4d80d,안산신길2 A-6,경기도 안산시 단원구 신길동 191-1 일원,경기,안산시 단원구,,,2029-02,2029-02,,126,126,,,,,행복주택,,,,,https://www.data.go.kr/data/15141761/fileData.do,공공데이터포털 파일데이터. 준공예정일을 입주예정 proxy로 사용.,2026-05-12 17:21:55,15141761.csv,csv,public_allowed,ok,준공예정일을 입주예정 proxy로 사용
lh_public_completion,한국토지주택공사_공공주택 준공예정현황,15141761:141,b3e897d2e1229d06,안산신길2 B-1,경기도 안산시 단원구 신길동 191-1 일원,경기,안산시 단원구,,,2029-02,2029-02,,387,387,,,,,공공분양,,,,,https://www.data.go.kr/data/15141761/fileData.do,공공데이터포털 파일데이터. 준공예정일을 입주예정 proxy로 사용.,2026-05-12 17:21:55,15141761.csv,csv,public_allowed,ok,준공예정일을 입주예정 proxy로 사용
lh_public_completion,한국토지주택공사_공공주택 준공예정현황,15141761:142,4c13859b386710c9,안산신길2 A-13,경기도 안산시 단원구 신길동 191-1 일원,경기,안산시 단원구,,,2027-12,2027-12,,335,335,,,,,공공분양,,,,,https://www.data.go.kr/data/15141761/fileData.do,공공데이터포털 파일데이터. 준공예정일을 입주예정 proxy로 사용.,2026-05-12 17:21:55,15141761.csv,csv,public_allowed,ok,준공예정일을 입주예정 proxy로 사용
lh_public_completion,한국토지주택공사_공공주택 준공예정현황,15141761:143,6e23ec66f9056acd,안산신길2 A-13,경기도 안산시 단원구 신길동 191-1 일원,경기,안산시 단원구,,,2027-12,2027-12,,168,168,,,,,행복주택,,,,,https://www.data.go.kr/data/15141761/fileData.do,공공데이터포털 파일데이터. 준공예정일을 입주예정 proxy로 사용.,2026-05-12 17:21:55,15141761.csv,csv,public_allowed,ok,준공예정일을 입주예정 proxy로 사용
lh_public_completion,한국토지주택공사_공공주택 준공예정현황,15141761:144,a4e333d7a2a35679,안산신길2 A-24,경기도 안산시 단원구 신길동 191-1 일원,경기,안산시 단원구,,,2027-12,2027-12,,474,474,,,,,공공분양,,,,,https://www.data.go.kr/data/15141761/fileData.do,공공데이터포털 파일데이터. 준공예정일을 입주예정 proxy로 사용.,2026-05-12 17:21:55,15141761.csv,csv,public_allowed,ok,준공예정일을 입주예정 proxy로 사용
lh_public_completion,한국토지주택공사_공공주택 준공예정현황,15141761:145,4dc62daed47c7022,구리갈매역세권 A-2,경기도 구리시 갈매동,경기,구리시,,,2029-01,2029-01,,362,362,,,,,통합공공임대,,,,,https://www.data.go.kr/data/15141761/fileData.do,공공데이터포털 파일데이터. 준공예정일을 입주예정 proxy로 사용.,2026-05-12 17:21:55,15141761.csv,csv,public_allowed,ok,준공예정일을 입주예정 proxy로 사용
lh_public_completion,한국토지주택공사_공공주택 준공예정현황,15141761:146,1faac9513f734b6c,구리갈매역세권 A-3,경기도 구리시 갈매동,경기,구리시,,,2028-09,2028-09,,287,287,,,,,공공임대(6년),,,,,https://www.data.go.kr/data/15141761/fileData.do,공공데이터포털 파일데이터. 준공예정일을 입주예정 proxy로 사용.,2026-05-12 17:21:55,15141761.csv,csv,public_allowed,ok,준공예정일을 입주예정 proxy로 사용
lh_public_completion,한국토지주택공사_공공주택 준공예정현황,15141761:147,720d5859940eeeea,구리갈매역세권 A-5,경기도 구리시 갈매동,경기,구리시,,,2028-12,2028-12,,566,566,,,,,행복주택,,,,,https://www.data.go.kr/data/15141761/fileData.do,공공데이터포털 파일데이터. 준공예정일을 입주예정 proxy로 사용.,2026-05-12 17:21:55,15141761.csv,csv,public_allowed,ok,준공예정일을 입주예정 proxy로 사용
lh_public_completion,한국토지주택공사_공공주택 준공예정현황,15141761:148,3abc456c974ce8ae,구리갈매역세권 A-4,경기도 구리시 갈매동,경기,구리시,,,2028-08,2028-08,,251,251,,,,,공공분양,,,,,https://www.data.go.kr/data/15141761/fileData.do,공공데이터포털 파일데이터. 준공예정일을 입주예정 proxy로 사용.,2026-05-12 17:21:55,15141761.csv,csv,public_allowed,ok,준공예정일을 입주예정 proxy로 사용
lh_public_completion,한국토지주택공사_공공주택 준공예정현황,15141761:149,db9a3f3850315330,구리갈매역세권 A-4,경기도 구리시 갈매동,경기,구리시,,,2028-08,2028-08,,310,310,,,,,공공임대(6년),,,,,https://www.data.go.kr/data/15141761/fileData.do,공공데이터포털 파일데이터. 준공예정일을 입주예정 proxy로 사용.,2026-05-12 17:21:55,15141761.csv,csv,public_allowed,ok,준공예정일을 입주예정 proxy로 사용
lh_public_completion,한국토지주택공사_공공주택 준공예정현황,15141761:150,c11e08a307d9df30,구리갈매역세권 A-1,경기도 구리시 갈매동,경기,구리시,,,2027-10,2027-10,,1182,1182,,,,,공공분양,,,,,https://www.data.go.kr/data/15141761/fileData.do,공공데이터포털 파일데이터. 준공예정일을 입주예정 proxy로 사용.,2026-05-12 17:21:55,15141761.csv,csv,public_allowed,ok,준공예정일을 입주예정 proxy로 사용
lh_public_completion,한국토지주택공사_공공주택 준공예정현황,15141761:151,0ad010afa4e2ca9b,구리갈매역세권 A-1,경기도 구리시 갈매동,경기,구리시,,,2027-10,2027-10,,609,609,,,,,행복주택,,,,,https://www.data.go.kr/data/15141761/fileData.do,공공데이터포털 파일데이터. 준공예정일을 입주예정 proxy로 사용.,2026-05-12 17:21:55,15141761.csv,csv,public_allowed,ok,준공예정일을 입주예정 proxy로 사용
lh_public_completion,한국토지주택공사_공공주택 준공예정현황,15141761:152,d194e76c58321cea,의왕월암 A1,경기도 의왕시 월암동 일원,경기,의왕시,,,2027-11,2027-11,,446,446,,,,,공공분양,,,,,https://www.data.go.kr/data/15141761/fileData.do,공공데이터포털 파일데이터. 준공예정일을 입주예정 proxy로 사용.,2026-05-12 17:21:55,15141761.csv,csv,public_allowed,ok,준공예정일을 입주예정 proxy로 사용
lh_public_completion,한국토지주택공사_공공주택 준공예정현황,15141761:153,71087d489568c914,의왕월암 A1,경기도 의왕시 월암동 일원,경기,의왕시,,,2027-11,2027-11,,228,228,,,,,행복주택,,,,,https://www.data.go.kr/data/15141761/fileData.do,공공데이터포털 파일데이터. 준공예정일을 입주예정 proxy로 사용.,2026-05-12 17:21:55,15141761.csv,csv,public_allowed,ok,준공예정일을 입주예정 proxy로 사용
lh_public_completion,한국토지주택공사_공공주택 준공예정현황,15141761:154,368ad7c3f04309c7,의왕월암 A3,경기도 의왕시 월암동 일원,경기,의왕시,,,2028-04,2028-04,,424,424,,,,,공공분양,,,,,https://www.data.go.kr/data/15141761/fileData.do,공공데이터포털 파일데이터. 준공예정일을 입주예정 proxy로 사용.,2026-05-12 17:21:55,15141761.csv,csv,public_allowed,ok,준공예정일을 입주예정 proxy로 사용
lh_public_completion,한국토지주택공사_공공주택 준공예정현황,15141761:155,f48aa740c5de3413,의왕월암 A3,경기도 의왕시 월암동 일원,경기,의왕시,,,2028-04,2028-04,,218,218,,,,,행복주택,,,,,https://www.data.go.kr/data/15141761/fileData.do,공공데이터포털 파일데이터. 준공예정일을 입주예정 proxy로 사용.,2026-05-12 17:21:55,15141761.csv,csv,public_allowed,ok,준공예정일을 입주예정 proxy로 사용
lh_public_completion,한국토지주택공사_공공주택 준공예정현황,15141761:156,71611aa014630483,성남금토 A4,경기도 성남시 수정구 금토동 일원 성남금토지구,경기,성남시 수정구,,,2027-06,2027-06,,766,766,,,,,공공분양,,,,,https://www.data.go.kr/data/15141761/fileData.do,공공데이터포털 파일데이터. 준공예정일을 입주예정 proxy로 사용.,2026-05-12 17:21:55,15141761.csv,csv,public_allowed,ok,준공예정일을 입주예정 proxy로 사용
lh_public_completion,한국토지주택공사_공공주택 준공예정현황,15141761:157,825197ae1d069e23,성남금토 A4,경기도 성남시 수정구 금토동 일원 성남금토지구,경기,성남시 수정구,,,2027-06,2027-06,,384,384,,,,,행복주택,,,,,https://www.data.go.kr/data/15141761/fileData.do,공공데이터포털 파일데이터. 준공예정일을 입주예정 proxy로 사용.,2026-05-12 17:21:55,15141761.csv,csv,public_allowed,ok,준공예정일을 입주예정 proxy로 사용
lh_public_completion,한국토지주택공사_공공주택 준공예정현황,15141761:158,f6874c695f9f553b,성남금토 A2,경기도 성남시 수정구 금토동 일원,경기,성남시 수정구,,,2026-12,2026-12,,438,438,,,,,국민임대,,,,,https://www.data.go.kr/data/15141761/fileData.do,공공데이터포털 파일데이터. 준공예정일을 입주예정 proxy로 사용.,2026-05-12 17:21:55,15141761.csv,csv,public_allowed,ok,준공예정일을 입주예정 proxy로 사용
lh_public_completion,한국토지주택공사_공공주택 준공예정현황,15141761:159,afc9c7a6a8408ac3,성남금토 A2,경기도 성남시 수정구 금토동 일원,경기,성남시 수정구,,,2026-12,2026-12,,195,195,,,,,영구임대,,,,,https://www.data.go.kr/data/15141761/fileData.do,공공데이터포털 파일데이터. 준공예정일을 입주예정 proxy로 사용.,2026-05-12 17:21:55,15141761.csv,csv,public_allowed,ok,준공예정일을 입주예정 proxy로 사용
lh_public_completion,한국토지주택공사_공공주택 준공예정현황,15141761:160,966b29dd51ba3318,부천원종(공공주택) A1,경기도 부천시 오정구 원종동,경기,부천시 오정구,,,2026-04,2026-04,,422,422,,,,,행복주택,,,,,https://www.data.go.kr/data/15141761/fileData.do,공공데이터포털 파일데이터. 준공예정일을 입주예정 proxy로 사용.,2026-05-12 17:21:55,15141761.csv,csv,public_allowed,ok,준공예정일을 입주예정 proxy로 사용
lh_public_completion,한국토지주택공사_공공주택 준공예정현황,15141761:161,9e8bd219cdcb6eb5,부천원종(공공주택) A2,경기도 부천시 오정구 원종동,경기,부천시 오정구,,,2026-06,2026-06,,472,472,,,,,행복주택,,,,,https://www.data.go.kr/data/15141761/fileData.do,공공데이터포털 파일데이터. 준공예정일을 입주예정 proxy로 사용.,2026-05-12 17:21:55,15141761.csv,csv,public_allowed,ok,준공예정일을 입주예정 proxy로 사용
lh_public_completion,한국토지주택공사_공공주택 준공예정현황,15141761:162,0d99c1af4c7991f4,부천괴안(공공주택) A1,경기도 부천시 소사구 괴안동,경기,부천시 소사구,,,2027-12,2027-12,,499,499,,,,,행복주택,,,,,https://www.data.go.kr/data/15141761/fileData.do,공공데이터포털 파일데이터. 준공예정일을 입주예정 proxy로 사용.,2026-05-12 17:21:55,15141761.csv,csv,public_allowed,ok,준공예정일을 입주예정 proxy로 사용
lh_public_completion,한국토지주택공사_공공주택 준공예정현황,15141761:163,226f0ca8d83cb6a6,화성어천(공공주택) A4,경기도 화성시 매송면 숙곡리 어천리 일원,경기,화성시,,,2028-08,2028-08,,623,623,,,,,통합공공임대,,,,,https://www.data.go.kr/data/15141761/fileData.do,공공데이터포털 파일데이터. 준공예정일을 입주예정 proxy로 사용.,2026-05-12 17:21:55,15141761.csv,csv,public_allowed,ok,준공예정일을 입주예정 proxy로 사용
lh_public_completion,한국토지주택공사_공공주택 준공예정현황,15141761:164,379396ebfc24983e,울산태화강변 A2,울산광역시 울주군 범서읍 일원,울산,울주군,,,2027-07,2027-07,,277,277,,,,,공공분양,,,,,https://www.data.go.kr/data/15141761/fileData.do,공공데이터포털 파일데이터. 준공예정일을 입주예정 proxy로 사용.,2026-05-12 17:21:55,15141761.csv,csv,public_allowed,ok,준공예정일을 입주예정 proxy로 사용
lh_public_completion,한국토지주택공사_공공주택 준공예정현황,15141761:165,59fc09bdade9dc20,울산태화강변 A2,울산광역시 울주군 범서읍 일원,울산,울주군,,,2027-07,2027-07,,158,158,,,,,공공임대(6년),,,,,https://www.data.go.kr/data/15141761/fileData.do,공공데이터포털 파일데이터. 준공예정일을 입주예정 proxy로 사용.,2026-05-12 17:21:55,15141761.csv,csv,public_allowed,ok,준공예정일을 입주예정 proxy로 사용
lh_public_completion,한국토지주택공사_공공주택 준공예정현황,15141761:166,0820fbbd877a2317,울산태화강변 A1,울산광역시 울주군 범서읍 일원,울산,울주군,,,2027-12,2027-12,,58,58,,,,,영구임대,,,,,https://www.data.go.kr/data/15141761/fileData.do,공공데이터포털 파일데이터. 준공예정일을 입주예정 proxy로 사용.,2026-05-12 17:21:55,15141761.csv,csv,public_allowed,ok,준공예정일을 입주예정 proxy로 사용
lh_public_completion,한국토지주택공사_공공주택 준공예정현황,15141761:167,cb1d943b35e286e7,울산태화강변 A1,울산광역시 울주군 범서읍 일원,울산,울주군,,,2027-12,2027-12,,266,266,,,,,행복주택,,,,,https://www.data.go.kr/data/15141761/fileData.do,공공데이터포털 파일데이터. 준공예정일을 입주예정 proxy로 사용.,2026-05-12 17:21:55,15141761.csv,csv,public_allowed,ok,준공예정일을 입주예정 proxy로 사용
lh_public_completion,한국토지주택공사_공공주택 준공예정현황,15141761:168,6223dfc2fbc32762,김포고촌2 A1,경기도 김포시 고촌읍 447-13번지 일원,경기,김포시,,,2027-07,2027-07,,262,262,,,,,공공분양,,,,,https://www.data.go.kr/data/15141761/fileData.do,공공데이터포털 파일데이터. 준공예정일을 입주예정 proxy로 사용.,2026-05-12 17:21:55,15141761.csv,csv,public_allowed,ok,준공예정일을 입주예정 proxy로 사용
lh_public_completion,한국토지주택공사_공공주택 준공예정현황,15141761:169,9f7cb4f1d93c8b02,김포고촌2 A1,경기도 김포시 고촌읍 447-13번지 일원,경기,김포시,,,2027-07,2027-07,,88,88,,,,,통합공공임대,,,,,https://www.data.go.kr/data/15141761/fileData.do,공공데이터포털 파일데이터. 준공예정일을 입주예정 proxy로 사용.,2026-05-12 17:21:55,15141761.csv,csv,public_allowed,ok,준공예정일을 입주예정 proxy로 사용
lh_public_completion,한국토지주택공사_공공주택 준공예정현황,15141761:170,1d10747aa6c2369f,인천가정2 A2,인천광역시 서구 가정동 58-2번지 일원,인천,서구,,,2026-12,2026-12,,534,534,,,,,공공분양,,,,,https://www.data.go.kr/data/15141761/fileData.do,공공데이터포털 파일데이터. 준공예정일을 입주예정 proxy로 사용.,2026-05-12 17:21:55,15141761.csv,csv,public_allowed,ok,준공예정일을 입주예정 proxy로 사용
lh_public_completion,한국토지주택공사_공공주택 준공예정현황,15141761:171,3fac487b6eb80c6d,인천가정2 A2,인천광역시 서구 가정동 58-2번지 일원,인천,서구,,,2026-12,2026-12,,267,267,,,,,행복주택,,,,,https://www.data.go.kr/data/15141761/fileData.do,공공데이터포털 파일데이터. 준공예정일을 입주예정 proxy로 사용.,2026-05-12 17:21:55,15141761.csv,csv,public_allowed,ok,준공예정일을 입주예정 proxy로 사용
lh_public_completion,한국토지주택공사_공공주택 준공예정현황,15141761:172,8dc683b65532c744,인천가정2 B2,인천광역시 서구 가정동 58-2번지 일원,인천,서구,,,2028-03,2028-03,,308,308,,,,,공공분양,,,,,https://www.data.go.kr/data/15141761/fileData.do,공공데이터포털 파일데이터. 준공예정일을 입주예정 proxy로 사용.,2026-05-12 17:21:55,15141761.csv,csv,public_allowed,ok,준공예정일을 입주예정 proxy로 사용
lh_public_completion,한국토지주택공사_공공주택 준공예정현황,15141761:173,2669a83fa7b18691,부여동남(마을정비형) 1,충청남도 부여군 부여읍 52 일원,충남,부여군,,,2027-12,2027-12,,100,100,,,,,국민임대,,,,,https://www.data.go.kr/data/15141761/fileData.do,공공데이터포털 파일데이터. 준공예정일을 입주예정 proxy로 사용.,2026-05-12 17:21:55,15141761.csv,csv,public_allowed,ok,준공예정일을 입주예정 proxy로 사용
lh_public_completion,한국토지주택공사_공공주택 준공예정현황,15141761:174,2ff3cf12fd3e69c1,부여동남(마을정비형) 1,충청남도 부여군 부여읍 52 일원,충남,부여군,,,2027-12,2027-12,,50,50,,,,,행복주택,,,,,https://www.data.go.kr/data/15141761/fileData.do,공공데이터포털 파일데이터. 준공예정일을 입주예정 proxy로 사용.,2026-05-12 17:21:55,15141761.csv,csv,public_allowed,ok,준공예정일을 입주예정 proxy로 사용
lh_public_completion,한국토지주택공사_공공주택 준공예정현황,15141761:175,97c79576e9e71c5d,의정부우정 A3,경기도 의정부시 녹양동,경기,의정부시,,,2028-12,2028-12,,640,640,,,,,공공임대(10년),,,,,https://www.data.go.kr/data/15141761/fileData.do,공공데이터포털 파일데이터. 준공예정일을 입주예정 proxy로 사용.,2026-05-12 17:21:55,15141761.csv,csv,public_allowed,ok,준공예정일을 입주예정 proxy로 사용
lh_public_completion,한국토지주택공사_공공주택 준공예정현황,15141761:176,fcd15710946bbde8,의정부우정 A1,경기도 의정부시 녹양동,경기,의정부시,,,2027-11,2027-11,,538,538,,,,,공공분양,,,,,https://www.data.go.kr/data/15141761/fileData.do,공공데이터포털 파일데이터. 준공예정일을 입주예정 proxy로 사용.,2026-05-12 17:21:55,15141761.csv,csv,public_allowed,ok,준공예정일을 입주예정 proxy로 사용
lh_public_completion,한국토지주택공사_공공주택 준공예정현황,15141761:177,18ae095d7e2c942a,의정부우정 A2,경기도 의정부시 녹양동,경기,의정부시,,,2028-12,2028-12,,463,463,,,,,공공분양,,,,,https://www.data.go.kr/data/15141761/fileData.do,공공데이터포털 파일데이터. 준공예정일을 입주예정 proxy로 사용.,2026-05-12 17:21:55,15141761.csv,csv,public_allowed,ok,준공예정일을 입주예정 proxy로 사용
lh_public_completion,한국토지주택공사_공공주택 준공예정현황,15141761:178,16e566ce0d10257e,옹진대청 1,인천광역시 옹진군 대청면 1094-1번지 일원,인천,옹진군,,,2027-12,2027-12,,42,42,,,,,국민임대,,,,,https://www.data.go.kr/data/15141761/fileData.do,공공데이터포털 파일데이터. 준공예정일을 입주예정 proxy로 사용.,2026-05-12 17:21:55,15141761.csv,csv,public_allowed,ok,준공예정일을 입주예정 proxy로 사용
lh_public_completion,한국토지주택공사_공공주택 준공예정현황,15141761:179,d43132cecbf39b07,옹진대청 1,인천광역시 옹진군 대청면 1094-1번지 일원,인천,옹진군,,,2027-12,2027-12,,8,8,,,,,영구임대,,,,,https://www.data.go.kr/data/15141761/fileData.do,공공데이터포털 파일데이터. 준공예정일을 입주예정 proxy로 사용.,2026-05-12 17:21:55,15141761.csv,csv,public_allowed,ok,준공예정일을 입주예정 proxy로 사용
lh_public_completion,한국토지주택공사_공공주택 준공예정현황,15141761:180,8cb6b5114511e47d,성남신촌 A1,경기도 성남시 수정구 신촌동,경기,성남시 수정구,,,2026-06,2026-06,,227,227,,,,,통합공공임대,,,,,https://www.data.go.kr/data/15141761/fileData.do,공공데이터포털 파일데이터. 준공예정일을 입주예정 proxy로 사용.,2026-05-12 17:21:55,15141761.csv,csv,public_allowed,ok,준공예정일을 입주예정 proxy로 사용
lh_public_completion,한국토지주택공사_공공주택 준공예정현황,15141761:181,5261d1fca2184be3,성남신촌 A2,경기도 성남시 수정구 신촌동,경기,성남시 수정구,,,2026-05,2026-05,,320,320,,,,,공공분양,,,,,https://www.data.go.kr/data/15141761/fileData.do,공공데이터포털 파일데이터. 준공예정일을 입주예정 proxy로 사용.,2026-05-12 17:21:55,15141761.csv,csv,public_allowed,ok,준공예정일을 입주예정 proxy로 사용
lh_public_completion,한국토지주택공사_공공주택 준공예정현황,15141761:182,86a622d9dc29deb2,안산장상 A-1,경기도 안산시 상록구 장상동 장하동 일원,경기,안산시 상록구,,,2027-12,2027-12,,299,299,,,,,공공분양,,,,,https://www.data.go.kr/data/15141761/fileData.do,공공데이터포털 파일데이터. 준공예정일을 입주예정 proxy로 사용.,2026-05-12 17:21:55,15141761.csv,csv,public_allowed,ok,준공예정일을 입주예정 proxy로 사용
lh_public_completion,한국토지주택공사_공공주택 준공예정현황,15141761:183,284c1551e3188067,안산장상 A-1,경기도 안산시 상록구 장상동 장하동 일원,경기,안산시 상록구,,,2027-12,2027-12,,150,150,,,,,행복주택,,,,,https://www.data.go.kr/data/15141761/fileData.do,공공데이터포털 파일데이터. 준공예정일을 입주예정 proxy로 사용.,2026-05-12 17:21:55,15141761.csv,csv,public_allowed,ok,준공예정일을 입주예정 proxy로 사용
lh_public_completion,한국토지주택공사_공공주택 준공예정현황,15141761:184,04e6b14270de11d9,안산장상 A-9,경기도 안산시 상록구 장상동 장하동 일원,경기,안산시 상록구,,,2027-12,2027-12,,673,673,,,,,공공분양,,,,,https://www.data.go.kr/data/15141761/fileData.do,공공데이터포털 파일데이터. 준공예정일을 입주예정 proxy로 사용.,2026-05-12 17:21:55,15141761.csv,csv,public_allowed,ok,준공예정일을 입주예정 proxy로 사용
lh_public_completion,한국토지주택공사_공공주택 준공예정현황,15141761:185,0fda4aa57f3ef4d0,시흥거모(공공주택) A5,경기도 시흥시 거모동 1335번지 일원,경기,시흥시,,,2029-02,2029-02,,290,290,,,,,공공분양,,,,,https://www.data.go.kr/data/15141761/fileData.do,공공데이터포털 파일데이터. 준공예정일을 입주예정 proxy로 사용.,2026-05-12 17:21:55,15141761.csv,csv,public_allowed,ok,준공예정일을 입주예정 proxy로 사용
lh_public_completion,한국토지주택공사_공공주택 준공예정현황,15141761:186,2df9de7b177b64fd,시흥거모(공공주택) A5,경기도 시흥시 거모동 1335번지 일원,경기,시흥시,,,2029-02,2029-02,,145,145,,,,,행복주택,,,,,https://www.data.go.kr/data/15141761/fileData.do,공공데이터포털 파일데이터. 준공예정일을 입주예정 proxy로 사용.,2026-05-12 17:21:55,15141761.csv,csv,public_allowed,ok,준공예정일을 입주예정 proxy로 사용
lh_public_completion,한국토지주택공사_공공주택 준공예정현황,15141761:187,291446aaf12a7d5f,시흥거모(공공주택) A10,경기도 시흥시 거모동 1335번지 일원,경기,시흥시,,,2029-04,2029-04,,301,301,,,,,공공분양,,,,,https://www.data.go.kr/data/15141761/fileData.do,공공데이터포털 파일데이터. 준공예정일을 입주예정 proxy로 사용.,2026-05-12 17:21:55,15141761.csv,csv,public_allowed,ok,준공예정일을 입주예정 proxy로 사용
lh_public_completion,한국토지주택공사_공공주택 준공예정현황,15141761:188,97ef0466291a77d1,시흥거모(공공주택) S-1,경기도 시흥시 거모동 1335번지 일원,경기,시흥시,,,2028-11,2028-11,,300,300,,,,,공공분양,,,,,https://www.data.go.kr/data/15141761/fileData.do,공공데이터포털 파일데이터. 준공예정일을 입주예정 proxy로 사용.,2026-05-12 17:21:55,15141761.csv,csv,public_allowed,ok,준공예정일을 입주예정 proxy로 사용
lh_public_completion,한국토지주택공사_공공주택 준공예정현황,15141761:189,e35ae676cea1a816,시흥거모(공공주택) A3,경기도 시흥시 거모동 1335번지 일원,경기,시흥시,,,2027-06,2027-06,,813,813,,,,,통합공공임대,,,,,https://www.data.go.kr/data/15141761/fileData.do,공공데이터포털 파일데이터. 준공예정일을 입주예정 proxy로 사용.,2026-05-12 17:21:55,15141761.csv,csv,public_allowed,ok,준공예정일을 입주예정 proxy로 사용
lh_public_completion,한국토지주택공사_공공주택 준공예정현황,15141761:190,e39055888f46bde0,시흥거모(공공주택) A7,경기도 시흥시 거모동 1335번지 일원,경기,시흥시,,,2027-06,2027-06,,565,565,,,,,공공임대(6년),,,,,https://www.data.go.kr/data/15141761/fileData.do,공공데이터포털 파일데이터. 준공예정일을 입주예정 proxy로 사용.,2026-05-12 17:21:55,15141761.csv,csv,public_allowed,ok,준공예정일을 입주예정 proxy로 사용
lh_public_completion,한국토지주택공사_공공주택 준공예정현황,15141761:191,04edeb18f90d8c76,의왕청계2 A1,경기도 의왕시 청계동 일원 A1블록 사전청약 설계확정,경기,의왕시,,,2027-02,2027-02,,320,320,,,,,공공분양,,,,,https://www.data.go.kr/data/15141761/fileData.do,공공데이터포털 파일데이터. 준공예정일을 입주예정 proxy로 사용.,2026-05-12 17:21:55,15141761.csv,csv,public_allowed,ok,준공예정일을 입주예정 proxy로 사용
lh_public_completion,한국토지주택공사_공공주택 준공예정현황,15141761:192,e6f242e6246504f8,의왕청계2 A1,경기도 의왕시 청계동 일원 A1블록 사전청약 설계확정,경기,의왕시,,,2027-02,2027-02,,160,160,,,,,행복주택,,,,,https://www.data.go.kr/data/15141761/fileData.do,공공데이터포털 파일데이터. 준공예정일을 입주예정 proxy로 사용.,2026-05-12 17:21:55,15141761.csv,csv,public_allowed,ok,준공예정일을 입주예정 proxy로 사용
lh_public_completion,한국토지주택공사_공공주택 준공예정현황,15141761:193,e162df64aba18f56,의왕청계2 A-4,경기도 의왕시 청계동 일원,경기,의왕시,,,2027-03,2027-03,,400,400,,,,,통합공공임대,,,,,https://www.data.go.kr/data/15141761/fileData.do,공공데이터포털 파일데이터. 준공예정일을 입주예정 proxy로 사용.,2026-05-12 17:21:55,15141761.csv,csv,public_allowed,ok,준공예정일을 입주예정 proxy로 사용
lh_public_completion,한국토지주택공사_공공주택 준공예정현황,15141761:194,95e447d6e387d874,인천계양(공공주택) A2,인천광역시 계양구 동양동 172번지 일원,인천,계양구,,,2026-10,2026-10,,747,747,,,,,공공분양,,,,,https://www.data.go.kr/data/15141761/fileData.do,공공데이터포털 파일데이터. 준공예정일을 입주예정 proxy로 사용.,2026-05-12 17:21:55,15141761.csv,csv,public_allowed,ok,준공예정일을 입주예정 proxy로 사용
lh_public_completion,한국토지주택공사_공공주택 준공예정현황,15141761:195,24fcf36a147b3ac5,인천계양(공공주택) A3,인천광역시 계양구 동양동 172번지 일원,인천,계양구,,,2026-10,2026-10,,359,359,,,,,공공분양,,,,,https://www.data.go.kr/data/15141761/fileData.do,공공데이터포털 파일데이터. 준공예정일을 입주예정 proxy로 사용.,2026-05-12 17:21:55,15141761.csv,csv,public_allowed,ok,준공예정일을 입주예정 proxy로 사용
lh_public_completion,한국토지주택공사_공공주택 준공예정현황,15141761:196,ff16b2c6e3c4db8b,인천계양(공공주택) A3,인천광역시 계양구 동양동 172번지 일원,인천,계양구,,,2026-10,2026-10,,179,179,,,,,행복주택,,,,,https://www.data.go.kr/data/15141761/fileData.do,공공데이터포털 파일데이터. 준공예정일을 입주예정 proxy로 사용.,2026-05-12 17:21:55,15141761.csv,csv,public_allowed,ok,준공예정일을 입주예정 proxy로 사용
lh_public_completion,한국토지주택공사_공공주택 준공예정현황,15141761:197,e22f25dc4ed665a7,인천계양(공공주택) A6,인천광역시 계양구 동양동 172번지 일원,인천,계양구,,,2028-12,2028-12,,663,663,,,,,공공분양,,,,,https://www.data.go.kr/data/15141761/fileData.do,공공데이터포털 파일데이터. 준공예정일을 입주예정 proxy로 사용.,2026-05-12 17:21:55,15141761.csv,csv,public_allowed,ok,준공예정일을 입주예정 proxy로 사용
lh_public_completion,한국토지주택공사_공공주택 준공예정현황,15141761:198,52a2be6ddbb117d8,인천계양(공공주택) A9,인천광역시 계양구 동양동 172번지 일원,인천,계양구,,,2028-12,2028-12,,317,317,,,,,공공분양,,,,,https://www.data.go.kr/data/15141761/fileData.do,공공데이터포털 파일데이터. 준공예정일을 입주예정 proxy로 사용.,2026-05-12 17:21:55,15141761.csv,csv,public_allowed,ok,준공예정일을 입주예정 proxy로 사용
lh_public_completion,한국토지주택공사_공공주택 준공예정현황,15141761:199,cf6b346438d29c88,인천계양(공공주택) A9,인천광역시 계양구 동양동 172번지 일원,인천,계양구,,,2028-12,2028-12,,158,158,,,,,행복주택,,,,,https://www.data.go.kr/data/15141761/fileData.do,공공데이터포털 파일데이터. 준공예정일을 입주예정 proxy로 사용.,2026-05-12 17:21:55,15141761.csv,csv,public_allowed,ok,준공예정일을 입주예정 proxy로 사용
lh_public_completion,한국토지주택공사_공공주택 준공예정현황,15141761:200,529488a844fb4dff,인천계양(공공주택) A10,인천광역시 계양구 동양동 172번지 일원,인천,계양구,,,2028-09,2028-09,,778,778,,,,,통합공공임대,,,,,https://www.data.go.kr/data/15141761/fileData.do,공공데이터포털 파일데이터. 준공예정일을 입주예정 proxy로 사용.,2026-05-12 17:21:55,15141761.csv,csv,public_allowed,ok,준공예정일을 입주예정 proxy로 사용
lh_public_completion,한국토지주택공사_공공주택 준공예정현황,15141761:201,88569da8c93d7849,서울목동(가로주택) 01,서울특별시 양천구 목동 일원 목동 557,서울,양천구,,,2027-04,2027-04,,18,18,,,,,통합공공임대,,,,,https://www.data.go.kr/data/15141761/fileData.do,공공데이터포털 파일데이터. 준공예정일을 입주예정 proxy로 사용.,2026-05-12 17:21:55,15141761.csv,csv,public_allowed,ok,준공예정일을 입주예정 proxy로 사용
lh_public_completion,한국토지주택공사_공공주택 준공예정현황,15141761:202,0b15844acb5a3eca,고양창릉 S-06,경기도 고양시 덕양구 용두동 827번지 일원,경기,고양시 덕양구,,,2028-05,2028-05,,430,430,,,,,공공분양,,,,,https://www.data.go.kr/data/15141761/fileData.do,공공데이터포털 파일데이터. 준공예정일을 입주예정 proxy로 사용.,2026-05-12 17:21:55,15141761.csv,csv,public_allowed,ok,준공예정일을 입주예정 proxy로 사용
lh_public_completion,한국토지주택공사_공공주택 준공예정현황,15141761:203,d554621732387240,고양창릉 S-05,경기도 고양시 덕양구 용두동 827번지 일원,경기,고양시 덕양구,,,2028-05,2028-05,,759,759,,,,,공공분양,,,,,https://www.data.go.kr/data/15141761/fileData.do,공공데이터포털 파일데이터. 준공예정일을 입주예정 proxy로 사용.,2026-05-12 17:21:55,15141761.csv,csv,public_allowed,ok,준공예정일을 입주예정 proxy로 사용
lh_public_completion,한국토지주택공사_공공주택 준공예정현황,15141761:204,ff43f5bbc61450fb,고양창릉 A-04,경기도 고양시 덕양구 용두동 827번지 일원,경기,고양시 덕양구,,,2028-05,2028-05,,603,603,,,,,공공분양,,,,,https://www.data.go.kr/data/15141761/fileData.do,공공데이터포털 파일데이터. 준공예정일을 입주예정 proxy로 사용.,2026-05-12 17:21:55,15141761.csv,csv,public_allowed,ok,준공예정일을 입주예정 proxy로 사용
lh_public_completion,한국토지주택공사_공공주택 준공예정현황,15141761:205,6b96b6c2df659231,고양창릉 A-04,경기도 고양시 덕양구 용두동 827번지 일원,경기,고양시 덕양구,,,2028-05,2028-05,,297,297,,,,,행복주택,,,,,https://www.data.go.kr/data/15141761/fileData.do,공공데이터포털 파일데이터. 준공예정일을 입주예정 proxy로 사용.,2026-05-12 17:21:55,15141761.csv,csv,public_allowed,ok,준공예정일을 입주예정 proxy로 사용
lh_public_completion,한국토지주택공사_공공주택 준공예정현황,15141761:206,9e9e85443c482129,고양창릉 S-01,경기도 고양시 덕양구 용두동 827번지 일원,경기,고양시 덕양구,,,2029-02,2029-02,,494,494,,,,,공공분양,,,,,https://www.data.go.kr/data/15141761/fileData.do,공공데이터포털 파일데이터. 준공예정일을 입주예정 proxy로 사용.,2026-05-12 17:21:55,15141761.csv,csv,public_allowed,ok,준공예정일을 입주예정 proxy로 사용
lh_public_completion,한국토지주택공사_공공주택 준공예정현황,15141761:207,9f50061f8980eb77,고양창릉 S-02,경기도 고양시 덕양구 용두동 827번지 일원,경기,고양시 덕양구,,,2029-05,2029-05,,1057,1057,,,,,분양주택(이익공유형),,,,,https://www.data.go.kr/data/15141761/fileData.do,공공데이터포털 파일데이터. 준공예정일을 입주예정 proxy로 사용.,2026-05-12 17:21:55,15141761.csv,csv,public_allowed,ok,준공예정일을 입주예정 proxy로 사용
lh_public_completion,한국토지주택공사_공공주택 준공예정현황,15141761:208,487a6b0fe53c1186,성남복정1 C1,경기도 성남시 수정구 복정동 복정동 창곡동 일원,경기,성남시 수정구,,,2027-10,2027-10,,272,272,,,,,행복주택,,,,,https://www.data.go.kr/data/15141761/fileData.do,공공데이터포털 파일데이터. 준공예정일을 입주예정 proxy로 사용.,2026-05-12 17:21:55,15141761.csv,csv,public_allowed,ok,준공예정일을 입주예정 proxy로 사용
lh_public_completion,한국토지주택공사_공공주택 준공예정현황,15141761:209,62eaa7bade8d6608,성남복정2 A1,경기도 성남시 수정구 신흥동 신흥동 일원,경기,성남시 수정구,,,2030-02,2030-02,,594,594,,,,,공공분양,,,,,https://www.data.go.kr/data/15141761/fileData.do,공공데이터포털 파일데이터. 준공예정일을 입주예정 proxy로 사용.,2026-05-12 17:21:55,15141761.csv,csv,public_allowed,ok,준공예정일을 입주예정 proxy로 사용
lh_public_completion,한국토지주택공사_공공주택 준공예정현황,15141761:210,27bca9bb3c44ea98,성남복정2 A1,경기도 성남시 수정구 신흥동 신흥동 일원,경기,성남시 수정구,,,2030-02,2030-02,,298,298,,,,,행복주택,,,,,https://www.data.go.kr/data/15141761/fileData.do,공공데이터포털 파일데이터. 준공예정일을 입주예정 proxy로 사용.,2026-05-12 17:21:55,15141761.csv,csv,public_allowed,ok,준공예정일을 입주예정 proxy로 사용
lh_public_completion,한국토지주택공사_공공주택 준공예정현황,15141761:211,5e3a22b266b9a9ff,시흥하중 A4,경기도 시흥시 하중동 일원,경기,시흥시,,,2027-12,2027-12,,390,390,,,,,공공분양,,,,,https://www.data.go.kr/data/15141761/fileData.do,공공데이터포털 파일데이터. 준공예정일을 입주예정 proxy로 사용.,2026-05-12 17:21:55,15141761.csv,csv,public_allowed,ok,준공예정일을 입주예정 proxy로 사용
lh_public_completion,한국토지주택공사_공공주택 준공예정현황,15141761:212,8904410344f42fb2,시흥하중 A4,경기도 시흥시 하중동 일원,경기,시흥시,,,2027-12,2027-12,,194,194,,,,,행복주택,,,,,https://www.data.go.kr/data/15141761/fileData.do,공공데이터포털 파일데이터. 준공예정일을 입주예정 proxy로 사용.,2026-05-12 17:21:55,15141761.csv,csv,public_allowed,ok,준공예정일을 입주예정 proxy로 사용
lh_public_completion,한국토지주택공사_공공주택 준공예정현황,15141761:213,dad0b93316c6c1c5,시흥하중 A1,경기도 시흥시 하중동 일원,경기,시흥시,,,2028-03,2028-03,,400,400,,,,,공공분양,,,,,https://www.data.go.kr/data/15141761/fileData.do,공공데이터포털 파일데이터. 준공예정일을 입주예정 proxy로 사용.,2026-05-12 17:21:55,15141761.csv,csv,public_allowed,ok,준공예정일을 입주예정 proxy로 사용
lh_public_completion,한국토지주택공사_공공주택 준공예정현황,15141761:214,43c9b714b7ccf0f3,시흥하중 A1,경기도 시흥시 하중동 일원,경기,시흥시,,,2028-03,2028-03,,200,200,,,,,행복주택,,,,,https://www.data.go.kr/data/15141761/fileData.do,공공데이터포털 파일데이터. 준공예정일을 입주예정 proxy로 사용.,2026-05-12 17:21:55,15141761.csv,csv,public_allowed,ok,준공예정일을 입주예정 proxy로 사용
lh_public_completion,한국토지주택공사_공공주택 준공예정현황,15141761:215,c12540a8444fadb5,시흥하중 A2,경기도 시흥시 하중동 일원,경기,시흥시,,,2027-12,2027-12,,412,412,,,,,공공임대(6년),,,,,https://www.data.go.kr/data/15141761/fileData.do,공공데이터포털 파일데이터. 준공예정일을 입주예정 proxy로 사용.,2026-05-12 17:21:55,15141761.csv,csv,public_allowed,ok,준공예정일을 입주예정 proxy로 사용
lh_public_completion,한국토지주택공사_공공주택 준공예정현황,15141761:216,9766d617a6c1748d,시흥하중 A3,경기도 시흥시 하중동 일원 변경사업승인,경기,시흥시,,,2028-06,2028-06,,279,279,,,,,통합공공임대,,,,,https://www.data.go.kr/data/15141761/fileData.do,공공데이터포털 파일데이터. 준공예정일을 입주예정 proxy로 사용.,2026-05-12 17:21:55,15141761.csv,csv,public_allowed,ok,준공예정일을 입주예정 proxy로 사용
lh_public_completion,한국토지주택공사_공공주택 준공예정현황,15141761:217,2ac331d60952d80e,남양주왕숙 A-01,경기도 남양주시 진건읍 진건읍 일원,경기,남양주시,,,2028-03,2028-03,,629,629,,,,,공공분양,,,,,https://www.data.go.kr/data/15141761/fileData.do,공공데이터포털 파일데이터. 준공예정일을 입주예정 proxy로 사용.,2026-05-12 17:21:55,15141761.csv,csv,public_allowed,ok,준공예정일을 입주예정 proxy로 사용
lh_public_completion,한국토지주택공사_공공주택 준공예정현황,15141761:218,a7486e8ea4c32e36,남양주왕숙 A-02,경기도 남양주시 진건읍 진건읍 일원,경기,남양주시,,,2028-03,2028-03,,401,401,,,,,공공분양,,,,,https://www.data.go.kr/data/15141761/fileData.do,공공데이터포털 파일데이터. 준공예정일을 입주예정 proxy로 사용.,2026-05-12 17:21:55,15141761.csv,csv,public_allowed,ok,준공예정일을 입주예정 proxy로 사용
lh_public_completion,한국토지주택공사_공공주택 준공예정현황,15141761:219,1616b7f99598cd2f,남양주왕숙 A-02,경기도 남양주시 진건읍 진건읍 일원,경기,남양주시,,,2028-03,2028-03,,207,207,,,,,행복주택,,,,,https://www.data.go.kr/data/15141761/fileData.do,공공데이터포털 파일데이터. 준공예정일을 입주예정 proxy로 사용.,2026-05-12 17:21:55,15141761.csv,csv,public_allowed,ok,준공예정일을 입주예정 proxy로 사용
lh_public_completion,한국토지주택공사_공공주택 준공예정현황,15141761:220,d8af6fd7608c97dd,남양주왕숙 B-01,경기도 남양주시 진건읍 진건읍 일원,경기,남양주시,,,2028-03,2028-03,,560,560,,,,,공공분양,,,,,https://www.data.go.kr/data/15141761/fileData.do,공공데이터포털 파일데이터. 준공예정일을 입주예정 proxy로 사용.,2026-05-12 17:21:55,15141761.csv,csv,public_allowed,ok,준공예정일을 입주예정 proxy로 사용
lh_public_completion,한국토지주택공사_공공주택 준공예정현황,15141761:221,0d24f22f88033d6b,남양주왕숙 A-24,경기도 남양주시 진건읍 진건읍 일원,경기,남양주시,,,2028-12,2028-12,,390,390,,,,,공공분양,,,,,https://www.data.go.kr/data/15141761/fileData.do,공공데이터포털 파일데이터. 준공예정일을 입주예정 proxy로 사용.,2026-05-12 17:21:55,15141761.csv,csv,public_allowed,ok,준공예정일을 입주예정 proxy로 사용
lh_public_completion,한국토지주택공사_공공주택 준공예정현황,15141761:222,11d8f30e9e3cc587,남양주왕숙 A-24,경기도 남양주시 진건읍 진건읍 일원,경기,남양주시,,,2028-12,2028-12,,199,199,,,,,행복주택,,,,,https://www.data.go.kr/data/15141761/fileData.do,공공데이터포털 파일데이터. 준공예정일을 입주예정 proxy로 사용.,2026-05-12 17:21:55,15141761.csv,csv,public_allowed,ok,준공예정일을 입주예정 proxy로 사용
lh_public_completion,한국토지주택공사_공공주택 준공예정현황,15141761:223,b0ea0168282b0fda,남양주왕숙 B-17,경기도 남양주시 진건읍 진건읍 일원,경기,남양주시,,,2028-10,2028-10,,491,491,,,,,공공분양,,,,,https://www.data.go.kr/data/15141761/fileData.do,공공데이터포털 파일데이터. 준공예정일을 입주예정 proxy로 사용.,2026-05-12 17:21:55,15141761.csv,csv,public_allowed,ok,준공예정일을 입주예정 proxy로 사용
lh_public_completion,한국토지주택공사_공공주택 준공예정현황,15141761:224,f01c5ad4d760d6b6,남양주왕숙 A-06,경기도 남양주시 진건읍 진건읍 일원,경기,남양주시,,,2028-06,2028-06,,954,954,,,,,통합공공임대,,,,,https://www.data.go.kr/data/15141761/fileData.do,공공데이터포털 파일데이터. 준공예정일을 입주예정 proxy로 사용.,2026-05-12 17:21:55,15141761.csv,csv,public_allowed,ok,준공예정일을 입주예정 proxy로 사용
lh_public_completion,한국토지주택공사_공공주택 준공예정현황,15141761:225,032b3e977feeb699,남양주왕숙 A-20,경기도 남양주시 진건읍 진건읍 일원,경기,남양주시,,,2026-12,2026-12,,634,634,,,,,공공분양,,,,,https://www.data.go.kr/data/15141761/fileData.do,공공데이터포털 파일데이터. 준공예정일을 입주예정 proxy로 사용.,2026-05-12 17:21:55,15141761.csv,csv,public_allowed,ok,준공예정일을 입주예정 proxy로 사용
lh_public_completion,한국토지주택공사_공공주택 준공예정현황,15141761:226,1f42f462352dc908,남양주왕숙 A-20,경기도 남양주시 진건읍 진건읍 일원,경기,남양주시,,,2026-12,2026-12,,327,327,,,,,행복주택,,,,,https://www.data.go.kr/data/15141761/fileData.do,공공데이터포털 파일데이터. 준공예정일을 입주예정 proxy로 사용.,2026-05-12 17:21:55,15141761.csv,csv,public_allowed,ok,준공예정일을 입주예정 proxy로 사용
lh_public_completion,한국토지주택공사_공공주택 준공예정현황,15141761:227,c230382c6d1d1c4b,남양주왕숙 B-02,경기도 남양주시 진건읍 진건읍 일원,경기,남양주시,,,2028-06,2028-06,,587,587,,,,,공공분양,,,,,https://www.data.go.kr/data/15141761/fileData.do,공공데이터포털 파일데이터. 준공예정일을 입주예정 proxy로 사용.,2026-05-12 17:21:55,15141761.csv,csv,public_allowed,ok,준공예정일을 입주예정 proxy로 사용
lh_public_completion,한국토지주택공사_공공주택 준공예정현황,15141761:228,cc6b108159d2ab2a,남양주왕숙 A-03,경기도 남양주시 진건읍 진건읍 일원,경기,남양주시,,,2028-01,2028-01,,428,428,,,,,통합공공임대,,,,,https://www.data.go.kr/data/15141761/fileData.do,공공데이터포털 파일데이터. 준공예정일을 입주예정 proxy로 사용.,2026-05-12 17:21:55,15141761.csv,csv,public_allowed,ok,준공예정일을 입주예정 proxy로 사용
lh_public_completion,한국토지주택공사_공공주택 준공예정현황,15141761:229,17326c98ae7af43e,남양주왕숙 A-22,경기도 남양주시 진건읍 진건읍 일원,경기,남양주시,,,2028-12,2028-12,,801,801,,,,,통합공공임대,,,,,https://www.data.go.kr/data/15141761/fileData.do,공공데이터포털 파일데이터. 준공예정일을 입주예정 proxy로 사용.,2026-05-12 17:21:55,15141761.csv,csv,public_allowed,ok,준공예정일을 입주예정 proxy로 사용
lh_public_completion,한국토지주택공사_공공주택 준공예정현황,15141761:230,9dd216557b503917,남양주왕숙 S-18,경기도 남양주시 진건읍 진건읍 일원,경기,남양주시,,,2027-12,2027-12,,1067,1067,,,,,통합공공임대,,,,,https://www.data.go.kr/data/15141761/fileData.do,공공데이터포털 파일데이터. 준공예정일을 입주예정 proxy로 사용.,2026-05-12 17:21:55,15141761.csv,csv,public_allowed,ok,준공예정일을 입주예정 proxy로 사용
lh_public_completion,한국토지주택공사_공공주택 준공예정현황,15141761:231,14d6f93064576ee7,남양주왕숙 A-25,경기도 남양주시 진건읍 진건읍 일원,경기,남양주시,,,2028-10,2028-10,,1298,1298,,,,,공공임대(6년),,,,,https://www.data.go.kr/data/15141761/fileData.do,공공데이터포털 파일데이터. 준공예정일을 입주예정 proxy로 사용.,2026-05-12 17:21:55,15141761.csv,csv,public_allowed,ok,준공예정일을 입주예정 proxy로 사용
lh_public_completion,한국토지주택공사_공공주택 준공예정현황,15141761:232,6d7c18a4ca04e803,하남교산 A2,경기도 하남시 교산동 일원,경기,하남시,,,2027-10,2027-10,,1115,1115,,,,,공공분양,,,,,https://www.data.go.kr/data/15141761/fileData.do,공공데이터포털 파일데이터. 준공예정일을 입주예정 proxy로 사용.,2026-05-12 17:21:55,15141761.csv,csv,public_allowed,ok,준공예정일을 입주예정 proxy로 사용
lh_public_completion,한국토지주택공사_공공주택 준공예정현황,15141761:233,0a35e9be660be0dc,성남낙생 A1,경기도 성남시 분당구 동원동 일원,경기,성남시 분당구,,,2029-01,2029-01,,933,933,,,,,공공분양,,,,,https://www.data.go.kr/data/15141761/fileData.do,공공데이터포털 파일데이터. 준공예정일을 입주예정 proxy로 사용.,2026-05-12 17:21:55,15141761.csv,csv,public_allowed,ok,준공예정일을 입주예정 proxy로 사용
lh_public_completion,한국토지주택공사_공공주택 준공예정현황,15141761:234,7918db30df4e8ac4,성남낙생 A1,경기도 성남시 분당구 동원동 일원,경기,성남시 분당구,,,2029-01,2029-01,,467,467,,,,,행복주택,,,,,https://www.data.go.kr/data/15141761/fileData.do,공공데이터포털 파일데이터. 준공예정일을 입주예정 proxy로 사용.,2026-05-12 17:21:55,15141761.csv,csv,public_allowed,ok,준공예정일을 입주예정 proxy로 사용
lh_public_completion,한국토지주택공사_공공주택 준공예정현황,15141761:235,ee3b6c784603f2a7,성남낙생 A2,경기도 성남시 분당구 동원동 일원,경기,성남시 분당구,,,2026-04,2026-04,,1016,1016,,,,,통합공공임대,,,,,https://www.data.go.kr/data/15141761/fileData.do,공공데이터포털 파일데이터. 준공예정일을 입주예정 proxy로 사용.,2026-05-12 17:21:55,15141761.csv,csv,public_allowed,ok,준공예정일을 입주예정 proxy로 사용
lh_public_completion,한국토지주택공사_공공주택 준공예정현황,15141761:236,b16af4174b8e5ba2,부천역곡 A2,경기도 부천시 원미구 춘의동 역곡동 일원,경기,부천시 원미구,,,2027-12,2027-12,,976,976,,,,,공공분양,,,,,https://www.data.go.kr/data/15141761/fileData.do,공공데이터포털 파일데이터. 준공예정일을 입주예정 proxy로 사용.,2026-05-12 17:21:55,15141761.csv,csv,public_allowed,ok,준공예정일을 입주예정 proxy로 사용
lh_public_completion,한국토지주택공사_공공주택 준공예정현황,15141761:237,76da9bee0d089a92,부천역곡 A2,경기도 부천시 원미구 춘의동 역곡동 일원,경기,부천시 원미구,,,2027-12,2027-12,,488,488,,,,,행복주택,,,,,https://www.data.go.kr/data/15141761/fileData.do,공공데이터포털 파일데이터. 준공예정일을 입주예정 proxy로 사용.,2026-05-12 17:21:55,15141761.csv,csv,public_allowed,ok,준공예정일을 입주예정 proxy로 사용
lh_public_completion,한국토지주택공사_공공주택 준공예정현황,15141761:238,c4d2419953a3ad67,강원삼척(마을정비형) 00,강원특별자치도 삼척시 도계읍 283-2 일원,강원,삼척시,,,2028-08,2028-08,,120,120,,,,,통합공공임대,,,,,https://www.data.go.kr/data/15141761/fileData.do,공공데이터포털 파일데이터. 준공예정일을 입주예정 proxy로 사용.,2026-05-12 17:21:55,15141761.csv,csv,public_allowed,ok,준공예정일을 입주예정 proxy로 사용
lh_public_completion,한국토지주택공사_공공주택 준공예정현황,15141761:239,cc045c2ee03d9311,강원횡성(마을정비형) 1,강원특별자치도 횡성군 우천면 55-1 일원,강원,횡성군,,,2027-09,2027-09,,60,60,,,,,통합공공임대,,,,,https://www.data.go.kr/data/15141761/fileData.do,공공데이터포털 파일데이터. 준공예정일을 입주예정 proxy로 사용.,2026-05-12 17:21:55,15141761.csv,csv,public_allowed,ok,준공예정일을 입주예정 proxy로 사용
lh_public_completion,한국토지주택공사_공공주택 준공예정현황,15141761:240,cdd7f6d515ca101f,충남부여2(마을정비형) 1,충청남도 부여군 부여읍 62 일원,충남,부여군,,,2026-12,2026-12,,100,100,,,,,국민임대,,,,,https://www.data.go.kr/data/15141761/fileData.do,공공데이터포털 파일데이터. 준공예정일을 입주예정 proxy로 사용.,2026-05-12 17:21:55,15141761.csv,csv,public_allowed,ok,준공예정일을 입주예정 proxy로 사용
lh_public_completion,한국토지주택공사_공공주택 준공예정현황,15141761:241,35258d3de87d9ec0,충남부여2(마을정비형) 1,충청남도 부여군 부여읍 62 일원,충남,부여군,,,2026-12,2026-12,,50,50,,,,,행복주택,,,,,https://www.data.go.kr/data/15141761/fileData.do,공공데이터포털 파일데이터. 준공예정일을 입주예정 proxy로 사용.,2026-05-12 17:21:55,15141761.csv,csv,public_allowed,ok,준공예정일을 입주예정 proxy로 사용
lh_public_completion,한국토지주택공사_공공주택 준공예정현황,15141761:242,e17f669bdb1c8f8b,전북완주3(마을정비형) 1,전북특별자치도 완주군 상관면 616 일원,전북,완주군,,,2027-12,2027-12,,135,135,,,,,국민임대,,,,,https://www.data.go.kr/data/15141761/fileData.do,공공데이터포털 파일데이터. 준공예정일을 입주예정 proxy로 사용.,2026-05-12 17:21:55,15141761.csv,csv,public_allowed,ok,준공예정일을 입주예정 proxy로 사용
lh_public_completion,한국토지주택공사_공공주택 준공예정현황,15141761:243,8318433b5f6597ba,대구방촌 LH참여형 가로주택정비사업 1,대구광역시 동구 방촌동 1002-8번지 일원,대구,동구,,,2027-05,2027-05,,38,38,,,,,행복주택,,,,,https://www.data.go.kr/data/15141761/fileData.do,공공데이터포털 파일데이터. 준공예정일을 입주예정 proxy로 사용.,2026-05-12 17:21:55,15141761.csv,csv,public_allowed,ok,준공예정일을 입주예정 proxy로 사용
lh_public_completion,한국토지주택공사_공공주택 준공예정현황,15141761:244,6c82323b4c7fe667,대구대명 LH참여형 가로주택정비사업 01,대구광역시 남구 대명동 1223번지 일원,대구,남구,,,2027-03,2027-03,,74,74,,,,,통합공공임대,,,,,https://www.data.go.kr/data/15141761/fileData.do,공공데이터포털 파일데이터. 준공예정일을 입주예정 proxy로 사용.,2026-05-12 17:21:55,15141761.csv,csv,public_allowed,ok,준공예정일을 입주예정 proxy로 사용
lh_public_completion,한국토지주택공사_공공주택 준공예정현황,15141761:245,00ddd2eb59c82d22,시흥정왕(도시재생뉴딜) 01,경기도 시흥시 정왕동 1799-2번지,경기,시흥시,,,2026-05,2026-05,,470,470,,,,,행복주택,,,,,https://www.data.go.kr/data/15141761/fileData.do,공공데이터포털 파일데이터. 준공예정일을 입주예정 proxy로 사용.,2026-05-12 17:21:55,15141761.csv,csv,public_allowed,ok,준공예정일을 입주예정 proxy로 사용
lh_public_completion,한국토지주택공사_공공주택 준공예정현황,15141761:246,15de2c64c03c4489,부천대장 A7,경기도 부천시 오정구 대장동 684번지 일원,경기,부천시 오정구,,,2027-10,2027-10,,473,473,,,,,공공분양,,,,,https://www.data.go.kr/data/15141761/fileData.do,공공데이터포털 파일데이터. 준공예정일을 입주예정 proxy로 사용.,2026-05-12 17:21:55,15141761.csv,csv,public_allowed,ok,준공예정일을 입주예정 proxy로 사용
lh_public_completion,한국토지주택공사_공공주택 준공예정현황,15141761:247,cddc84a535ece4b0,부천대장 A8,경기도 부천시 오정구 대장동 684번지 일원,경기,부천시 오정구,,,2027-10,2027-10,,392,392,,,,,공공분양,,,,,https://www.data.go.kr/data/15141761/fileData.do,공공데이터포털 파일데이터. 준공예정일을 입주예정 proxy로 사용.,2026-05-12 17:21:55,15141761.csv,csv,public_allowed,ok,준공예정일을 입주예정 proxy로 사용
lh_public_completion,한국토지주택공사_공공주택 준공예정현황,15141761:248,c15a93536c97ca33,부천대장 A5,경기도 부천시 오정구 대장동 684번지 일원,경기,부천시 오정구,,,2027-11,2027-11,,638,638,,,,,공공분양,,,,,https://www.data.go.kr/data/15141761/fileData.do,공공데이터포털 파일데이터. 준공예정일을 입주예정 proxy로 사용.,2026-05-12 17:21:55,15141761.csv,csv,public_allowed,ok,준공예정일을 입주예정 proxy로 사용
lh_public_completion,한국토지주택공사_공공주택 준공예정현황,15141761:249,0de7fe7c6c0d0e45,부천대장 A5,경기도 부천시 오정구 대장동 684번지 일원,경기,부천시 오정구,,,2027-11,2027-11,,314,314,,,,,행복주택,,,,,https://www.data.go.kr/data/15141761/fileData.do,공공데이터포털 파일데이터. 준공예정일을 입주예정 proxy로 사용.,2026-05-12 17:21:55,15141761.csv,csv,public_allowed,ok,준공예정일을 입주예정 proxy로 사용
lh_public_completion,한국토지주택공사_공공주택 준공예정현황,15141761:250,d2d24a271025ca49,부천대장 A6,경기도 부천시 오정구 대장동 684번지 일원,경기,부천시 오정구,,,2027-11,2027-11,,461,461,,,,,공공분양,,,,,https://www.data.go.kr/data/15141761/fileData.do,공공데이터포털 파일데이터. 준공예정일을 입주예정 proxy로 사용.,2026-05-12 17:21:55,15141761.csv,csv,public_allowed,ok,준공예정일을 입주예정 proxy로 사용
lh_public_completion,한국토지주택공사_공공주택 준공예정현황,15141761:251,3b1d0e311df2ce40,부천대장 A6,경기도 부천시 오정구 대장동 684번지 일원,경기,부천시 오정구,,,2027-11,2027-11,,227,227,,,,,행복주택,,,,,https://www.data.go.kr/data/15141761/fileData.do,공공데이터포털 파일데이터. 준공예정일을 입주예정 proxy로 사용.,2026-05-12 17:21:55,15141761.csv,csv,public_allowed,ok,준공예정일을 입주예정 proxy로 사용
lh_public_completion,한국토지주택공사_공공주택 준공예정현황,15141761:252,86fbaa278d2fbb65,의정부법조타운 S2,경기도 의정부시 고산동 489번지 일원,경기,의정부시,,,2028-12,2028-12,,539,539,,,,,공공임대(6년),,,,,https://www.data.go.kr/data/15141761/fileData.do,공공데이터포털 파일데이터. 준공예정일을 입주예정 proxy로 사용.,2026-05-12 17:21:55,15141761.csv,csv,public_allowed,ok,준공예정일을 입주예정 proxy로 사용
lh_public_completion,한국토지주택공사_공공주택 준공예정현황,15141761:253,4519e216d822e676,의정부법조타운 S3,경기도 의정부시 고산동 489번지 일원,경기,의정부시,,,2029-02,2029-02,,544,544,,,,,분양주택(이익공유형),,,,,https://www.data.go.kr/data/15141761/fileData.do,공공데이터포털 파일데이터. 준공예정일을 입주예정 proxy로 사용.,2026-05-12 17:21:55,15141761.csv,csv,public_allowed,ok,준공예정일을 입주예정 proxy로 사용
lh_public_completion,한국토지주택공사_공공주택 준공예정현황,15141761:254,a90a3d3008ce9330,인천부평(도시재생뉴딜) A,인천광역시 부평구 부평동 65-17번지 일원,인천,부평구,,,2027-12,2027-12,,350,350,,,,,행복주택,,,,,https://www.data.go.kr/data/15141761/fileData.do,공공데이터포털 파일데이터. 준공예정일을 입주예정 proxy로 사용.,2026-05-12 17:21:55,15141761.csv,csv,public_allowed,ok,준공예정일을 입주예정 proxy로 사용
lh_public_completion,한국토지주택공사_공공주택 준공예정현황,15141761:255,81756b6eb48f3899,광명너부대 01,경기도 광명시 광명동 776-16번지,경기,광명시,,,2026-12,2026-12,,70,70,,,,,국민임대,,,,,https://www.data.go.kr/data/15141761/fileData.do,공공데이터포털 파일데이터. 준공예정일을 입주예정 proxy로 사용.,2026-05-12 17:21:55,15141761.csv,csv,public_allowed,ok,준공예정일을 입주예정 proxy로 사용
lh_public_completion,한국토지주택공사_공공주택 준공예정현황,15141761:256,ec82c9fa7dbe95ab,광명너부대 01,경기도 광명시 광명동 776-16번지,경기,광명시,,,2026-12,2026-12,,170,170,,,,,행복주택,,,,,https://www.data.go.kr/data/15141761/fileData.do,공공데이터포털 파일데이터. 준공예정일을 입주예정 proxy로 사용.,2026-05-12 17:21:55,15141761.csv,csv,public_allowed,ok,준공예정일을 입주예정 proxy로 사용
lh_public_completion,한국토지주택공사_공공주택 준공예정현황,15141761:257,84743db7cd99a59c,남양주왕숙2 A01,경기도 남양주시 일패동 466-10번지 일원,경기,남양주시,,,2027-05,2027-05,,803,803,,,,,공공분양,,,,,https://www.data.go.kr/data/15141761/fileData.do,공공데이터포털 파일데이터. 준공예정일을 입주예정 proxy로 사용.,2026-05-12 17:21:55,15141761.csv,csv,public_allowed,ok,준공예정일을 입주예정 proxy로 사용
lh_public_completion,한국토지주택공사_공공주택 준공예정현황,15141761:258,fb55afd047713266,남양주왕숙2 A03,경기도 남양주시 일패동 466-10번지 일원,경기,남양주시,,,2029-04,2029-04,,686,686,,,,,공공분양,,,,,https://www.data.go.kr/data/15141761/fileData.do,공공데이터포털 파일데이터. 준공예정일을 입주예정 proxy로 사용.,2026-05-12 17:21:55,15141761.csv,csv,public_allowed,ok,준공예정일을 입주예정 proxy로 사용
lh_public_completion,한국토지주택공사_공공주택 준공예정현황,15141761:259,399dd254fdfcb2ca,남양주왕숙2 A04,경기도 남양주시 일패동 466-10번지 일원,경기,남양주시,,,2027-08,2027-08,,525,525,,,,,공공분양,,,,,https://www.data.go.kr/data/15141761/fileData.do,공공데이터포털 파일데이터. 준공예정일을 입주예정 proxy로 사용.,2026-05-12 17:21:55,15141761.csv,csv,public_allowed,ok,준공예정일을 입주예정 proxy로 사용
lh_public_completion,한국토지주택공사_공공주택 준공예정현황,15141761:260,7c0c2f2b3c10a2a5,남양주왕숙2 A04,경기도 남양주시 일패동 466-10번지 일원,경기,남양주시,,,2027-08,2027-08,,262,262,,,,,행복주택,,,,,https://www.data.go.kr/data/15141761/fileData.do,공공데이터포털 파일데이터. 준공예정일을 입주예정 proxy로 사용.,2026-05-12 17:21:55,15141761.csv,csv,public_allowed,ok,준공예정일을 입주예정 proxy로 사용
lh_public_completion,한국토지주택공사_공공주택 준공예정현황,15141761:261,9dac5cdb7d3b4a0a,남양주왕숙2 A06,경기도 남양주시 일패동 466-10번지 일원,경기,남양주시,,,2028-04,2028-04,,468,468,,,,,공공분양,,,,,https://www.data.go.kr/data/15141761/fileData.do,공공데이터포털 파일데이터. 준공예정일을 입주예정 proxy로 사용.,2026-05-12 17:21:55,15141761.csv,csv,public_allowed,ok,준공예정일을 입주예정 proxy로 사용
lh_public_completion,한국토지주택공사_공공주택 준공예정현황,15141761:262,54db97cab49bfec1,남양주왕숙2 A07,경기도 남양주시 일패동 466-10번지 일원,경기,남양주시,,,2028-10,2028-10,,552,552,,,,,공공분양,,,,,https://www.data.go.kr/data/15141761/fileData.do,공공데이터포털 파일데이터. 준공예정일을 입주예정 proxy로 사용.,2026-05-12 17:21:55,15141761.csv,csv,public_allowed,ok,준공예정일을 입주예정 proxy로 사용
lh_public_completion,한국토지주택공사_공공주택 준공예정현황,15141761:263,ea93d6d8c9206c0b,대구대명 A,대구광역시 남구 대명동 930번지,대구,남구,,,2026-12,2026-12,,90,90,,,,,행복주택,,,,,https://www.data.go.kr/data/15141761/fileData.do,공공데이터포털 파일데이터. 준공예정일을 입주예정 proxy로 사용.,2026-05-12 17:21:55,15141761.csv,csv,public_allowed,ok,준공예정일을 입주예정 proxy로 사용
lh_public_completion,한국토지주택공사_공공주택 준공예정현황,15141761:264,708b2367784ddcdd,수방사군부지 1,서울특별시 동작구 노량진동 154-7번지 일원,서울,동작구,,,2028-12,2028-12,,263,263,,,,,공공분양,,,,,https://www.data.go.kr/data/15141761/fileData.do,공공데이터포털 파일데이터. 준공예정일을 입주예정 proxy로 사용.,2026-05-12 17:21:55,15141761.csv,csv,public_allowed,ok,준공예정일을 입주예정 proxy로 사용
lh_public_completion,한국토지주택공사_공공주택 준공예정현황,15141761:265,b960eeecea0705df,수방사군부지 1,서울특별시 동작구 노량진동 154-7번지 일원,서울,동작구,,,2028-12,2028-12,,208,208,,,,,후분양,,,,,https://www.data.go.kr/data/15141761/fileData.do,공공데이터포털 파일데이터. 준공예정일을 입주예정 proxy로 사용.,2026-05-12 17:21:55,15141761.csv,csv,public_allowed,ok,준공예정일을 입주예정 proxy로 사용
lh_public_completion,한국토지주택공사_공공주택 준공예정현황,15141761:266,a6f059553bd9247a,수방사군부지 1,서울특별시 동작구 노량진동 154-7번지 일원,서울,동작구,,,2028-12,2028-12,,85,85,,,,,행복주택,,,,,https://www.data.go.kr/data/15141761/fileData.do,공공데이터포털 파일데이터. 준공예정일을 입주예정 proxy로 사용.,2026-05-12 17:21:55,15141761.csv,csv,public_allowed,ok,준공예정일을 입주예정 proxy로 사용
lh_public_completion,한국토지주택공사_공공주택 준공예정현황,15141761:267,c057779b264592da,천안신부(행복) A1,충청남도 천안시 동남구 신부동,충남,천안시 동남구,,,2027-08,2027-08,,587,587,,,,,행복주택,,,,,https://www.data.go.kr/data/15141761/fileData.do,공공데이터포털 파일데이터. 준공예정일을 입주예정 proxy로 사용.,2026-05-12 17:21:55,15141761.csv,csv,public_allowed,ok,준공예정일을 입주예정 proxy로 사용
lh_public_completion,한국토지주택공사_공공주택 준공예정현황,15141761:268,f7daa53c1d8b574c,제주화북(행복주택) A22,제주특별자치도 제주시 화북일동 1400번지 일원,제주,제주시,,,2026-09,2026-09,,272,272,,,,,행복주택,,,,,https://www.data.go.kr/data/15141761/fileData.do,공공데이터포털 파일데이터. 준공예정일을 입주예정 proxy로 사용.,2026-05-12 17:21:55,15141761.csv,csv,public_allowed,ok,준공예정일을 입주예정 proxy로 사용
lh_public_completion,한국토지주택공사_공공주택 준공예정현황,15141761:269,9093cda5d64f9288,부산송정(행복주택) 1,부산광역시 해운대구 송정동 송정동,부산,해운대구,,,2026-12,2026-12,,23,23,,,,,행복주택,,,,,https://www.data.go.kr/data/15141761/fileData.do,공공데이터포털 파일데이터. 준공예정일을 입주예정 proxy로 사용.,2026-05-12 17:21:55,15141761.csv,csv,public_allowed,ok,준공예정일을 입주예정 proxy로 사용
lh_public_completion,한국토지주택공사_공공주택 준공예정현황,15141761:270,bac5f64dba27de84,송파방이 1BL,서울특별시 송파구 방이동 52번지 일원,서울,송파구,,,2028-02,2028-02,,160,160,,,,,행복주택,,,,,https://www.data.go.kr/data/15141761/fileData.do,공공데이터포털 파일데이터. 준공예정일을 입주예정 proxy로 사용.,2026-05-12 17:21:55,15141761.csv,csv,public_allowed,ok,준공예정일을 입주예정 proxy로 사용
lh_public_completion,한국토지주택공사_공공주택 준공예정현황,15141761:271,6d59bd26cc0acce5,서울동작(행복주택) 01,서울특별시 동작구 동작동 326,서울,동작구,,,2027-06,2027-06,,500,500,,,,,행복주택,,,,,https://www.data.go.kr/data/15141761/fileData.do,공공데이터포털 파일데이터. 준공예정일을 입주예정 proxy로 사용.,2026-05-12 17:21:55,15141761.csv,csv,public_allowed,ok,준공예정일을 입주예정 proxy로 사용
lh_public_completion,한국토지주택공사_공공주택 준공예정현황,15141761:272,ce226200812311ed,서울노원(행복주택) 01,서울특별시 노원구 공릉동 172-19,서울,노원구,,,2026-12,2026-12,,138,138,,,,,행복주택,,,,,https://www.data.go.kr/data/15141761/fileData.do,공공데이터포털 파일데이터. 준공예정일을 입주예정 proxy로 사용.,2026-05-12 17:21:55,15141761.csv,csv,public_allowed,ok,준공예정일을 입주예정 proxy로 사용
lh_public_completion,한국토지주택공사_공공주택 준공예정현황,15141761:273,1c2f8287c5846f38,거창숙박시설정비사업 A1,경상남도 거창군 거창읍 1005-121005-81,경남,거창군,,,2027-03,2027-03,,40,40,,,,,통합공공임대,,,,,https://www.data.go.kr/data/15141761/fileData.do,공공데이터포털 파일데이터. 준공예정일을 입주예정 proxy로 사용.,2026-05-12 17:21:55,15141761.csv,csv,public_allowed,ok,준공예정일을 입주예정 proxy로 사용
lh_public_completion,한국토지주택공사_공공주택 준공예정현황,15141761:274,4979ea6a0d061a51,포항흥해 1,경상북도 포항시 북구 흥해읍,경북,포항시 북구,,,2026-05,2026-05,,200,200,,,,,국민임대,,,,,https://www.data.go.kr/data/15141761/fileData.do,공공데이터포털 파일데이터. 준공예정일을 입주예정 proxy로 사용.,2026-05-12 17:21:55,15141761.csv,csv,public_allowed,ok,준공예정일을 입주예정 proxy로 사용
lh_public_completion,한국토지주택공사_공공주택 준공예정현황,15141761:275,31b98fb1b1400adf,창녕영산 1,경상남도 창녕군 영산면 영산면 일원,경남,창녕군,,,2026-12,2026-12,,150,150,,,,,행복주택,,,,,https://www.data.go.kr/data/15141761/fileData.do,공공데이터포털 파일데이터. 준공예정일을 입주예정 proxy로 사용.,2026-05-12 17:21:55,15141761.csv,csv,public_allowed,ok,준공예정일을 입주예정 proxy로 사용
lh_public_completion,한국토지주택공사_공공주택 준공예정현황,15141761:276,19f8e9ace984eafc,대전동구 A1,대전광역시 동구 정동 정동 3-4 일원,대전,동구,,,2028-03,2028-03,,420,420,,,,,통합공공임대,,,,,https://www.data.go.kr/data/15141761/fileData.do,공공데이터포털 파일데이터. 준공예정일을 입주예정 proxy로 사용.,2026-05-12 17:21:55,15141761.csv,csv,public_allowed,ok,준공예정일을 입주예정 proxy로 사용
lh_public_completion,한국토지주택공사_공공주택 준공예정현황,15141761:277,8b032dee2c6e88e9,대전동구 A3,대전광역시 동구 정동 정동 3-4 일원,대전,동구,,,2028-10,2028-10,,350,350,,,,,공공분양,,,,,https://www.data.go.kr/data/15141761/fileData.do,공공데이터포털 파일데이터. 준공예정일을 입주예정 proxy로 사용.,2026-05-12 17:21:55,15141761.csv,csv,public_allowed,ok,준공예정일을 입주예정 proxy로 사용
lh_public_completion,한국토지주택공사_공공주택 준공예정현황,15141761:278,ef0baa8677a6e1bd,울산매곡(행복주택) 01,울산광역시 북구 매곡동 884-5,울산,북구,,,2028-06,2028-06,,144,144,,,,,행복주택,,,,,https://www.data.go.kr/data/15141761/fileData.do,공공데이터포털 파일데이터. 준공예정일을 입주예정 proxy로 사용.,2026-05-12 17:21:55,15141761.csv,csv,public_allowed,ok,준공예정일을 입주예정 proxy로 사용
lh_public_completion,한국토지주택공사_공공주택 준공예정현황,15141761:279,6b58b0e91a99b7e0,수원화서 복합개발사업 1,경기도 수원시 팔달구 화서동 643번지,경기,수원시 팔달구,,,2029-11,2029-11,,450,450,,,,,행복주택,,,,,https://www.data.go.kr/data/15141761/fileData.do,공공데이터포털 파일데이터. 준공예정일을 입주예정 proxy로 사용.,2026-05-12 17:21:55,15141761.csv,csv,public_allowed,ok,준공예정일을 입주예정 proxy로 사용
lh_public_completion,한국토지주택공사_공공주택 준공예정현황,15141761:280,4a0789f70d855b53,수원 국토지리정보원(복합개발) 1,경기도 수원시 영통구 원천동 111 변경승인,경기,수원시 영통구,,,2026-12,2026-12,,240,240,,,,,행복주택,,,,,https://www.data.go.kr/data/15141761/fileData.do,공공데이터포털 파일데이터. 준공예정일을 입주예정 proxy로 사용.,2026-05-12 17:21:55,15141761.csv,csv,public_allowed,ok,준공예정일을 입주예정 proxy로 사용
lh_public_completion,한국토지주택공사_공공주택 준공예정현황,15141761:281,cb6045186f18c294,인천서구(석남어울림) 1,인천광역시 서구 석남동 481-1,인천,서구,,,2027-03,2027-03,,110,110,,,,,행복주택,,,,,https://www.data.go.kr/data/15141761/fileData.do,공공데이터포털 파일데이터. 준공예정일을 입주예정 proxy로 사용.,2026-05-12 17:21:55,15141761.csv,csv,public_allowed,ok,준공예정일을 입주예정 proxy로 사용
lh_public_completion,한국토지주택공사_공공주택 준공예정현황,15141761:282,e4789f048ecdabaa,인천서구(거북이기지) 1,인천광역시 서구 석남동 484-4,인천,서구,,,2027-03,2027-03,,58,58,,,,,행복주택,,,,,https://www.data.go.kr/data/15141761/fileData.do,공공데이터포털 파일데이터. 준공예정일을 입주예정 proxy로 사용.,2026-05-12 17:21:55,15141761.csv,csv,public_allowed,ok,준공예정일을 입주예정 proxy로 사용
lh_public_completion,한국토지주택공사_공공주택 준공예정현황,15141761:283,49bc21aa6afb8c1f,청주내덕(행복) A1,충청북도 청주시 청원구 내덕동 620-5,충북,청주시 청원구,,,2026-06,2026-06,,80,80,,,,,통합공공임대,,,,,https://www.data.go.kr/data/15141761/fileData.do,공공데이터포털 파일데이터. 준공예정일을 입주예정 proxy로 사용.,2026-05-12 17:21:55,15141761.csv,csv,public_allowed,ok,준공예정일을 입주예정 proxy로 사용
lh_public_completion,한국토지주택공사_공공주택 준공예정현황,15141761:284,63cfd814be721ca1,정선사북(행복) 1,강원특별자치도 정선군 사북읍,강원,정선군,,,2027-08,2027-08,,30,30,,,,,국민임대,,,,,https://www.data.go.kr/data/15141761/fileData.do,공공데이터포털 파일데이터. 준공예정일을 입주예정 proxy로 사용.,2026-05-12 17:21:55,15141761.csv,csv,public_allowed,ok,준공예정일을 입주예정 proxy로 사용
lh_public_completion,한국토지주택공사_공공주택 준공예정현황,15141761:285,0b20052e5384822b,정선사북(행복) 1,강원특별자치도 정선군 사북읍,강원,정선군,,,2027-08,2027-08,,120,120,,,,,행복주택,,,,,https://www.data.go.kr/data/15141761/fileData.do,공공데이터포털 파일데이터. 준공예정일을 입주예정 proxy로 사용.,2026-05-12 17:21:55,15141761.csv,csv,public_allowed,ok,준공예정일을 입주예정 proxy로 사용
lh_public_completion,한국토지주택공사_공공주택 준공예정현황,15141761:286,9c7bf5076c424b4c,대전대흥(창업지원주택) 1,대전광역시 중구 대흥동 452-38 일원,대전,중구,,,2026-07,2026-07,,100,100,,,,,행복주택,,,,,https://www.data.go.kr/data/15141761/fileData.do,공공데이터포털 파일데이터. 준공예정일을 입주예정 proxy로 사용.,2026-05-12 17:21:55,15141761.csv,csv,public_allowed,ok,준공예정일을 입주예정 proxy로 사용
lh_public_completion,한국토지주택공사_공공주택 준공예정현황,15141761:287,fb47c95e86a049d6,담양삼만 01,전라남도 담양군 담양읍,전남,담양군,,,2026-12,2026-12,,94,94,,,,,통합공공임대,,,,,https://www.data.go.kr/data/15141761/fileData.do,공공데이터포털 파일데이터. 준공예정일을 입주예정 proxy로 사용.,2026-05-12 17:21:55,15141761.csv,csv,public_allowed,ok,준공예정일을 입주예정 proxy로 사용
lh_public_completion,한국토지주택공사_공공주택 준공예정현황,15141761:288,6e66e2974513b76f,동해천곡(고령자) 1,강원특별자치도 동해시 천곡동 산6번지 일원,강원,동해시,,,2027-06,2027-06,,202,202,,,,,영구임대,,,,,https://www.data.go.kr/data/15141761/fileData.do,공공데이터포털 파일데이터. 준공예정일을 입주예정 proxy로 사용.,2026-05-12 17:21:55,15141761.csv,csv,public_allowed,ok,준공예정일을 입주예정 proxy로 사용
lh_public_completion,한국토지주택공사_공공주택 준공예정현황,15141761:289,860868df4beeb490,동해천곡(고령자) 1,강원특별자치도 동해시 천곡동 산6번지 일원,강원,동해시,,,2027-06,2027-06,,200,200,,,,,행복주택,,,,,https://www.data.go.kr/data/15141761/fileData.do,공공데이터포털 파일데이터. 준공예정일을 입주예정 proxy로 사용.,2026-05-12 17:21:55,15141761.csv,csv,public_allowed,ok,준공예정일을 입주예정 proxy로 사용
lh_public_completion,한국토지주택공사_공공주택 준공예정현황,15141761:290,97a841b5f1668034,정읍연지(행복 주거복지지사 복합개발) A,전북특별자치도 정읍시 연지동 65-1번지 일원,전북,정읍시,,,2027-10,2027-10,,36,36,,,,,행복주택,,,,,https://www.data.go.kr/data/15141761/fileData.do,공공데이터포털 파일데이터. 준공예정일을 입주예정 proxy로 사용.,2026-05-12 17:21:55,15141761.csv,csv,public_allowed,ok,준공예정일을 입주예정 proxy로 사용
lh_public_completion,한국토지주택공사_공공주택 준공예정현황,15141761:291,1dd2dbef61a9649e,경북청도(행복뉴딜) 1,경상북도 청도군 청도읍,경북,청도군,,,2027-04,2027-04,,42,42,,,,,행복주택,,,,,https://www.data.go.kr/data/15141761/fileData.do,공공데이터포털 파일데이터. 준공예정일을 입주예정 proxy로 사용.,2026-05-12 17:21:55,15141761.csv,csv,public_allowed,ok,준공예정일을 입주예정 proxy로 사용
lh_public_completion,한국토지주택공사_공공주택 준공예정현황,15141761:292,817142416475bb43,익산송학(행복) 1,전북특별자치도 익산시 송학동,전북,익산시,,,2027-09,2027-09,,80,80,,,,,행복주택,,,,,https://www.data.go.kr/data/15141761/fileData.do,공공데이터포털 파일데이터. 준공예정일을 입주예정 proxy로 사용.,2026-05-12 17:21:55,15141761.csv,csv,public_allowed,ok,준공예정일을 입주예정 proxy로 사용
lh_public_completion,한국토지주택공사_공공주택 준공예정현황,15141761:293,7eb4e56c56e52b26,강원인제(마을정비형) 00,강원특별자치도 인제군 북면 716 일원,강원,인제군,,,2028-05,2028-05,,65,65,,,,,통합공공임대,,,,,https://www.data.go.kr/data/15141761/fileData.do,공공데이터포털 파일데이터. 준공예정일을 입주예정 proxy로 사용.,2026-05-12 17:21:55,15141761.csv,csv,public_allowed,ok,준공예정일을 입주예정 proxy로 사용
lh_public_completion,한국토지주택공사_공공주택 준공예정현황,15141761:294,cab55e385cd873c2,강원정선2(마을정비형) 00,강원특별자치도 정선군 북평면 694-22 일원,강원,정선군,,,2028-06,2028-06,,80,80,,,,,통합공공임대,,,,,https://www.data.go.kr/data/15141761/fileData.do,공공데이터포털 파일데이터. 준공예정일을 입주예정 proxy로 사용.,2026-05-12 17:21:55,15141761.csv,csv,public_allowed,ok,준공예정일을 입주예정 proxy로 사용
lh_public_completion,한국토지주택공사_공공주택 준공예정현황,15141761:295,11abc41aff00edee,경북영천(마을정비형) 00,경상북도 영천시 성내동 344번지 일원,경북,영천시,,,2027-06,2027-06,,110,110,,,,,통합공공임대,,,,,https://www.data.go.kr/data/15141761/fileData.do,공공데이터포털 파일데이터. 준공예정일을 입주예정 proxy로 사용.,2026-05-12 17:21:55,15141761.csv,csv,public_allowed,ok,준공예정일을 입주예정 proxy로 사용
lh_public_completion,한국토지주택공사_공공주택 준공예정현황,15141761:296,b87966af5aeb0280,사상공업 1,부산광역시 사상구 삼락동 380-17일원,부산,사상구,,,2026-12,2026-12,,200,200,,,,,행복주택,,,,,https://www.data.go.kr/data/15141761/fileData.do,공공데이터포털 파일데이터. 준공예정일을 입주예정 proxy로 사용.,2026-05-12 17:21:55,15141761.csv,csv,public_allowed,ok,준공예정일을 입주예정 proxy로 사용
lh_public_completion,한국토지주택공사_공공주택 준공예정현황,15141761:297,c949e655b7e597e7,위례A2-7BL 1,경기도 성남시 수정구 창곡동 A2-7블록(위례신도시내),경기,성남시 수정구,,,2026-01,2026-01,,1090,1090,,,,,공공분양,,,,,https://www.data.go.kr/data/15141761/fileData.do,공공데이터포털 파일데이터. 준공예정일을 입주예정 proxy로 사용.,2026-05-12 17:21:55,15141761.csv,csv,public_allowed,ok,준공예정일을 입주예정 proxy로 사용
lh_public_completion,한국토지주택공사_공공주택 준공예정현황,15141761:298,51a9d46dd38d79dc,위례A2-7BL 1,경기도 성남시 수정구 창곡동 A2-7블록(위례신도시내),경기,성남시 수정구,,,2026-01,2026-01,,219,219,,,,,행복주택,,,,,https://www.data.go.kr/data/15141761/fileData.do,공공데이터포털 파일데이터. 준공예정일을 입주예정 proxy로 사용.,2026-05-12 17:21:55,15141761.csv,csv,public_allowed,ok,준공예정일을 입주예정 proxy로 사용
lh_public_completion,한국토지주택공사_공공주택 준공예정현황,15141761:299,25add25cf984cc97,부산모라(복합행복주택) 1,부산광역시 사상구 모라동 656-6번지 일원,부산,사상구,,,2028-06,2028-06,,94,94,,,,,통합공공임대,,,,,https://www.data.go.kr/data/15141761/fileData.do,공공데이터포털 파일데이터. 준공예정일을 입주예정 proxy로 사용.,2026-05-12 17:21:55,15141761.csv,csv,public_allowed,ok,준공예정일을 입주예정 proxy로 사용
lh_public_completion,한국토지주택공사_공공주택 준공예정현황,15141761:300,3a821d078d8105f3,아산온양 주복1,충청남도 아산시 온천동 360번지 일원(온양2촉진지구 도시개발사업지구 내 주상복합 1부지),충남,아산시,,,2029-04,2029-04,,318,318,,,,,통합공공임대,,,,,https://www.data.go.kr/data/15141761/fileData.do,공공데이터포털 파일데이터. 준공예정일을 입주예정 proxy로 사용.,2026-05-12 17:21:55,15141761.csv,csv,public_allowed,ok,준공예정일을 입주예정 proxy로 사용
lh_public_completion,한국토지주택공사_공공주택 준공예정현황,15141761:301,0870a26a2e4cdf0c,횡성우천2(행복) 1,강원특별자치도 횡성군 우천면,강원,횡성군,,,2027-09,2027-09,,80,80,,,,,통합공공임대,,,,,https://www.data.go.kr/data/15141761/fileData.do,공공데이터포털 파일데이터. 준공예정일을 입주예정 proxy로 사용.,2026-05-12 17:21:55,15141761.csv,csv,public_allowed,ok,준공예정일을 입주예정 proxy로 사용
lh_public_completion,한국토지주택공사_공공주택 준공예정현황,15141761:302,7784df495f08b878,울산선바위 A-4,울산광역시 울주군 범서읍 범서읍 입암리,울산,울주군,,,2032-10,2032-10,,1061,1061,,,,,통합공공임대,,,,,https://www.data.go.kr/data/15141761/fileData.do,공공데이터포털 파일데이터. 준공예정일을 입주예정 proxy로 사용.,2026-05-12 17:21:55,15141761.csv,csv,public_allowed,ok,준공예정일을 입주예정 proxy로 사용
lh_public_completion,한국토지주택공사_공공주택 준공예정현황,15141761:303,609afa2044924715,철원갈말2 1,강원특별자치도 철원군 갈말읍,강원,철원군,,,2026-06,2026-06,,96,96,,,,,행복주택,,,,,https://www.data.go.kr/data/15141761/fileData.do,공공데이터포털 파일데이터. 준공예정일을 입주예정 proxy로 사용.,2026-05-12 17:21:55,15141761.csv,csv,public_allowed,ok,준공예정일을 입주예정 proxy로 사용
lh_public_completion,한국토지주택공사_공공주택 준공예정현황,15141761:304,831bd2f8dedf0175,경주내남(고령자) 1,경상북도 경주시 내남면 148-1외 일원,경북,경주시,,,2026-12,2026-12,,90,90,,,,,영구임대,,,,,https://www.data.go.kr/data/15141761/fileData.do,공공데이터포털 파일데이터. 준공예정일을 입주예정 proxy로 사용.,2026-05-12 17:21:55,15141761.csv,csv,public_allowed,ok,준공예정일을 입주예정 proxy로 사용
lh_public_completion,한국토지주택공사_공공주택 준공예정현황,15141761:305,50999242346382e0,천안쌍용(고령자) 1,충청남도 천안시 서북구 쌍용동,충남,천안시 서북구,,,2028-02,2028-02,,50,50,,,,,영구임대,,,,,https://www.data.go.kr/data/15141761/fileData.do,공공데이터포털 파일데이터. 준공예정일을 입주예정 proxy로 사용.,2026-05-12 17:21:55,15141761.csv,csv,public_allowed,ok,준공예정일을 입주예정 proxy로 사용
lh_public_completion,한국토지주택공사_공공주택 준공예정현황,15141761:306,4bbfbe677d33985e,천안쌍용(고령자) 1,충청남도 천안시 서북구 쌍용동,충남,천안시 서북구,,,2028-02,2028-02,,50,50,,,,,행복주택,,,,,https://www.data.go.kr/data/15141761/fileData.do,공공데이터포털 파일데이터. 준공예정일을 입주예정 proxy로 사용.,2026-05-12 17:21:55,15141761.csv,csv,public_allowed,ok,준공예정일을 입주예정 proxy로 사용
lh_public_completion,한국토지주택공사_공공주택 준공예정현황,15141761:307,7333954064131af0,양평공흥(고령자) 1,경기도 양평군 양평읍,경기,양평군,,,2028-03,2028-03,,150,150,,,,,통합공공임대,,,,,https://www.data.go.kr/data/15141761/fileData.do,공공데이터포털 파일데이터. 준공예정일을 입주예정 proxy로 사용.,2026-05-12 17:21:55,15141761.csv,csv,public_allowed,ok,준공예정일을 입주예정 proxy로 사용
lh_public_completion,한국토지주택공사_공공주택 준공예정현황,15141761:308,5bf41b6e7f8746bb,인제서화(고령자) 1,강원특별자치도 인제군 서화면,강원,인제군,,,2027-06,2027-06,,40,40,,,,,국민임대,,,,,https://www.data.go.kr/data/15141761/fileData.do,공공데이터포털 파일데이터. 준공예정일을 입주예정 proxy로 사용.,2026-05-12 17:21:55,15141761.csv,csv,public_allowed,ok,준공예정일을 입주예정 proxy로 사용
lh_public_completion,한국토지주택공사_공공주택 준공예정현황,15141761:309,801d46afdcc60f91,인제서화(고령자) 1,강원특별자치도 인제군 서화면,강원,인제군,,,2027-06,2027-06,,40,40,,,,,영구임대,,,,,https://www.data.go.kr/data/15141761/fileData.do,공공데이터포털 파일데이터. 준공예정일을 입주예정 proxy로 사용.,2026-05-12 17:21:55,15141761.csv,csv,public_allowed,ok,준공예정일을 입주예정 proxy로 사용
lh_public_completion,한국토지주택공사_공공주택 준공예정현황,15141761:310,de67c195f2bcc9c9,담양담양(행복) 1,전라남도 담양군 담양읍 149-4,전남,담양군,,,2027-12,2027-12,,40,40,,,,,통합공공임대,,,,,https://www.data.go.kr/data/15141761/fileData.do,공공데이터포털 파일데이터. 준공예정일을 입주예정 proxy로 사용.,2026-05-12 17:21:55,15141761.csv,csv,public_allowed,ok,준공예정일을 입주예정 proxy로 사용
lh_public_completion,한국토지주택공사_공공주택 준공예정현황,15141761:311,63cb1c919c43e4b3,함평기산(행복) 1,전라남도 함평군 함평읍 775-1,전남,함평군,,,2027-04,2027-04,,60,60,,,,,통합공공임대,,,,,https://www.data.go.kr/data/15141761/fileData.do,공공데이터포털 파일데이터. 준공예정일을 입주예정 proxy로 사용.,2026-05-12 17:21:55,15141761.csv,csv,public_allowed,ok,준공예정일을 입주예정 proxy로 사용
lh_public_completion,한국토지주택공사_공공주택 준공예정현황,15141761:312,785b3a43614f0d71,전주동서학(행복) 1,전북특별자치도 전주시 완산구 동서학동 00일원,전북,전주시 완산구,,,2026-12,2026-12,,88,88,,,,,통합공공임대,,,,,https://www.data.go.kr/data/15141761/fileData.do,공공데이터포털 파일데이터. 준공예정일을 입주예정 proxy로 사용.,2026-05-12 17:21:55,15141761.csv,csv,public_allowed,ok,준공예정일을 입주예정 proxy로 사용
lh_public_completion,한국토지주택공사_공공주택 준공예정현황,15141761:313,bd5582a552fd7db7,충북혁신(클러스터) 1,충청북도 음성군 맹동면 충청북도 음성군 맹동면 동성리 535번지 일원,충북,음성군,,,2027-12,2027-12,,300,300,,,,,통합공공임대,,,,,https://www.data.go.kr/data/15141761/fileData.do,공공데이터포털 파일데이터. 준공예정일을 입주예정 proxy로 사용.,2026-05-12 17:21:55,15141761.csv,csv,public_allowed,ok,준공예정일을 입주예정 proxy로 사용
lh_public_completion,한국토지주택공사_공공주택 준공예정현황,15141761:314,62c34dd9656cb556,화천화천(복합개발) 1,강원특별자치도 화천군 화천읍,강원,화천군,,,2027-12,2027-12,,72,72,,,,,통합공공임대,,,,,https://www.data.go.kr/data/15141761/fileData.do,공공데이터포털 파일데이터. 준공예정일을 입주예정 proxy로 사용.,2026-05-12 17:21:55,15141761.csv,csv,public_allowed,ok,준공예정일을 입주예정 proxy로 사용
lh_public_completion,한국토지주택공사_공공주택 준공예정현황,15141761:315,271a1b1f44fe7bb2,서귀포대정(통합공공임대) 1,제주특별자치도 서귀포시 대정읍 1085,제주,서귀포시,,,2026-12,2026-12,,37,37,,,,,통합공공임대,,,,,https://www.data.go.kr/data/15141761/fileData.do,공공데이터포털 파일데이터. 준공예정일을 입주예정 proxy로 사용.,2026-05-12 17:21:55,15141761.csv,csv,public_allowed,ok,준공예정일을 입주예정 proxy로 사용
lh_public_completion,한국토지주택공사_공공주택 준공예정현황,15141761:316,79457b2bc85deb87,서울쌍문역세권(동측) 1,서울특별시 도봉구 창동 00일원,서울,도봉구,,,2028-12,2028-12,,530,530,,,,,공공분양,,,,,https://www.data.go.kr/data/15141761/fileData.do,공공데이터포털 파일데이터. 준공예정일을 입주예정 proxy로 사용.,2026-05-12 17:21:55,15141761.csv,csv,public_allowed,ok,준공예정일을 입주예정 proxy로 사용
lh_public_completion,한국토지주택공사_공공주택 준공예정현황,15141761:317,b1a2a1c311448fe8,서울쌍문역세권(동측) 1,서울특별시 도봉구 창동 00일원,서울,도봉구,,,2028-12,2028-12,,109,109,,,,,통합공공임대,,,,,https://www.data.go.kr/data/15141761/fileData.do,공공데이터포털 파일데이터. 준공예정일을 입주예정 proxy로 사용.,2026-05-12 17:21:55,15141761.csv,csv,public_allowed,ok,준공예정일을 입주예정 proxy로 사용
lh_public_completion,한국토지주택공사_공공주택 준공예정현황,15141761:318,b96362d2089c4f54,서울연신내역세권 1,서울특별시 은평구 불광동 00일원,서울,은평구,,,2028-12,2028-12,,325,325,,,,,공공분양,,,,,https://www.data.go.kr/data/15141761/fileData.do,공공데이터포털 파일데이터. 준공예정일을 입주예정 proxy로 사용.,2026-05-12 17:21:55,15141761.csv,csv,public_allowed,ok,준공예정일을 입주예정 proxy로 사용
lh_public_completion,한국토지주택공사_공공주택 준공예정현황,15141761:319,b7e45ff72148cfdb,서울연신내역세권 1,서울특별시 은평구 불광동 00일원,서울,은평구,,,2028-12,2028-12,,67,67,,,,,통합공공임대,,,,,https://www.data.go.kr/data/15141761/fileData.do,공공데이터포털 파일데이터. 준공예정일을 입주예정 proxy로 사용.,2026-05-12 17:21:55,15141761.csv,csv,public_allowed,ok,준공예정일을 입주예정 proxy로 사용
lh_public_completion,한국토지주택공사_공공주택 준공예정현황,15141761:320,db47a58433fe5c4f,구미혁신(통공임) B-2,경상북도 구미시 공단동 249번지 일원,경북,구미시,,,2027-12,2027-12,,192,192,,,,,통합공공임대,,,,,https://www.data.go.kr/data/15141761/fileData.do,공공데이터포털 파일데이터. 준공예정일을 입주예정 proxy로 사용.,2026-05-12 17:21:55,15141761.csv,csv,public_allowed,ok,준공예정일을 입주예정 proxy로 사용
lh_public_completion,한국토지주택공사_공공주택 준공예정현황,15141761:321,26c74d355468b54d,제천서부 1,충청북도 제천시 서부동 431번지,충북,제천시,,,2027-03,2027-03,,42,42,,,,,통합공공임대,,,,,https://www.data.go.kr/data/15141761/fileData.do,공공데이터포털 파일데이터. 준공예정일을 입주예정 proxy로 사용.,2026-05-12 17:21:55,15141761.csv,csv,public_allowed,ok,준공예정일을 입주예정 proxy로 사용
lh_public_completion,한국토지주택공사_공공주택 준공예정현황,15141761:322,622dc7eddbf53ce6,영동황간 A,충청북도 영동군 황간면 2-4번지 외 4필지,충북,영동군,,,2026-12,2026-12,,40,40,,,,,통합공공임대,,,,,https://www.data.go.kr/data/15141761/fileData.do,공공데이터포털 파일데이터. 준공예정일을 입주예정 proxy로 사용.,2026-05-12 17:21:55,15141761.csv,csv,public_allowed,ok,준공예정일을 입주예정 proxy로 사용
lh_public_completion,한국토지주택공사_공공주택 준공예정현황,15141761:323,b2a1c6320cafeebe,여수국동(행복주택) 1,전라남도 여수시 봉산동 00일원,전남,여수시,,,2028-06,2028-06,,120,120,,,,,통합공공임대,,,,,https://www.data.go.kr/data/15141761/fileData.do,공공데이터포털 파일데이터. 준공예정일을 입주예정 proxy로 사용.,2026-05-12 17:21:55,15141761.csv,csv,public_allowed,ok,준공예정일을 입주예정 proxy로 사용
lh_public_completion,한국토지주택공사_공공주택 준공예정현황,15141761:324,4dff93982f95cea8,순천장천 1,전라남도 순천시 장천동 00일원,전남,순천시,,,2026-12,2026-12,,30,30,,,,,통합공공임대,,,,,https://www.data.go.kr/data/15141761/fileData.do,공공데이터포털 파일데이터. 준공예정일을 입주예정 proxy로 사용.,2026-05-12 17:21:55,15141761.csv,csv,public_allowed,ok,준공예정일을 입주예정 proxy로 사용
lh_public_completion,한국토지주택공사_공공주택 준공예정현황,15141761:325,b2e492fcaa719fde,대구성당(통공임) 1,대구광역시 달서구 성당동,대구,달서구,,,2027-06,2027-06,,219,219,,,,,통합공공임대,,,,,https://www.data.go.kr/data/15141761/fileData.do,공공데이터포털 파일데이터. 준공예정일을 입주예정 proxy로 사용.,2026-05-12 17:21:55,15141761.csv,csv,public_allowed,ok,준공예정일을 입주예정 proxy로 사용
lh_public_completion,한국토지주택공사_공공주택 준공예정현황,15141761:326,13066c7b64d9f784,산청산청(통합임대) 1,경상남도 산청군 산청읍,경남,산청군,,,2026-12,2026-12,,30,30,,,,,통합공공임대,,,,,https://www.data.go.kr/data/15141761/fileData.do,공공데이터포털 파일데이터. 준공예정일을 입주예정 proxy로 사용.,2026-05-12 17:21:55,15141761.csv,csv,public_allowed,ok,준공예정일을 입주예정 proxy로 사용
lh_public_completion,한국토지주택공사_공공주택 준공예정현황,15141761:327,e7cb9160e69c0903,강서염창(가로주택) 01,서울특별시 강서구 염창동 283번지,서울,강서구,,,2026-05,2026-05,,14,14,,,,,통합공공임대,,,,,https://www.data.go.kr/data/15141761/fileData.do,공공데이터포털 파일데이터. 준공예정일을 입주예정 proxy로 사용.,2026-05-12 17:21:55,15141761.csv,csv,public_allowed,ok,준공예정일을 입주예정 proxy로 사용
lh_public_completion,한국토지주택공사_공공주택 준공예정현황,15141761:328,4699a2e06d735feb,부산강동 A-2BL 공동주택 건설사업 A-2,부산광역시 강서구 강동동 20-3번지 일원,부산,강서구,,,2029-03,2029-03,,333,333,,,,,공공분양,,,,,https://www.data.go.kr/data/15141761/fileData.do,공공데이터포털 파일데이터. 준공예정일을 입주예정 proxy로 사용.,2026-05-12 17:21:55,15141761.csv,csv,public_allowed,ok,준공예정일을 입주예정 proxy로 사용
lh_public_completion,한국토지주택공사_공공주택 준공예정현황,15141761:329,85840481b725b8c9,부산강동 A1BL A1,부산광역시 강서구 강동동 25-3번지 일대,부산,강서구,,,2028-06,2028-06,,516,516,,,,,통합공공임대,,,,,https://www.data.go.kr/data/15141761/fileData.do,공공데이터포털 파일데이터. 준공예정일을 입주예정 proxy로 사용.,2026-05-12 17:21:55,15141761.csv,csv,public_allowed,ok,준공예정일을 입주예정 proxy로 사용
lh_public_completion,한국토지주택공사_공공주택 준공예정현황,15141761:330,138e36ef10e4ece0,정선여량(마을정비형) 00,강원특별자치도 정선군 여량면,강원,정선군,,,2028-05,2028-05,,40,40,,,,,통합공공임대,,,,,https://www.data.go.kr/data/15141761/fileData.do,공공데이터포털 파일데이터. 준공예정일을 입주예정 proxy로 사용.,2026-05-12 17:21:55,15141761.csv,csv,public_allowed,ok,준공예정일을 입주예정 proxy로 사용
lh_public_completion,한국토지주택공사_공공주택 준공예정현황,15141761:331,1a3d23aaf01a5f7f,정선임계(마을정비형) 00,강원특별자치도 정선군 임계면,강원,정선군,,,2028-05,2028-05,,70,70,,,,,통합공공임대,,,,,https://www.data.go.kr/data/15141761/fileData.do,공공데이터포털 파일데이터. 준공예정일을 입주예정 proxy로 사용.,2026-05-12 17:21:55,15141761.csv,csv,public_allowed,ok,준공예정일을 입주예정 proxy로 사용
lh_public_completion,한국토지주택공사_공공주택 준공예정현황,15141761:332,d2f4e3fba57ceb0f,함양안의(마을정비형) 00,경상남도 함양군 안의면,경남,함양군,,,2028-05,2028-05,,60,60,,,,,통합공공임대,,,,,https://www.data.go.kr/data/15141761/fileData.do,공공데이터포털 파일데이터. 준공예정일을 입주예정 proxy로 사용.,2026-05-12 17:21:55,15141761.csv,csv,public_allowed,ok,준공예정일을 입주예정 proxy로 사용
lh_public_completion,한국토지주택공사_공공주택 준공예정현황,15141761:333,3d76466e1a6090a3,청주동남 A2 A2,충청북도 청주시 상당구 용암동 2942-73번지 일원,충북,청주시 상당구,,,2028-05,2028-05,,650,650,,,,,공공분양,,,,,https://www.data.go.kr/data/15141761/fileData.do,공공데이터포털 파일데이터. 준공예정일을 입주예정 proxy로 사용.,2026-05-12 17:21:55,15141761.csv,csv,public_allowed,ok,준공예정일을 입주예정 proxy로 사용
lh_public_completion,한국토지주택공사_공공주택 준공예정현황,15141761:334,63c1d41950cd4b78,마포연남(가로주택) 01,서울특별시 마포구 연남동 244-16 외 2필지,서울,마포구,,,2028-12,2028-12,,17,17,,,,,통합공공임대,,,,,https://www.data.go.kr/data/15141761/fileData.do,공공데이터포털 파일데이터. 준공예정일을 입주예정 proxy로 사용.,2026-05-12 17:21:55,15141761.csv,csv,public_allowed,ok,준공예정일을 입주예정 proxy로 사용
lh_public_completion,한국토지주택공사_공공주택 준공예정현황,15141761:335,66e015a507e386eb,송파석촌(가로주택) 00,서울특별시 송파구 석촌동 224-4번지 외 5필지,서울,송파구,,,2028-06,2028-06,,11,11,,,,,통합공공임대,,,,,https://www.data.go.kr/data/15141761/fileData.do,공공데이터포털 파일데이터. 준공예정일을 입주예정 proxy로 사용.,2026-05-12 17:21:55,15141761.csv,csv,public_allowed,ok,준공예정일을 입주예정 proxy로 사용
lh_public_completion,한국토지주택공사_공공주택 준공예정현황,15141761:336,1c7b2c9d63f86331,충북혁신 B9 B9,충청북도 음성군 맹동면 충청북도 진천군 음성 충북혁신도시 개발사업지구 B9BL,충북,음성군,,,2028-11,2028-11,,998,998,,,,,공공분양,,,,,https://www.data.go.kr/data/15141761/fileData.do,공공데이터포털 파일데이터. 준공예정일을 입주예정 proxy로 사용.,2026-05-12 17:21:55,15141761.csv,csv,public_allowed,ok,준공예정일을 입주예정 proxy로 사용
lh_public_completion,한국토지주택공사_공공주택 준공예정현황,15141761:337,7847d68108a9255a,대덕특구 R&D 2단계 A4BL A4,대전광역시 유성구 신동 신동 둔곡동 일원,대전,유성구,,,2028-06,2028-06,,575,575,,,,,공공분양,,,,,https://www.data.go.kr/data/15141761/fileData.do,공공데이터포털 파일데이터. 준공예정일을 입주예정 proxy로 사용.,2026-05-12 17:21:55,15141761.csv,csv,public_allowed,ok,준공예정일을 입주예정 proxy로 사용
lh_public_completion,한국토지주택공사_공공주택 준공예정현황,15141761:338,ced708f342b58694,대덕특구 R&D 2단계 A4BL A4,대전광역시 유성구 신동 신동 둔곡동 일원,대전,유성구,,,2028-06,2028-06,,98,98,,,,,공공임대(6년),,,,,https://www.data.go.kr/data/15141761/fileData.do,공공데이터포털 파일데이터. 준공예정일을 입주예정 proxy로 사용.,2026-05-12 17:21:55,15141761.csv,csv,public_allowed,ok,준공예정일을 입주예정 proxy로 사용
lh_public_completion,한국토지주택공사_공공주택 준공예정현황,15141761:339,6172d0fb303954f0,평창장평(고령자복지) 1,강원특별자치도 평창군 용평면 317-2 일원,강원,평창군,,,2027-11,2027-11,,68,68,,,,,통합공공임대,,,,,https://www.data.go.kr/data/15141761/fileData.do,공공데이터포털 파일데이터. 준공예정일을 입주예정 proxy로 사용.,2026-05-12 17:21:55,15141761.csv,csv,public_allowed,ok,준공예정일을 입주예정 proxy로 사용
lh_public_completion,한국토지주택공사_공공주택 준공예정현황,15141761:340,47e8dcafae3b0055,석문국가산단 B-6 B-6,충청남도 당진시 석문면 고대면 성산리 일원 석문국가산업단지 내 B-6BL,충남,당진시,,,2028-08,2028-08,,1124,1124,,,,,공공분양,,,,,https://www.data.go.kr/data/15141761/fileData.do,공공데이터포털 파일데이터. 준공예정일을 입주예정 proxy로 사용.,2026-05-12 17:21:55,15141761.csv,csv,public_allowed,ok,준공예정일을 입주예정 proxy로 사용
lh_public_completion,한국토지주택공사_공공주택 준공예정현황,15141761:341,bde182116e94b2cd,파주운정A40 A40,경기도 파주시,경기,파주시,,,2029-12,2029-12,,419,419,,,,,공공분양,,,,,https://www.data.go.kr/data/15141761/fileData.do,공공데이터포털 파일데이터. 준공예정일을 입주예정 proxy로 사용.,2026-05-12 17:21:55,15141761.csv,csv,public_allowed,ok,준공예정일을 입주예정 proxy로 사용
lh_public_completion,한국토지주택공사_공공주택 준공예정현황,15141761:342,ccba23ba71936c37,병점복합타운(주상복합) 주복1,경기도 화성시 병점동,경기,화성시,,,2029-10,2029-10,,780,780,,,,,공공분양,,,,,https://www.data.go.kr/data/15141761/fileData.do,공공데이터포털 파일데이터. 준공예정일을 입주예정 proxy로 사용.,2026-05-12 17:21:55,15141761.csv,csv,public_allowed,ok,준공예정일을 입주예정 proxy로 사용
lh_public_completion,한국토지주택공사_공공주택 준공예정현황,15141761:343,be9ee4ec484e6a89,평택고덕 A-56BL 민간참여 공공주택 건설사업 A-56BL,경기도 평택시 고덕동 고덕면 일원,경기,평택시,,,2028-12,2028-12,,1499,1499,,,,,공공임대(6년),,,,,https://www.data.go.kr/data/15141761/fileData.do,공공데이터포털 파일데이터. 준공예정일을 입주예정 proxy로 사용.,2026-05-12 17:21:55,15141761.csv,csv,public_allowed,ok,준공예정일을 입주예정 proxy로 사용
lh_public_completion,한국토지주택공사_공공주택 준공예정현황,15141761:344,2df4e3b9fdf332f9,의정부법조타운 A-3BL A-3,경기도 의정부시 고산동,경기,의정부시,,,2029-01,2029-01,,528,528,,,,,통합공공임대,,,,,https://www.data.go.kr/data/15141761/fileData.do,공공데이터포털 파일데이터. 준공예정일을 입주예정 proxy로 사용.,2026-05-12 17:21:55,15141761.csv,csv,public_allowed,ok,준공예정일을 입주예정 proxy로 사용
lh_public_completion,한국토지주택공사_공공주택 준공예정현황,15141761:345,996625d5ae006e5e,의정부법조타운 S-1BL S1,경기도 의정부시 고산동,경기,의정부시,,,2029-09,2029-09,,354,354,,,,,공공분양,,,,,https://www.data.go.kr/data/15141761/fileData.do,공공데이터포털 파일데이터. 준공예정일을 입주예정 proxy로 사용.,2026-05-12 17:21:55,15141761.csv,csv,public_allowed,ok,준공예정일을 입주예정 proxy로 사용
lh_public_completion,한국토지주택공사_공공주택 준공예정현황,15141761:346,9b38525da3396e83,의정부법조타운 S-3BL S3,경기도 의정부시 고산동,경기,의정부시,,,2029-09,2029-09,,544,544,,,,,공공분양,,,,,https://www.data.go.kr/data/15141761/fileData.do,공공데이터포털 파일데이터. 준공예정일을 입주예정 proxy로 사용.,2026-05-12 17:21:55,15141761.csv,csv,public_allowed,ok,준공예정일을 입주예정 proxy로 사용
lh_public_completion,한국토지주택공사_공공주택 준공예정현황,15141761:347,738b56e12184945c,남원주역세권 A-3,강원특별자치도 원주시 무실동 강원 원주시 무실동,강원,원주시,,,2027-02,2027-02,,397,397,,,,,공공분양,,,,,https://www.data.go.kr/data/15141761/fileData.do,공공데이터포털 파일데이터. 준공예정일을 입주예정 proxy로 사용.,2026-05-12 17:21:55,15141761.csv,csv,public_allowed,ok,준공예정일을 입주예정 proxy로 사용
lh_public_completion,한국토지주택공사_공공주택 준공예정현황,15141761:348,dcc585b40872e477,남원주역세권 A-3,강원특별자치도 원주시 무실동 강원 원주시 무실동,강원,원주시,,,2027-02,2027-02,,198,198,,,,,행복주택,,,,,https://www.data.go.kr/data/15141761/fileData.do,공공데이터포털 파일데이터. 준공예정일을 입주예정 proxy로 사용.,2026-05-12 17:21:55,15141761.csv,csv,public_allowed,ok,준공예정일을 입주예정 proxy로 사용
lh_public_completion,한국토지주택공사_공공주택 준공예정현황,15141761:349,15636616f2972dbb,괴산미니복합타운 A1,충청북도 괴산군 괴산읍,충북,괴산군,,,2026-06,2026-06,,350,350,,,,,행복주택,,,,,https://www.data.go.kr/data/15141761/fileData.do,공공데이터포털 파일데이터. 준공예정일을 입주예정 proxy로 사용.,2026-05-12 17:21:55,15141761.csv,csv,public_allowed,ok,준공예정일을 입주예정 proxy로 사용
lh_public_completion,한국토지주택공사_공공주택 준공예정현황,15141761:350,3cf8b217b646961e,괴산미니복합타운 A3,충청북도 괴산군 괴산읍,충북,괴산군,,,2028-06,2028-06,,424,424,,,,,공공분양,,,,,https://www.data.go.kr/data/15141761/fileData.do,공공데이터포털 파일데이터. 준공예정일을 입주예정 proxy로 사용.,2026-05-12 17:21:55,15141761.csv,csv,public_allowed,ok,준공예정일을 입주예정 proxy로 사용
lh_public_completion,한국토지주택공사_공공주택 준공예정현황,15141761:351,d8c6231091c7896b,과천지식S11BL(행복주택리츠) S11BL,경기도 과천시 갈현동 갈현동문원동 일원 과천지식정보타운 공공주택지구,경기,과천시,,,2026-05,2026-05,,846,846,,,,,행복주택,,,,,https://www.data.go.kr/data/15141761/fileData.do,공공데이터포털 파일데이터. 준공예정일을 입주예정 proxy로 사용.,2026-05-12 17:21:55,15141761.csv,csv,public_allowed,ok,준공예정일을 입주예정 proxy로 사용
local_construction,부산광역시_동래구_주택건설사업계획 승인 현황,3079705:1,17b0cf5aaa633cda,삼정그린코아포레스트,부산광역시 동래구 온천동 1592-1번지 일원,부산,동래구,,,2018-04,2018-04,,582,582,,,,,,국제자산신탁(주),,,,https://www.data.go.kr/data/3079705/fileData.do,공공데이터포털 지자체/기관 파일데이터. 준공/입주시기 예정값.,2026-05-12 17:21:55,3079705.csv,csv,public_allowed,ok,준공예정일을 입주예정 proxy로 사용
local_construction,부산광역시_동래구_주택건설사업계획 승인 현황,3079705:2,40d91acc6a585255,부영효성해링턴플레이스,부산광역시 동래구 온천동 1361번지 일원,부산,동래구,,,2019-05,2019-05,,762,762,,,,,,(주)케이비부동산신탁,,,,https://www.data.go.kr/data/3079705/fileData.do,공공데이터포털 지자체/기관 파일데이터. 준공/입주시기 예정값.,2026-05-12 17:21:55,3079705.csv,csv,public_allowed,ok,준공예정일을 입주예정 proxy로 사용
local_construction,부산광역시_동래구_주택건설사업계획 승인 현황,3079705:3,fda6ded1697af919,명장동 동일스위트,부산광역시 동래구 명장동 530-1번지 일원,부산,동래구,,,2018-01,2018-01,,702,702,,,,,,(주)동일,,,,https://www.data.go.kr/data/3079705/fileData.do,공공데이터포털 지자체/기관 파일데이터. 준공/입주시기 예정값.,2026-05-12 17:21:55,3079705.csv,csv,public_allowed,ok,준공예정일을 입주예정 proxy로 사용
local_construction,부산광역시_동래구_주택건설사업계획 승인 현황,3079705:4,c61bf8f4e5a1a263,동래 꿈에 그린,부산광역시 동래구 낙민동 133-3번지 일원,부산,동래구,,,2018-08,2018-08,,732,732,,,,,,(주)생보부동산신탁,,,,https://www.data.go.kr/data/3079705/fileData.do,공공데이터포털 지자체/기관 파일데이터. 준공/입주시기 예정값.,2026-05-12 17:21:55,3079705.csv,csv,public_allowed,ok,준공예정일을 입주예정 proxy로 사용
local_construction,부산광역시_동래구_주택건설사업계획 승인 현황,3079705:5,26b3beb9e7d5a0e9,사직삼정그린코아더베스트2차,부산광역시 동래구 사직동 94-3번지 일원,부산,동래구,,,2018-05,2018-05,,230,230,,,,,,(주)삼정코아건설,,,,https://www.data.go.kr/data/3079705/fileData.do,공공데이터포털 지자체/기관 파일데이터. 준공/입주시기 예정값.,2026-05-12 17:21:55,3079705.csv,csv,public_allowed,ok,준공예정일을 입주예정 proxy로 사용
local_construction,부산광역시_동래구_주택건설사업계획 승인 현황,3079705:6,ef2cf10b3b975278,대가하이츠,부산광역시 동래구 명장동 519-4번지,부산,동래구,,,2017-12,2017-12,,51,51,,,,,,(주)대가종합건설,,,,https://www.data.go.kr/data/3079705/fileData.do,공공데이터포털 지자체/기관 파일데이터. 준공/입주시기 예정값.,2026-05-12 17:21:55,3079705.csv,csv,public_allowed,ok,준공예정일을 입주예정 proxy로 사용
local_construction,부산광역시_동래구_주택건설사업계획 승인 현황,3079705:7,1d430b9863d14332,동래지웰,부산광역시 동래구 온천동 1186-2번지 일원,부산,동래구,,,2018-07,2018-07,,219,219,,,,,,(주)한국토지신탁,,,,https://www.data.go.kr/data/3079705/fileData.do,공공데이터포털 지자체/기관 파일데이터. 준공/입주시기 예정값.,2026-05-12 17:21:55,3079705.csv,csv,public_allowed,ok,준공예정일을 입주예정 proxy로 사용
local_construction,부산광역시_동래구_주택건설사업계획 승인 현황,3079705:8,66dd8704f0baf39d,힐스테이트 명륜,부산광역시 동래구 명륜동 71번지 일원,부산,동래구,,,2018-12,2018-12,,493,493,,,,,,㈜생보부동산신탁,,,,https://www.data.go.kr/data/3079705/fileData.do,공공데이터포털 지자체/기관 파일데이터. 준공/입주시기 예정값.,2026-05-12 17:21:55,3079705.csv,csv,public_allowed,ok,준공예정일을 입주예정 proxy로 사용
local_construction,부산광역시_동래구_주택건설사업계획 승인 현황,3079705:9,91fb81df38a92bc2,온천천 경동리인타워,부산광역시 동래구 낙민동 79-4번지,부산,동래구,,,2019-05,2019-05,,310,310,,,,,,태건산업(주),,,,https://www.data.go.kr/data/3079705/fileData.do,공공데이터포털 지자체/기관 파일데이터. 준공/입주시기 예정값.,2026-05-12 17:21:55,3079705.csv,csv,public_allowed,ok,준공예정일을 입주예정 proxy로 사용
local_construction,부산광역시_동래구_주택건설사업계획 승인 현황,3079705:10,b994604c59e875bd,온천 삼정그린코아더베스트,부산광역시 동래구 온천동 159-18번지 일원,부산,동래구,,,2019-08,2019-08,,340,340,,,,,,(주)우앤리디피엠,,,,https://www.data.go.kr/data/3079705/fileData.do,공공데이터포털 지자체/기관 파일데이터. 준공/입주시기 예정값.,2026-05-12 17:21:55,3079705.csv,csv,public_allowed,ok,준공예정일을 입주예정 proxy로 사용
local_construction,부산광역시_동래구_주택건설사업계획 승인 현황,3079705:11,7806bf6fd646e8dd,사직쌍용예가(사직아시아드 지역주택조합),부산광역시 동래구 사직동 110-1,부산,동래구,,,2020-03,2020-03,,914,914,,,,,,사직지역주택조합 김기동 / 쌍용건설㈜,,,,https://www.data.go.kr/data/3079705/fileData.do,공공데이터포털 지자체/기관 파일데이터. 준공/입주시기 예정값.,2026-05-12 17:21:55,3079705.csv,csv,public_allowed,ok,준공예정일을 입주예정 proxy로 사용
local_construction,부산광역시_동래구_주택건설사업계획 승인 현황,3079705:12,d321b751d764d9ae,두비앙에코힐(동래온천동 지역주택조합),부산광역시 동래구 온천동 산 222-1번지,부산,동래구,,,2019-06,2019-06,,219,219,,,,,,동래온천동지역주택조합 박만구 / 금상건설㈜,,,,https://www.data.go.kr/data/3079705/fileData.do,공공데이터포털 지자체/기관 파일데이터. 준공/입주시기 예정값.,2026-05-12 17:21:55,3079705.csv,csv,public_allowed,ok,준공예정일을 입주예정 proxy로 사용
local_construction,부산광역시_동래구_주택건설사업계획 승인 현황,3079705:13,29ac0e8dafb268f5,명륜힐스테이트2차,부산광역시 동래구 명륜동 700-101번지 일원,부산,동래구,,,2022-05,2022-05,,854,854,,,,,,㈜생보부동산신탁,,,,https://www.data.go.kr/data/3079705/fileData.do,공공데이터포털 지자체/기관 파일데이터. 준공/입주시기 예정값.,2026-05-12 17:21:55,3079705.csv,csv,public_allowed,ok,준공예정일을 입주예정 proxy로 사용
local_construction,부산광역시_동래구_주택건설사업계획 승인 현황,3079705:14,9b9657426e7720a5,온천천 경동리인타워2차,부산광역시 동래구 수안동 41-7번지,부산,동래구,,,2020-11,2020-11,,176,176,,,,,,청결건설㈜,,,,https://www.data.go.kr/data/3079705/fileData.do,공공데이터포털 지자체/기관 파일데이터. 준공/입주시기 예정값.,2026-05-12 17:21:55,3079705.csv,csv,public_allowed,ok,준공예정일을 입주예정 proxy로 사용
local_construction,부산광역시_동래구_주택건설사업계획 승인 현황,3079705:15,546ed869dda703b4,동래 SK지역주택조합,부산광역시 동래구 온천동 183-3,부산,동래구,,,2021-10,2021-10,,999,999,,,,,,동래SK(구 현대)지역주택조합 김락균 / sk건설㈜,,,,https://www.data.go.kr/data/3079705/fileData.do,공공데이터포털 지자체/기관 파일데이터. 준공/입주시기 예정값.,2026-05-12 17:21:55,3079705.csv,csv,public_allowed,ok,준공예정일을 입주예정 proxy로 사용
local_construction,부산광역시_동래구_주택건설사업계획 승인 현황,3079705:16,35d55f6f9daa236a,온천동 주상복합(더샾),부산광역시 동래구 온천동 455-2,부산,동래구,,,2022-12,2022-12,,603,603,,,,,,(주)하나자산신탁 이창희 / ㈜한국기업 황철호,,,,https://www.data.go.kr/data/3079705/fileData.do,공공데이터포털 지자체/기관 파일데이터. 준공/입주시기 예정값.,2026-05-12 17:21:55,3079705.csv,csv,public_allowed,ok,준공예정일을 입주예정 proxy로 사용
local_construction,부산광역시_동래구_주택건설사업계획 승인 현황,3079705:17,ff4d1870a233eacc,사직지역주택조합 아파트 신축공사,부산광역시 동래구 사직동 566-3번지 일원,부산,동래구,,,2024-04,2024-04,,690,690,,,,,,사직지역주택조합 이은백 / 코오롱글로벌(주),,,,https://www.data.go.kr/data/3079705/fileData.do,공공데이터포털 지자체/기관 파일데이터. 준공/입주시기 예정값.,2026-05-12 17:21:55,3079705.csv,csv,public_allowed,ok,준공예정일을 입주예정 proxy로 사용
local_construction,부산광역시_동래구_주택건설사업계획 승인 현황,3079705:18,65a17c01d84e8123,명장동 기업형 임대주택,부산광역시 동래구 명장동 508-75번지 일원,부산,동래구,,,,,,303,303,,,,,,(주)주안디앤씨,,,,https://www.data.go.kr/data/3079705/fileData.do,공공데이터포털 지자체/기관 파일데이터. 준공/입주시기 예정값.,2026-05-12 17:21:55,3079705.csv,csv,public_allowed,warn,입주예정연월/준공예정월 누락; 준공예정일을 입주예정 proxy로 사용
local_construction,부산광역시_동래구_주택건설사업계획 승인 현황,3079705:19,43ae399a3433a753,온천공원 비공원시설 공동주택 신축공사,부산광역시 동래구 온천동 산 202-6번지 일원,부산,동래구,,,,,,360,360,,,,,,온천공원개발주식회사,,,,https://www.data.go.kr/data/3079705/fileData.do,공공데이터포털 지자체/기관 파일데이터. 준공/입주시기 예정값.,2026-05-12 17:21:55,3079705.csv,csv,public_allowed,warn,입주예정연월/준공예정월 누락; 준공예정일을 입주예정 proxy로 사용
local_construction,부산광역시_동래구_주택건설사업계획 승인 현황,3079705:20,36d34219f9551d5a,낙민동 공동주택 신축공사,부산광역시 동래구 낙민동 76-1번지 일원,부산,동래구,,,2026-10,2026-10,,400,400,,,,,,(주)하나자산신탁 / (주)반도건설,,,,https://www.data.go.kr/data/3079705/fileData.do,공공데이터포털 지자체/기관 파일데이터. 준공/입주시기 예정값.,2026-05-12 17:21:55,3079705.csv,csv,public_allowed,ok,준공예정일을 입주예정 proxy로 사용
local_construction,부산광역시_동래구_주택건설사업계획 승인 현황,3079705:21,7ae1ae37147cea7f,수안지역주택조합 아파트 신축공사,부산광역시 동래구 수안동 36-2번지 일원,부산,동래구,,,2027-11,2027-11,,870,870,,,,,,수안지역주택조합 정현식 / 롯데건설(주),,,,https://www.data.go.kr/data/3079705/fileData.do,공공데이터포털 지자체/기관 파일데이터. 준공/입주시기 예정값.,2026-05-12 17:21:55,3079705.csv,csv,public_allowed,ok,준공예정일을 입주예정 proxy로 사용
local_construction,부산광역시_동래구_주택건설사업계획 승인 현황,3079705:22,b0c81fd0280177c8,명륜동 115-8일원 주택건설사업,부산광역시 동래구 명륜동 115-8번지 일원,부산,동래구,,,,,,110,110,,,,,,코리아신탁(주),,,,https://www.data.go.kr/data/3079705/fileData.do,공공데이터포털 지자체/기관 파일데이터. 준공/입주시기 예정값.,2026-05-12 17:21:55,3079705.csv,csv,public_allowed,warn,입주예정연월/준공예정월 누락; 준공예정일을 입주예정 proxy로 사용
local_construction,부산광역시_동래구_주택건설사업계획 승인 현황,3079705:23,ebd1ea9a510cc209,온천장지역주택조합 아파트 신축공사,부산광역시 동래구 온천동 147-52번지 일원,부산,동래구,,,2029-02,2029-02,,384,384,,,,,,온천장지역주택조합 / ㈜코오롱글로벌,,,,https://www.data.go.kr/data/3079705/fileData.do,공공데이터포털 지자체/기관 파일데이터. 준공/입주시기 예정값.,2026-05-12 17:21:55,3079705.csv,csv,public_allowed,ok,준공예정일을 입주예정 proxy로 사용
local_construction,대구광역시 동구_공동주택(아파트)시공현황,15032289:1,5e0b1ca2544d2c46,백합아파트 재건축 정비사업,동구 신천동 301-2 일원,,동구,,,2025-09,2025-09,,257,257,,,,,준공,,화성산업㈜,,,https://www.data.go.kr/data/15032289/fileData.do,공공데이터포털 지자체/기관 파일데이터. 준공/입주시기 예정값.,2026-05-12 17:21:55,15032289.csv,csv,public_allowed,ok,준공예정일을 입주예정 proxy로 사용
local_construction,대구광역시 동구_공동주택(아파트)시공현황,15032289:2,2888bea06e34b6dd,신암4동 뉴타운 재건축정비사업,동구 신암동 255-14 일원,,동구,,,2023-06,2023-06,,1079,1079,,,,,준공,,화성산업㈜,,,https://www.data.go.kr/data/15032289/fileData.do,공공데이터포털 지자체/기관 파일데이터. 준공/입주시기 예정값.,2026-05-12 17:21:55,15032289.csv,csv,public_allowed,ok,준공예정일을 입주예정 proxy로 사용
local_construction,대구광역시 동구_공동주택(아파트)시공현황,15032289:3,2d58cf7f855ce5dc,신암5동 동자02지구 재개발정비사업,동구 신암동 81-1 일원,,동구,,,2024-01,2024-01,,935,935,,,,,준공,,한진중공업,,,https://www.data.go.kr/data/15032289/fileData.do,공공데이터포털 지자체/기관 파일데이터. 준공/입주시기 예정값.,2026-05-12 17:21:55,15032289.csv,csv,public_allowed,ok,준공예정일을 입주예정 proxy로 사용
local_construction,대구광역시 동구_공동주택(아파트)시공현황,15032289:4,ceb7e756daf3310c,동신천연합 재건축정비사업,동구 신천동 353-1 일원,,동구,,,2025-06,2025-06,,1190,1190,,,,,준공,,㈜포스코건설,,,https://www.data.go.kr/data/15032289/fileData.do,공공데이터포털 지자체/기관 파일데이터. 준공/입주시기 예정값.,2026-05-12 17:21:55,15032289.csv,csv,public_allowed,ok,준공예정일을 입주예정 proxy로 사용
local_construction,대구광역시 동구_공동주택(아파트)시공현황,15032289:5,a3c7eebfcbf029d0,신암6재정비 촉진구역 재개발정비사업,동구 신암동 674-20 일원,,동구,,,2024-03,2024-03,,1265,1265,,,,,준공,,효성진흥공동사업단,,,https://www.data.go.kr/data/15032289/fileData.do,공공데이터포털 지자체/기관 파일데이터. 준공/입주시기 예정값.,2026-05-12 17:21:55,15032289.csv,csv,public_allowed,ok,준공예정일을 입주예정 proxy로 사용
local_construction,대구광역시 동구_공동주택(아파트)시공현황,15032289:6,86625d1a84616f6f,신암8재정비 촉진구역 재개발정비사업,동구 신암동 680-27 일원,,동구,,,2023-06,2023-06,,1122,1122,,,,,준공,,한진중공업,,,https://www.data.go.kr/data/15032289/fileData.do,공공데이터포털 지자체/기관 파일데이터. 준공/입주시기 예정값.,2026-05-12 17:21:55,15032289.csv,csv,public_allowed,ok,준공예정일을 입주예정 proxy로 사용
local_construction,대구광역시 동구_공동주택(아파트)시공현황,15032289:7,4ce01860500de399,효동지구 재건축정비사업,동구 효목동 637-1 일원,,동구,,,2024-04,2024-04,,627,627,,,,,준공,,㈜동원개발,,,https://www.data.go.kr/data/15032289/fileData.do,공공데이터포털 지자체/기관 파일데이터. 준공/입주시기 예정값.,2026-05-12 17:21:55,15032289.csv,csv,public_allowed,ok,준공예정일을 입주예정 proxy로 사용
local_construction,대구광역시 동구_공동주택(아파트)시공현황,15032289:8,f108b5444fce4185,안심뉴타운 B4블럭 공동주택,동구 율암동안심뉴타운 B4블럭,,동구,,,2023-04,2023-04,,759,759,,,,,준공,,㈜라인건설,,,https://www.data.go.kr/data/15032289/fileData.do,공공데이터포털 지자체/기관 파일데이터. 준공/입주시기 예정값.,2026-05-12 17:21:55,15032289.csv,csv,public_allowed,ok,준공예정일을 입주예정 proxy로 사용
local_construction,대구광역시 동구_공동주택(아파트)시공현황,15032289:9,4447bc47db46b4a6,신암동 주거복합,동구 신암동 207-1 일원,,동구,,,2024-05,2024-05,,329,329,,,,,준공,,보광종합건설㈜,,,https://www.data.go.kr/data/15032289/fileData.do,공공데이터포털 지자체/기관 파일데이터. 준공/입주시기 예정값.,2026-05-12 17:21:55,15032289.csv,csv,public_allowed,ok,준공예정일을 입주예정 proxy로 사용
local_construction,대구광역시 동구_공동주택(아파트)시공현황,15032289:10,8026ea4f41c17ee1,신암동 데시앙,동구 신암동 451-1 일원,,동구,,,2023-09,2023-09,,860,860,,,,,준공,,㈜태영건설,,,https://www.data.go.kr/data/15032289/fileData.do,공공데이터포털 지자체/기관 파일데이터. 준공/입주시기 예정값.,2026-05-12 17:21:55,15032289.csv,csv,public_allowed,ok,준공예정일을 입주예정 proxy로 사용
local_construction,대구광역시 동구_공동주택(아파트)시공현황,15032289:11,d220adb247e2c12f,동대구 동화아이위시,동구 신천동 56-1,,동구,,,2023-12,2023-12,,144,144,,,,,준공,,동화주택,,,https://www.data.go.kr/data/15032289/fileData.do,공공데이터포털 지자체/기관 파일데이터. 준공/입주시기 예정값.,2026-05-12 17:21:55,15032289.csv,csv,public_allowed,ok,준공예정일을 입주예정 proxy로 사용
local_construction,대구광역시 동구_공동주택(아파트)시공현황,15032289:12,e9a66cf382a42351,신기역 극동스타클래스,동구 신기동 160-14,,동구,,,2023-08,2023-08,,142,142,,,,,준공,,(주)극동건설,,,https://www.data.go.kr/data/15032289/fileData.do,공공데이터포털 지자체/기관 파일데이터. 준공/입주시기 예정값.,2026-05-12 17:21:55,15032289.csv,csv,public_allowed,ok,준공예정일을 입주예정 proxy로 사용
local_construction,대구광역시 동구_공동주택(아파트)시공현황,15032289:13,34ccce7d8b89e613,효목동 공동주택,동구 효목동 430-4 일원,,동구,,,2024-11,2024-11,,794,794,,,,,준공,,㈜대우건설,,,https://www.data.go.kr/data/15032289/fileData.do,공공데이터포털 지자체/기관 파일데이터. 준공/입주시기 예정값.,2026-05-12 17:21:55,15032289.csv,csv,public_allowed,ok,준공예정일을 입주예정 proxy로 사용
local_construction,대구광역시 동구_공동주택(아파트)시공현황,15032289:14,b337c99220e49544,신암2재정비 촉진구역 주택재개발정비사업,동구 신암동 139-69 일원,,동구,,,2025-04,2025-04,,1458,1458,,,,,준공,,화성산업㈜,,,https://www.data.go.kr/data/15032289/fileData.do,공공데이터포털 지자체/기관 파일데이터. 준공/입주시기 예정값.,2026-05-12 17:21:55,15032289.csv,csv,public_allowed,ok,준공예정일을 입주예정 proxy로 사용
local_construction,대구광역시 동구_공동주택(아파트)시공현황,15032289:15,1f4fbb4ec6db9e4d,동대구역 엘크루 더센트럴,동구 신암동 259-5,,동구,,,2024-03,2024-03,,191,191,,,,,준공,,대우조선해양(주),,,https://www.data.go.kr/data/15032289/fileData.do,공공데이터포털 지자체/기관 파일데이터. 준공/입주시기 예정값.,2026-05-12 17:21:55,15032289.csv,csv,public_allowed,ok,준공예정일을 입주예정 proxy로 사용
local_construction,대구광역시 동구_공동주택(아파트)시공현황,15032289:16,a88ab721cde5ef69,안심뉴타운 B3 블록 공동주택,동구 안심뉴타운 도시개발구역 B3블록,,동구,,,2022-12,2022-12,,315,315,,,,,준공,,㈜호반산업,,,https://www.data.go.kr/data/15032289/fileData.do,공공데이터포털 지자체/기관 파일데이터. 준공/입주시기 예정값.,2026-05-12 17:21:55,15032289.csv,csv,public_allowed,ok,준공예정일을 입주예정 proxy로 사용
local_construction,대구광역시 동구_공동주택(아파트)시공현황,15032289:17,1698b9382ad4e7cb,용계동 A1 블록 공동주택,동구 용계동 575-12 일원,,동구,,,2023-10,2023-10,,745,745,,,,,준공,,㈜대우건설,,,https://www.data.go.kr/data/15032289/fileData.do,공공데이터포털 지자체/기관 파일데이터. 준공/입주시기 예정값.,2026-05-12 17:21:55,15032289.csv,csv,public_allowed,ok,준공예정일을 입주예정 proxy로 사용
local_construction,대구광역시 동구_공동주택(아파트)시공현황,15032289:18,f0659141698b8e24,안심청아람 더 영,동구 율암동 1294,,동구,,,2024-07,2024-07,,366,366,,,,,준공,,(주)케이알산업,,,https://www.data.go.kr/data/15032289/fileData.do,공공데이터포털 지자체/기관 파일데이터. 준공/입주시기 예정값.,2026-05-12 17:21:55,15032289.csv,csv,public_allowed,ok,준공예정일을 입주예정 proxy로 사용
local_construction,대구광역시 동구_공동주택(아파트)시공현황,15032289:19,f7d5601b79489994,용계동 A2 블록 공동주택,동구 용계동 492-1 일원,,동구,,,2023-10,2023-10,,568,568,,,,,준공,,㈜대우건설,,,https://www.data.go.kr/data/15032289/fileData.do,공공데이터포털 지자체/기관 파일데이터. 준공/입주시기 예정값.,2026-05-12 17:21:55,15032289.csv,csv,public_allowed,ok,준공예정일을 입주예정 proxy로 사용
local_construction,대구광역시 동구_공동주택(아파트)시공현황,15032289:20,c8b0b92b5340a433,e편한세상 동대구역 센텀스퀘어,동구 신천동 328-1 일원,,동구,,,2025-10,2025-10,,322,322,,,,,준공,,디엘이앤씨㈜,,,https://www.data.go.kr/data/15032289/fileData.do,공공데이터포털 지자체/기관 파일데이터. 준공/입주시기 예정값.,2026-05-12 17:21:55,15032289.csv,csv,public_allowed,ok,준공예정일을 입주예정 proxy로 사용
local_construction,대구광역시 동구_공동주택(아파트)시공현황,15032289:21,5484bf77a47b2827,동부정류장 후적지 주거복합,동구 신천동 481-1 일원,,동구,,,2025-10,2025-10,,418,418,,,,,준공,,㈜태영건설,,,https://www.data.go.kr/data/15032289/fileData.do,공공데이터포털 지자체/기관 파일데이터. 준공/입주시기 예정값.,2026-05-12 17:21:55,15032289.csv,csv,public_allowed,ok,준공예정일을 입주예정 proxy로 사용
local_construction,대구광역시 동구_공동주택(아파트)시공현황,15032289:22,9ea19161cb9c36cc,힐스테이트 동대구 센트럴,동구 신천동 137-1 일원,,동구,,,2025-11,2025-11,,481,481,,,,,,,현대건설㈜,,,https://www.data.go.kr/data/15032289/fileData.do,공공데이터포털 지자체/기관 파일데이터. 준공/입주시기 예정값.,2026-05-12 17:21:55,15032289.csv,csv,public_allowed,ok,준공예정일을 입주예정 proxy로 사용
local_construction,대구광역시 동구_공동주택(아파트)시공현황,15032289:23,050ef820e903318d,대구방촌 LH참여형 가로주택 정비사업,동구 방촌동 1002-8 일원,,동구,,,2026-12,2026-12,,154,154,,,,,,,화성개발(주),,,https://www.data.go.kr/data/15032289/fileData.do,공공데이터포털 지자체/기관 파일데이터. 준공/입주시기 예정값.,2026-05-12 17:21:55,15032289.csv,csv,public_allowed,ok,준공예정일을 입주예정 proxy로 사용
local_construction,대구광역시 동구_공동주택(아파트)시공현황,15032289:24,cada94a7013e7129,신천동 311-4 주거복합,동구 신천동 311-4 일원,,동구,,,2026-01,2026-01,,540,540,,,,,,,(주)대우건설,,,https://www.data.go.kr/data/15032289/fileData.do,공공데이터포털 지자체/기관 파일데이터. 준공/입주시기 예정값.,2026-05-12 17:21:55,15032289.csv,csv,public_allowed,ok,준공예정일을 입주예정 proxy로 사용
local_construction,대구광역시 동구_공동주택(아파트)시공현황,15032289:25,9d9dd05064e82c13,신암동 삼정그린코아 더베스트,동구 신암동 225-4 일원,,동구,,,2028-01,2028-01,,850,850,,,,,,,삼정건설(주),,,https://www.data.go.kr/data/15032289/fileData.do,공공데이터포털 지자체/기관 파일데이터. 준공/입주시기 예정값.,2026-05-12 17:21:55,15032289.csv,csv,public_allowed,ok,준공예정일을 입주예정 proxy로 사용
local_construction,행정중심복합도시건설청_행복도시 공동주택 준공계획,15064155:1,612537daef39e98f,행복도시 6-3生 M1,세종특별자치시 6-3生 M1,세종,,,,2025-11,2025-11,,238,238,,,,,행복주택,LH,,,,https://www.data.go.kr/data/15064155/fileData.do,공공데이터포털 지자체/기관 파일데이터. 준공/입주시기 예정값.,2026-05-12 17:21:55,15064155.csv,csv,public_allowed,ok,준공예정일을 입주예정 proxy로 사용
local_construction,행정중심복합도시건설청_행복도시 공동주택 준공계획,15064155:2,a428a019315dff54,행복도시 6-3生 M4,세종특별자치시 6-3生 M4,세종,,,,2025-01,2025-01,,159,159,,,,,통합공공임대,LH,,,,https://www.data.go.kr/data/15064155/fileData.do,공공데이터포털 지자체/기관 파일데이터. 준공/입주시기 예정값.,2026-05-12 17:21:55,15064155.csv,csv,public_allowed,ok,준공예정일을 입주예정 proxy로 사용
local_construction,행정중심복합도시건설청_행복도시 공동주택 준공계획,15064155:3,54d853abec3812ce,행복도시 6-3生 M4,세종특별자치시 6-3生 M4,세종,,,,2025-01,2025-01,,316,316,,,,,신혼희망타운,LH,,,,https://www.data.go.kr/data/15064155/fileData.do,공공데이터포털 지자체/기관 파일데이터. 준공/입주시기 예정값.,2026-05-12 17:21:55,15064155.csv,csv,public_allowed,ok,준공예정일을 입주예정 proxy로 사용
local_construction,행정중심복합도시건설청_행복도시 공동주택 준공계획,15064155:4,7cb469675b4e977b,행복도시 6-3生 M4,세종특별자치시 6-3生 M4,세종,,,,2025-01,2025-01,,560,560,,,,,공공분양,LH,,,,https://www.data.go.kr/data/15064155/fileData.do,공공데이터포털 지자체/기관 파일데이터. 준공/입주시기 예정값.,2026-05-12 17:21:55,15064155.csv,csv,public_allowed,ok,준공예정일을 입주예정 proxy로 사용
local_construction,행정중심복합도시건설청_행복도시 공동주택 준공계획,15064155:5,c79496c4f7214aa2,행복도시 6-3生 UR1·2,세종특별자치시 6-3生 UR1·2,세종,,,,2025-03,2025-03,,416,416,,,,,통합공공임대,LH,,,,https://www.data.go.kr/data/15064155/fileData.do,공공데이터포털 지자체/기관 파일데이터. 준공/입주시기 예정값.,2026-05-12 17:21:55,15064155.csv,csv,public_allowed,ok,준공예정일을 입주예정 proxy로 사용
