지역코드,시도,시군구,레벨,연도,1인당결정세액_백만원,1인당총급여_백만원,결정세액_금액,결정세액_인원,과세표준_금액,과세표준_인원,급여총계_금액,급여총계_인원,총급여_금액,총급여_인원
A0101,서울,강남구,시군구,2016,12.612701367509128,62.95172186521668,1761616,139670,9108357,185324,13057288,206668,12989836,206346
A0102,서울,강동구,시군구,2016,3.247311242113521,34.52217160400599,298009,91771,3045249,140810,5614760,161837,5577333,161558
A0103,서울,강북구,시군구,2016,1.6735152551811925,25.79614514027025,84141,50278,1248641,86391,2647871,102249,2632574,102053
A0104,서울,강서구,시군구,2016,2.6927789502452057,32.74143332932754,354709,131726,4026675,203712,7710165,233511,7628623,232996
A0105,서울,관악구,시군구,2016,2.005188666180421,28.49039453326457,217188,108313,2893776,173961,5779387,202189,5745259,201656
A0106,서울,광진구,시군구,2016,3.483249149572209,33.66727492148424,270328,77608,2548573,119474,4657189,137927,4631001,137552
A0107,서울,구로구,시군구,2016,2.348943985307621,30.813937380473693,212314,90387,2597886,141311,5055671,163520,5027109,163144
A0108,서울,금천구,시군구,2016,1.5778143598835002,26.36269452845752,74760,47382,1155221,78065,2411167,91194,2397028,90925
A0109,서울,노원구,시군구,2016,2.80334106121228,34.12716585955777,299879,106972,3409255,164920,6503565,189827,6462286,189359
A0110,서울,도봉구,시군구,2016,2.226996499108264,29.159159932053328,134858,60556,1705742,99447,3419968,116832,3398850,116562
A0111,서울,동대문구,시군구,2016,2.4981947720598856,30.295001205773936,155685,62319,1824976,99179,3539255,116466,3517492,116108
A0112,서울,동작구,시군구,2016,3.7079259390346415,36.70539656259855,335241,90412,3148539,133470,5623027,152859,5586855,152208
A0113,서울,마포구,시군구,2016,4.871743600171716,40.60013335991366,431237,88518,3514430,127357,5945288,145901,5906142,145471
A0114,서울,서대문구,시군구,2016,3.779438988422077,35.87739336407845,240909,63742,2251700,96908,4027703,111807,3998679,111454
A0115,서울,서초구,시군구,2016,11.812969663234066,62.99576162265888,1358208,114976,7328188,151458,10594212,167621,10537994,167281
A0116,서울,성동구,시군구,2016,4.755310836908289,39.56274611122,322567,67833,2620443,99141,4470137,112421,4440760,112246
A0117,서울,성북구,시군구,2016,3.996803815752271,35.528799530985964,325128,81347,2875646,125007,5185898,145308,5151143,144985
A0118,서울,송파구,시군구,2016,6.117849827028165,44.65599962879327,988565,161587,7119076,229074,11619948,259057,11548756,258616
A0119,서울,양천구,시군구,2016,5.042170880126651,40.76871000158671,509587,101065,4079804,148866,6984964,170566,6937326,170163
A0120,서울,영등포구,시군구,2016,4.107963386236573,37.96897438750597,382817,93189,3358259,134616,5837597,153074,5800786,152777
A0121,서울,용산구,시군구,2016,10.484721962179368,53.35852523705754,559989,53410,3127214,74872,4552119,85050,4529872,84895
A0122,서울,은평구,시군구,2016,2.3500242376167813,30.01936841611612,213307,90768,2604028,146623,5155948,170998,5120914,170587
A0123,서울,종로구,시군구,2016,7.584250183370007,44.42581915062828,227482,29994,1430240,43733,2248257,50444,2234441,50296
A0124,서울,중구,시군구,2016,6.398144109132728,40.92556581228621,161342,25217,1092584,37209,1756529,42757,1746785,42682
A0125,서울,중랑구,시군구,2016,1.6448759990346806,26.41927745457157,115870,70443,1751068,118867,3698926,139542,3678356,139230
A0201,인천,강화군,시군구,2016,2.01732356702709,27.978843355965083,17351,8601,228792,14114,465083,16617,461539,16496
A0202,인천,계양구,시군구,2016,1.5390596444592124,26.77453675422521,92636,60190,1494863,100688,3177103,118341,3155754,117864
A0203,인천,미추홀구(남구),시군구,2016,1.3172017444941102,25.837674402421623,96950,73603,1725209,122745,3738032,144365,3713003,143705
A0204,인천,남동구,시군구,2016,1.83012599160056,29.23019162368392,196098,107150,2842691,171320,5808628,198052,5769046,197366
A0205,인천,동구,시군구,2016,1.3065097285611338,26.87706375412751,16317,12489,296945,20546,638751,23672,634890,23622
A0206,인천,부평구,시군구,2016,1.8307357244946572,28.701966230993275,188293,102851,2720370,167005,5574627,193564,5538274,192958
A0207,인천,서구,시군구,2016,1.995099020757649,30.17855575753777,209240,104877,2879692,166670,5822861,192051,5777262,191436
A0208,인천,연수구,시군구,2016,4.077616385391086,39.341602296699286,312166,76556,2832370,109942,4999229,126513,4960740,126094
A0209,인천,옹진군,시군구,2016,1.8332960393824125,34.13889298892989,8193,4469,118582,6080,233663,6857,231291,6775
A0210,인천,중구,시군구,2016,1.9574889778748532,30.721648060766487,48395,24723,671381,37969,1346348,43587,1334702,43445
A0301,경기,가평군,시군구,2016,2.126482213438736,29.027038759689923,18292,8602,233525,13926,470590,16238,468061,16125
A0302,경기,고양시,시군구,2016,3.5309679578267383,35.42380665048504,728075,206197,7084722,318129,13070191,367263,12974288,366259
A0303,경기,과천시,시군구,2016,7.11576031491471,51.120202263424034,97614,13718,674658,18492,1068165,20845,1061511,20765
A0304,경기,광명시,시군구,2016,2.5461753390190025,32.77774217665278,174054,68359,2075210,106611,4012753,122242,3989674,121719
A0305,경기,광주시,시군구,2016,1.7473648668487036,27.406278381965954,119027,68118,1698874,111586,3549316,129079,3530559,128823
A0306,경기,구리시,시군구,2016,2.3773162113246573,31.022552972202856,82752,34809,1034875,56659,2058061,66227,2046806,65978
A0307,경기,군포시,시군구,2016,2.802798765068185,34.54533340585228,180660,64457,2030081,97250,3831803,110738,3810903,110316
A0308,경기,김포시,시군구,2016,2.213315786325297,31.47339353327341,185000,83585,2354626,128763,4664810,147731,4621679,146844
A0309,경기,남양주시,시군구,2016,2.155680237673974,29.183888987112528,227836,105691,2991432,178777,6143416,209875,6107400,209273
A0310,경기,동두천시,시군구,2016,1.0489812172297073,24.25077790742901,15805,15067,333468,26213,753826,30938,748185,30852
A0311,경기,부천시,시군구,2016,2.01487569664354,28.984206252277943,336587,167051,4498832,269982,9125937,313823,9065738,312782
A0312,경기,성남시,시군구,2016,5.9431021915762265,42.315012763888326,1329050,223629,9521567,326142,15753539,370967,15664383,370185
A0313,경기,수원시,시군구,2016,3.644851184010428,37.36599506429072,1006635,276180,9768212,408693,17506569,467882,17427388,466397
A0314,경기,시흥시,시군구,2016,1.3999436607510456,27.584793478842503,129212,92298,2216559,146775,4666247,169279,4639514,168191
A0315,경기,안산시,시군구,2016,1.6729852268342429,28.26062880885377,242797,145128,3659728,228829,7502998,265036,7461456,264023
A0316,경기,안성시,시군구,2016,1.489576379974326,28.44533089967028,58019,38950,945743,59604,1943613,68267,1932462,67936
A0317,경기,안양시,시군구,2016,3.0996561752143226,35.545349645364794,409291,132044,4338303,197112,8024541,225305,7978367,224456
A0318,경기,양주시,시군구,2016,1.2688023790213572,25.43559000055063,46933,36990,844826,62362,1859838,72927,1847743,72644
A0319,경기,양평군,시군구,2016,3.344416358804848,32.345868846755955,51601,15429,495909,24774,934928,28880,929782,28745
A0320,경기,여주시,시군구,2016,1.7110700304480209,27.55794267032518,31470,18392,458057,29813,948834,34505,944080,34258
A0321,경기,연천군,시군구,2016,1.2663237039968342,28.308292758327536,9600,7581,174818,11315,368749,13010,366281,12939
A0322,경기,오산시,시군구,2016,1.9509651274394797,31.141808411102847,91471,46885,1304397,73072,2608863,83651,2596168,83366
A0323,경기,용인시,시군구,2016,4.674084741567471,41.46098245633329,1038605,222205,8759968,321103,15173098,365198,15080230,363721
A0324,경기,의왕시,시군구,2016,3.446384185747288,36.09828419690883,117856,34197,1167680,51654,2133084,58959,2120702,58748
A0325,경기,의정부시,시군구,2016,1.4928925294150763,26.68821861268268,106073,71052,1771908,121455,3823591,142889,3802057,142462
A0326,경기,이천시,시군구,2016,2.926278889145448,35.02434920068331,139405,47639,1504120,69626,2762050,78681,2747380,78442
A0327,경기,파주시,시군구,2016,2.1140460290303,31.55802278795172,191522,90595,2549318,139969,5063093,159980,5035335,159558
A0328,경기,평택시,시군구,2016,2.124927813384582,32.428830548926015,224454,105629,2992305,156292,5808863,178867,5774764,178075
A0329,경기,포천시,시군구,2016,1.0904457325604635,23.68609410592255,32733,30018,614174,48374,1341513,56660,1330969,56192
A0330,경기,하남시,시군구,2016,3.1279600260699545,34.36831936629073,143980,46030,1517799,71939,2864584,82942,2846178,82814
A0331,경기,화성시,시군구,2016,3.5502078165121644,39.19225649451944,652585,183816,6399945,258032,11358646,289351,11305947,288474
A0401,강원,강릉시,시군구,2016,2.189916421141242,29.69392142913604,72841,33262,942436,54505,1890042,63517,1878289,63255
A0402,강원,고성군,시군구,2016,1.386390673328575,26.780858085808585,5827,4203,96051,6466,204020,7598,202865,7575
A0403,강원,동해시,시군구,2016,1.9528565975314929,32.317709289938655,30695,15718,443224,24087,890536,27265,879785,27223
A0404,강원,삼척시,시군구,2016,2.030325720703856,31.597924427887172,21692,10684,302635,16290,600455,18837,593725,18790
A0405,강원,속초시,시군구,2016,1.6168044298210416,27.91740819651585,20147,12461,318045,20775,672799,23984,668259,23937
A0406,강원,양구군,시군구,2016,1.387033398821218,31.672648254591337,6354,4581,109577,6469,227233,7164,225921,7133
A0407,강원,양양군,시군구,2016,1.6813218390804598,28.239639088545648,5851,3480,89291,5688,185855,6621,184659,6539
A0408,강원,영월군,시군구,2016,1.938604013033785,30.728107414354824,11304,5831,157259,8843,313216,10151,311245,10129
A0409,강원,원주시,시군구,2016,2.0868393447914144,30.74062377332905,129311,61965,1737254,97359,3472557,112244,3445778,112092
A0410,강원,인제군,시군구,2016,1.6116078686392457,32.47250823723229,9913,6151,155371,8651,317515,9788,315373,9712
A0411,강원,정선군,시군구,2016,1.706134338588074,29.04821106576825,9957,5836,151597,9034,309971,10566,306081,10537
A0412,강원,철원군,시군구,2016,1.270595457335789,29.865850912093688,10349,8145,189283,11800,399952,13394,397843,13321
A0413,강원,춘천시,시군구,2016,2.1176021460998764,31.199878506985847,102619,48460,1392354,77429,2789301,89168,2773482,88894
A0414,강원,태백시,시군구,2016,1.975051975051975,33.25890919274662,17100,8658,245029,12780,485482,14301,475037,14283
A0415,강원,평창군,시군구,2016,1.9580380455054085,27.57530149541727,10499,5362,141129,8684,286989,10392,285818,10365
A0416,강원,홍천군,시군구,2016,1.6056136037697193,28.400090262890668,15674,9762,243556,15232,506072,17758,503420,17726
A0417,강원,화천군,시군구,2016,1.3248632433386272,31.760818160321588,7508,5667,130940,7552,270089,8635,268633,8458
A0418,강원,횡성군,시군구,2016,1.5147918816649466,26.63339333933393,8807,5814,140525,9585,297761,11196,295897,11110
A0501,대전,대덕구,시군구,2016,1.7597171008885937,28.227169418226584,58222,33086,876877,54512,1799223,63619,1788417,63358
A0502,대전,동구,시군구,2016,1.4826886272690367,26.265222188785238,51132,34486,859168,59465,1844297,70027,1832866,69783
A0503,대전,서구,시군구,2016,2.66337933428807,33.13135565466444,245489,92172,2915144,145878,5601023,168537,5564113,167941
A0504,대전,유성구,시군구,2016,4.227508004911284,43.55977729348437,351196,83074,3284923,116794,5706405,130367,5656542,129857
A0505,대전,중구,시군구,2016,2.1074032599228567,29.349558664120167,84686,40185,1134531,66697,2288782,77794,2274356,77492
A0601,충북,괴산군,시군구,2016,1.6580155719704532,27.91793346552104,8305,5009,125204,7830,255165,9376,253439,9078
A0602,충북,단양군,시군구,2016,1.616125150421179,28.702514150322497,6715,4155,107295,6628,219082,7637,218053,7597
A0603,충북,보은군,시군구,2016,1.6146612008680974,26.764156813939017,6696,4147,103703,6765,216295,8082,215050,8035
A0604,충북,영동군,시군구,2016,1.6362498043512286,27.8999754841873,10454,6389,165363,10372,343485,12372,341412,12237
A0605,충북,옥천군,시군구,2016,1.401032942490229,26.411537083482624,10037,7164,174396,12054,370936,14000,368573,13955
A0606,충북,음성군,시군구,2016,1.1655789116799458,26.599274288342617,27503,23596,505843,34849,1049535,39281,1040936,39134
A0607,충북,제천시,시군구,2016,1.778156359393232,29.118144528282777,38097,21425,568938,34284,1156405,39636,1149992,39494
A0608,충북,증평군,시군구,2016,1.3929622520793346,29.47030932490404,10886,7815,189461,11807,394905,13432,391572,13287
A0609,충북,진천군,시군구,2016,1.3039371808247762,28.104867183633065,23746,18211,417582,27122,858738,30791,851718,30305
A0610,충북,청주시,시군구,2016,2.46824763552158,33.77488927018076,442347,179215,5366605,265507,10214780,301955,10157190,300732
A0611,충북,충주시,시군구,2016,1.6998431091904984,29.21677203020934,61757,36331,933160,56949,1912810,65239,1899470,65013
A0701,충남,계룡시,시군구,2016,2.988061948806195,41.54930541298844,27783,9298,327798,13027,614952,14644,607160,14613
A0702,충남,공주시,시군구,2016,1.7956831900493873,28.926059962150138,29451,16401,434392,25919,876200,30353,871224,30119
A0703,충남,금산군,시군구,2016,1.5629241209130167,27.52376245778766,10134,6484,162209,10525,335994,12232,334166,12141
A0704,충남,논산시,시군구,2016,1.453370046689812,26.89364352673705,24280,16706,411759,27482,870551,32241,863528,32109
A0705,충남,당진시,시군구,2016,2.2087328432057696,35.07464509505434,79013,35773,1051867,50431,1990227,56891,1981507,56494
A0706,충남,보령시,시군구,2016,2.023010794389503,29.82756430612893,31298,15471,429803,24361,852415,28583,845343,28341
A0707,충남,부여군,시군구,2016,1.6111460561076865,26.753406341525533,12807,7949,204556,13072,422577,15843,420189,15706
A0708,충남,서산시,시군구,2016,3.3294681417499854,38.45247926198713,112556,33806,1155260,47839,2079224,54155,2067436,53766
A0709,충남,서천군,시군구,2016,1.5987152034261245,29.11360698125404,11199,7005,179412,10768,362458,12428,360310,12376
A0710,충남,아산시,시군구,2016,2.756935985925024,36.07925110723393,203710,73890,2346476,106065,4321241,119789,4301224,119216
A0711,충남,예산군,시군구,2016,1.489689828452608,27.43448870990939,17194,11542,280497,18143,576670,21388,572256,20859
A0712,충남,천안시,시군구,2016,2.495104798676228,33.95032360061262,361890,145040,4379878,214740,8288006,244323,8246262,242892
A0713,충남,청양군,시군구,2016,1.6745607333842627,28.17717801706055,6576,3927,99270,6174,202238,7176,201495,7151
A0714,충남,태안군,시군구,2016,2.1202439347739626,29.848793603622727,15993,7543,214840,12074,425301,14470,421853,14133
A0715,충남,홍성군,시군구,2016,1.7607816292239715,29.90716409653551,28294,16069,427133,25040,870231,29138,864975,28922
A0901,광주,광산구,시군구,2016,2.283712556100616,31.84046220768325,175042,76648,2288480,124115,4548955,142716,4516283,141841
A0902,광주,남구,시군구,2016,3.0890577422689054,33.1484126984127,110579,35797,1173956,58352,2229297,67147,2213651,66780
A0903,광주,동구,시군구,2016,2.880780681442276,30.941143280318794,43543,15115,463777,24019,883860,28546,877398,28357
A0904,광주,북구,시군구,2016,2.260900140646976,30.14818190299177,163965,72522,2119192,120671,4229486,140116,4201119,139349
A0905,광주,서구,시군구,2016,3.0997389601914294,33.89655752799422,170994,55164,1832384,87892,3444090,101606,3423654,101003
A1001,전북,고창군,시군구,2016,1.6755136986301369,27.853664876104663,9785,5840,155120,10016,323424,11604,321487,11542
A1002,전북,군산시,시군구,2016,2.1260264039072663,32.24272430137614,99683,46887,1371492,73074,2690361,83629,2673341,82913
A1003,전북,김제시,시군구,2016,1.3193220988127154,25.28626583172466,13779,10444,252108,17764,540959,21611,537055,21239
A1004,전북,남원시,시군구,2016,1.6169502476846866,27.169148549784676,15015,9286,249239,16389,527336,19602,523631,19273
A1005,전북,무주군,시군구,2016,1.5547945205479452,26.337632508833924,4086,2628,70047,4579,149872,5696,149071,5660
A1006,전북,부안군,시군구,2016,1.446655231560892,26.467624086671705,8434,5830,148057,10199,317514,12194,315150,11907
A1007,전북,순창군,시군구,2016,1.5270724992352402,28.066935233963434,4992,3269,85986,5599,182211,6711,181144,6454
A1008,전북,완주군,시군구,2016,1.959498355263158,30.81393988151832,28593,14592,422727,23949,847436,27559,842638,27346
A1009,전북,익산시,시군구,2016,1.766249486630785,28.67508577431576,81712,46263,1254216,77442,2587249,90373,2565818,89479
A1010,전북,임실군,시군구,2016,1.5541777384115736,28.684065090574148,5264,3387,90147,5696,187954,6549,186848,6514
A1011,전북,장수군,시군구,2016,1.5668868703550785,27.77367773677737,3795,2422,64760,4263,136254,4923,135480,4878
A1012,전북,전주시,시군구,2016,2.4551978381860806,32.40175235336712,274388,111758,3479286,181699,6749441,207708,6712023,207150
A1013,전북,정읍시,시군구,2016,1.4758318990246702,26.772136068034012,20579,13944,353562,24003,754933,28242,749245,27986
A1014,전북,진안군,시군구,2016,1.6200279134682485,27.9701726844584,4643,2866,77183,4919,161071,5781,160353,5733
A1101,전남,강진군,시군구,2016,1.721763795771016,28.421774814054885,6677,3878,107881,6667,223177,7826,221633,7798
A1102,전남,고흥군,시군구,2016,1.6181087988316905,26.90091743119266,8864,5478,145300,9767,310466,11511,307881,11445
A1103,전남,곡성군,시군구,2016,2.060985797827903,30.68568907192234,7401,3591,104451,5869,209627,6881,208632,6799
A1104,전남,광양시,시군구,2016,3.1081588549969887,37.413012963421686,87734,28227,982806,42840,1826949,48684,1812436,48444
A1105,전남,구례군,시군구,2016,1.801128818061089,28.37265459291891,5425,3012,84306,5301,175013,6344,173896,6129
A1106,전남,나주시,시군구,2016,1.9882857805613547,30.63674098298796,34286,17244,487473,27438,985544,32194,974279,31801
A1107,전남,담양군,시군구,2016,1.9612244897959183,29.255572188955423,12493,6370,176040,10316,355215,12205,351769,12024
A1108,전남,목포시,시군구,2016,1.8622098086914736,28.52278860125137,62006,33297,931875,58137,1940025,67586,1923748,67446
A1109,전남,무안군,시군구,2016,2.099538784067086,32.84433615299743,25037,11925,358750,18940,719928,21896,714430,21752
A1110,전남,보성군,시군구,2016,1.6616795366795367,27.583343262242344,6886,4144,111345,7072,232911,8509,231507,8393
A1111,전남,순천시,시군구,2016,2.7746307057623207,34.14444915510872,125097,45086,1478661,72417,2840272,83134,2818795,82555
A1112,전남,신안군,시군구,2016,1.6018353301045118,29.877679180887373,6284,3923,106412,6419,220842,7469,218854,7325
A1113,전남,여수시,시군구,2016,3.811272307099756,37.36199916578747,178116,46734,1707219,71969,3074018,81817,3045526,81514
A1114,전남,영광군,시군구,2016,2.540084388185654,31.843348495730588,16856,6636,207987,10825,401645,12671,399029,12531
A1115,전남,영암군,시군구,2016,1.590572817586134,28.123320066908924,15050,9462,242535,14967,490289,17522,487574,17337
A1116,전남,완도군,시군구,2016,1.6035476718403547,27.27713851498046,7232,4510,119780,7853,254758,9258,251277,9212
A1117,전남,장성군,시군구,2016,1.7343140198138698,29.158449562114825,11554,6662,177176,10567,362492,12403,359582,12332
A1118,전남,장흥군,시군구,2016,1.619708372530574,28.429348483017044,6887,4252,113910,7147,236853,8301,235196,8273
A1119,전남,진도군,시군구,2016,1.6604503870513725,28.72181685516235,4719,2842,76117,4687,158319,5498,157453,5482
A1120,전남,함평군,시군구,2016,1.8861702127659572,28.44988344988345,7092,3760,101598,6286,209011,7327,207485,7293
A1121,전남,해남군,시군구,2016,1.620600115406809,27.21874328294046,11234,6932,179894,11966,383000,14388,379892,13957
A1122,전남,화순군,시군구,2016,1.6554315645638806,27.242816742081448,14538,8782,230260,15075,486422,17952,481653,17680
A1201,대구,남구,시군구,2016,1.6474787818272592,24.927240014393668,32999,20030,491741,35081,1046161,41849,1039092,41685
A1202,대구,달서구,시군구,2016,2.276621984422878,31.210271479092988,239981,105411,3055081,168152,6040477,193070,6001111,192280
A1203,대구,달성군,시군구,2016,1.4982058058832377,29.31809474562527,69725,46539,1196030,74914,2512182,85326,2494706,85091
A1204,대구,동구,시군구,2016,1.745267250463283,28.44596352938958,96063,55042,1458516,91505,3040216,106449,3016922,106058
A1205,대구,북구,시군구,2016,1.7753103370975425,28.50838193994383,126711,71374,1910438,120129,3984844,139339,3958959,138870
A1206,대구,서구,시군구,2016,0.8913855014754506,22.592874783248384,25072,28127,568615,48750,1301973,57329,1289895,57093
A1207,대구,수성구,시군구,2016,5.01343498495796,41.49513185353823,389955,77782,3189676,115550,5498130,132269,5468021,131775
A1208,대구,중구,시군구,2016,2.370303961748634,30.06540074872581,27761,11712,340683,19045,671294,22250,666580,22171
A1301,경북,경산시,시군구,2016,1.593351142772336,27.79768557854553,69784,43797,1116140,72101,2343456,84368,2322858,83563
A1302,경북,경주시,시군구,2016,2.4451832765356163,32.6714974674648,117672,48124,1435525,71984,2714460,83308,2696248,82526
A1303,경북,고령군,시군구,2016,1.2840660433658246,25.566627295178783,6455,5027,113988,8117,240270,9347,238102,9313
A1304,경북,구미시,시군구,2016,2.553683368158983,34.54531560546529,229760,89972,2800472,134574,5298589,153040,5266537,152453
A1305,경북,군위군,시군구,2016,1.9242214532871973,29.124189240747807,5561,2890,77415,4505,153885,5383,152669,5242
A1306,경북,김천시,시군구,2016,2.1917802438921474,32.44960438661889,51943,23699,695888,36433,1360616,41839,1349287,41581
A1307,경북,문경시,시군구,2016,1.8391400220507168,29.11889012468536,16681,9070,245665,14807,500559,17265,497438,17083
A1308,경북,봉화군,시군구,2016,1.7785488958990536,28.67430578788893,5638,3170,84172,5139,172890,6155,171415,5978
A1309,경북,상주시,시군구,2016,1.7763074413124265,28.700411099691674,19598,11033,301503,18306,618290,21596,614361,21406
A1310,경북,성주군,시군구,2016,1.4258041585214145,25.70537147172661,8023,5627,133263,8863,274600,10828,272297,10593
A1311,경북,안동시,시군구,2016,2.1210076284684383,31.199727192860777,50603,23858,683900,37889,1355633,43506,1349513,43254
A1312,경북,영덕군,시군구,2016,1.562850729517396,25.71523178807947,5570,3564,91441,6039,192620,7499,190267,7399
A1313,경북,영양군,시군구,2016,1.784919653893696,29.69762779819579,2888,1618,44124,2525,89397,3017,88885,2993
A1314,경북,영주시,시군구,2016,2.0466005665722378,30.89960525316936,28898,14120,413108,22735,819345,26652,814081,26346
A1315,경북,영천시,시군구,2016,1.431967428421329,27.2536881689326,21806,15228,367625,24014,760063,27854,753728,27656
A1316,경북,예천군,시군구,2016,1.951048951048951,31.90833075255497,10602,5434,155388,8507,311215,9924,309096,9687
A1317,경북,울릉군,시군구,2016,2.032758620689655,34.6480055983205,3537,1740,51584,2607,100077,2861,99024,2858
A1318,경북,울진군,시군구,2016,2.7485518694049498,34.34865540963102,20878,7596,239510,11089,443066,12913,439388,12792
A1319,경북,의성군,시군구,2016,1.4622735417081425,26.21914893617021,7345,5023,124660,8254,261041,10407,258783,9870
A1320,경북,청도군,시군구,2016,1.7847596249750648,27.365546218487395,8947,5013,128365,8194,262942,9754,260520,9520
A1321,경북,청송군,시군구,2016,1.6761751707513055,27.55933238347242,4172,2489,65982,3936,136190,5085,135399,4913
A1322,경북,칠곡군,시군구,2016,1.7612279025322504,30.59609302325581,44235,25116,663762,37766,1324995,43151,1315632,43000
A1323,경북,포항시,시군구,2016,3.032510967293576,36.51327105195802,279270,92092,3087804,137601,5751080,157106,5706294,156280
A1401,부산,강서구,시군구,2016,2.4251649454962707,34.42520516600295,67633,27888,824163,40637,1579117,45651,1564660,45451
A1402,부산,금정구,시군구,2016,3.0983527243405136,33.02469342108646,134484,43405,1384515,67615,2594538,78078,2569123,77794
A1403,부산,기장군,시군구,2016,2.264869506776687,31.142403565512343,60660,26783,793541,43715,1601990,50804,1579169,50708
A1404,부산,남구,시군구,2016,2.9956750010758704,32.36998484671873,139221,46474,1472478,74097,2812800,86014,2777021,85790
A1405,부산,동구,시군구,2016,1.4388596560119375,24.83764633394948,18321,12733,304241,21791,656434,26053,644984,25968
A1406,부산,동래구,시군구,2016,2.80066735844066,33.10418842224745,137650,49149,1542188,76653,2948188,88318,2916479,88100
A1407,부산,부산진구,시군구,2016,2.0851518841122663,29.04658100235508,133579,64062,1760026,104352,3553360,121234,3515072,121015
A1408,부산,북구,시군구,2016,2.025958191231821,30.100067430883342,114651,56591,1566885,90608,3154359,104063,3124688,103810
A1409,부산,사상구,시군구,2016,1.2740852246410377,25.96526408064869,55015,43180,1002650,70877,2154402,82280,2132631,82134
A1410,부산,사하구,시군구,2016,1.7260106425224366,28.189623224212475,108661,62955,1630199,102262,3377297,118432,3331647,118187
A1411,부산,서구,시군구,2016,2.15795040545305,28.0472027972028,36724,17018,461320,27849,933653,32686,914451,32604
A1412,부산,수영구,시군구,2016,2.800958466453674,31.12992492078799,87670,31300,950424,50159,1831790,58200,1807777,58072
A1413,부산,연제구,시군구,2016,2.706863062479767,32.49797264180368,100338,37068,1147633,58392,2211671,67486,2188056,67329
A1414,부산,영도구,시군구,2016,1.676299653425753,25.948784492346803,31439,18755,474412,31818,1013811,37859,979878,37762
A1415,부산,중구,시군구,2016,1.2590185245368866,22.42896852227481,7748,6154,136871,10946,307516,13391,298552,13311
A1416,부산,해운대구,시군구,2016,5.066963048955846,38.90330367249639,384091,75803,3030579,115770,5244328,133695,5189584,133397
A1501,울산,남구,시군구,2016,4.555447571658115,42.83522118157416,351553,77172,3063809,107485,5183803,120584,5154405,120331
A1502,울산,동구,시군구,2016,3.253505400356445,39.930593253198914,151519,46571,1648006,65159,2907241,72288,2883468,72212
A1503,울산,북구,시군구,2016,4.0671175651482,44.60409583196587,204454,50270,1989555,68901,3414807,76290,3397717,76175
A1504,울산,울주군,시군구,2016,3.127195550351288,36.57333895856505,149555,47824,1587924,69300,2881121,78354,2860730,78219
A1505,울산,중구,시군구,2016,3.9649299372919407,40.27785520340245,204860,51668,1943843,73688,3372323,83412,3352487,83234
A1601,경남,거제시,시군구,2016,3.4772096771693817,40.1165952117154,224360,64523,2423994,92717,4178112,103945,4163902,103795
A1602,경남,거창군,시군구,2016,1.7776461295418642,29.27233039983369,13503,7596,207111,12650,424864,14480,422429,14431
A1603,경남,고성군,시군구,2016,1.4272219836839846,26.716315172817808,9972,6987,174813,11660,368228,13749,364838,13656
A1604,경남,김해시,시군구,2016,1.9945466121635465,30.692116250848432,216155,108373,3008548,170000,6015627,194862,5968880,194476
A1605,경남,남해군,시군구,2016,1.699885452462772,27.63367231638418,7420,4365,118177,7583,248099,8994,244558,8850
A1606,경남,밀양시,시군구,2016,1.685851318944844,27.31494268989449,24605,14595,382748,23954,785258,28962,779268,28529
A1607,경남,사천시,시군구,2016,2.210010427528676,31.46725571725572,42388,19180,559957,30346,1098570,34835,1089774,34632
A1608,경남,산청군,시군구,2016,1.815910249872514,28.542020774315397,7122,3922,104999,6328,213093,7434,211582,7413
A1609,경남,양산시,시군구,2016,1.68663545756569,29.88341931845917,111689,66220,1740314,104329,3585156,119260,3550718,118819
A1610,경남,의령군,시군구,2016,1.4823801270941652,28.43894753426816,5132,3462,88403,5583,181636,6372,180502,6347
A1611,경남,진주시,시군구,2016,2.5418475618955028,33.42346562198376,151639,59657,1846460,92683,3554711,106070,3532125,105678
A1612,경남,창녕군,시군구,2016,1.4505924672027084,27.166261855193152,13711,9452,229719,14794,473352,17338,469759,17292
A1613,경남,창원시,시군구,2016,2.6638010328844937,34.93731041456016,593684,222871,6967316,331577,13161389,374425,13061034,373842
A1614,경남,통영시,시군구,2016,1.5300161685703857,27.63770522537965,29335,19173,493717,32024,1040989,37407,1031909,37337
A1615,경남,하동군,시군구,2016,1.7761875129641154,28.2964671349198,8563,4821,132072,8124,271630,9581,269920,9539
A1616,경남,함안군,시군구,2016,1.6668259276954929,28.69855850120504,20932,12558,314321,19276,636230,22416,631110,21991
A1617,경남,함양군,시군구,2016,1.6377113736391011,27.86448320873383,7070,4317,114291,7227,236146,8608,234814,8427
A1618,경남,합천군,시군구,2016,1.5783695873144947,28.33702737940026,7764,4919,127450,8048,262452,9315,260814,9204
A1701,제주,제주시,시군구,2016,2.2050572997723443,29.07983750124871,171441,77749,2174513,129793,4389021,150621,4366483,150155
A1702,제주,서귀포시,시군구,2016,2.3101888688806063,27.85404818199246,55165,23879,651880,39926,1316092,47351,1307664,46947
A0101,서울,강남구,시군구,2017,14.767208010169831,70.07759813633061,2067734,140022,10167097,181578,14142558,201206,14078169,200894
A0102,서울,강동구,시군구,2017,3.42838972806492,36.16056570300592,326153,95133,3212291,140706,5824940,160371,5788728,160084
A0103,서울,강북구,시군구,2017,1.754671614381189,26.987671649702097,92680,52819,1327609,86988,2764297,102117,2749477,101879
A0104,서울,강서구,시군구,2017,2.910051009411596,34.54071350010829,405050,139190,4381127,208027,8221014,236070,8133889,235487
A0105,서울,관악구,시군구,2017,2.096431669046722,29.637642069053133,239293,114143,3103607,178238,6098873,205325,6065462,204654
A0106,서울,광진구,시군구,2017,3.7249188560230255,35.392401150251615,304121,81645,2756138,122109,4949835,139502,4923083,139100
A0107,서울,구로구,시군구,2017,2.543599970140659,32.40723228597422,238521,93773,2762019,141789,5264673,162000,5236393,161581
A0108,서울,금천구,시군구,2017,1.6975567471676811,27.669772962043123,84209,49606,1238655,78832,2531695,91260,2517894,90998
A0109,서울,노원구,시군구,2017,2.932758401799155,35.44621397270631,323407,110274,3562872,164986,6697695,188364,6657118,187809
A0110,서울,도봉구,시군구,2017,2.314267505775512,30.196398613130523,145255,62765,1786571,99796,3530209,116510,3509818,116233
A0111,서울,동대문구,시군구,2017,2.596478609425339,32.070499155851905,173276,66735,1987053,101855,3783211,117744,3761164,117278
A0112,서울,동작구,시군구,2017,3.952979158675361,38.29478277861004,370995,93852,3359972,135803,5915612,154339,5879398,153530
A0113,서울,마포구,시군구,2017,5.270572972972973,42.60551067083485,487528,92500,3805589,130089,6336265,148218,6296498,147786
A0114,서울,서대문구,시군구,2017,4.027041261624582,37.37606822389973,267613,66454,2398954,97529,4227723,112716,4198678,112336
A0115,서울,서초구,시군구,2017,13.341285824941906,68.37879713713556,1550124,116190,8043965,150226,11359238,165674,11302263,165289
A0116,서울,성동구,시군구,2017,5.221667007986893,42.23353381126353,382461,73245,2955105,103211,4929924,116243,4901455,116056
A0117,서울,성북구,시군구,2017,4.416017491875358,37.36272154008556,369603,83696,3055295,125398,5413273,144303,5379933,143992
A0118,서울,송파구,시군구,2017,6.42529525824079,46.55646991839058,1093521,170190,7648481,235044,12335849,263839,12265302,263450
A0119,서울,양천구,시군구,2017,5.321696904811976,42.63168257299324,556724,104614,4312655,149906,7279487,170083,7231996,169639
A0120,서울,영등포구,시군구,2017,4.364546692963016,39.80412496792405,429323,98366,3645515,138146,6241782,156209,6204667,155880
A0121,서울,용산구,시군구,2017,11.824884049925684,57.13338983641198,660337,55843,3446181,76651,4942793,86315,4920956,86131
A0122,서울,은평구,시군구,2017,2.473783705180938,31.41204876550009,238166,96276,2803426,150051,5452739,172919,5418547,172499
A0123,서울,종로구,시군구,2017,8.062194450739794,46.44762037184173,249017,30887,1509950,43989,2353076,50504,2338359,50344
A0124,서울,중구,시군구,2017,6.752178265544473,43.08396614821592,182113,26971,1190637,38501,1894195,43810,1883631,43720
A0125,서울,중랑구,시군구,2017,1.7708086253369273,27.754856527977044,131394,74200,1880763,120658,3888819,139776,3869027,139400
A0201,인천,강화군,시군구,2017,2.076298016040524,29.83207479323984,19675,9476,252879,14591,501111,16947,497778,16686
A0202,인천,계양구,시군구,2017,1.557004607560225,27.870585992999967,97660,62723,1549731,100019,3235988,115930,3217046,115428
A0203,인천,미추홀구(남구),시군구,2017,1.3702972063621532,27.048990956259804,107519,78464,1853943,125294,3938522,145574,3915098,144741
A0204,인천,남동구,시군구,2017,1.919572025052192,30.510003539752415,220674,114960,3071593,175568,6157179,201368,6119666,200579
A0205,인천,동구,시군구,2017,1.355643879173291,27.84354902218139,17054,12580,302866,20030,639655,22908,636420,22857
A0206,인천,부평구,시군구,2017,1.8535472323997115,29.743165747716656,197805,106717,2813730,165987,5686158,190694,5653343,190072
A0207,인천,서구,시군구,2017,2.087179788879177,31.73368749052238,248341,118984,3295490,180046,6533479,205137,6487286,204429
A0208,인천,연수구,시군구,2017,4.436445150807112,41.51576707439463,374050,84313,3202996,116690,5540970,133014,5501794,132523
A0209,인천,옹진군,시군구,2017,1.962006079027356,36.15496368038741,9037,4606,124835,6028,241102,6720,238912,6608
A0210,인천,중구,시군구,2017,2.0111378030137583,31.78639517541016,55254,27474,750643,40733,1482402,46437,1470534,46263
A0301,경기,가평군,시군구,2017,2.141783835998712,29.780901223515368,19955,9317,252061,14366,501141,16876,498979,16755
A0302,경기,고양시,시군구,2017,3.6787526600098217,36.83339004348374,809046,219924,7619055,327443,13845144,374452,13747805,373243
A0303,경기,과천시,시군구,2017,7.618151517255746,53.55367365283626,109709,14401,729262,19006,1138903,21272,1131964,21137
A0304,경기,광명시,시군구,2017,2.786119276151735,34.419155113891954,199996,71783,2237868,107694,4230916,122829,4208258,122265
A0305,경기,광주시,시군구,2017,1.852430621887696,29.19687126373864,145451,78519,1999248,122007,4073756,139496,4053752,138842
A0306,경기,구리시,시군구,2017,2.536980566466818,32.65999166822289,98171,38696,1172762,60717,2285324,69862,2273560,69613
A0307,경기,군포시,시군구,2017,2.8909088202012985,35.82467107654285,194165,67164,2129924,97843,3962253,110466,3942720,110056
A0308,경기,김포시,시군구,2017,2.384735670273909,33.23723814893525,230282,96565,2785537,142556,5410797,162343,5364457,161399
A0309,경기,남양주시,시군구,2017,2.317584101743423,30.83912433496101,273709,118101,3402470,189823,6807236,220273,6770298,219536
A0310,경기,동두천시,시군구,2017,1.1267436267436268,25.551453209837117,18740,16632,367935,26868,804852,31416,800016,31310
A0311,경기,부천시,시군구,2017,2.1093710461945063,30.42796017886621,375120,177835,4858799,276246,9680039,317454,9621747,316214
A0312,경기,성남시,시군구,2017,6.514611691076955,44.8896668132059,1511429,232006,10247946,327889,16629729,369392,16541932,368502
A0313,경기,수원시,시군구,2017,3.889378932371727,39.2384141412859,1141136,293398,10567892,418955,18623591,474241,18544153,472602
A0314,경기,시흥시,시군구,2017,1.7085777603962975,29.6826760387141,183491,107394,2698435,162042,5483020,184930,5455943,183809
A0315,경기,안산시,시군구,2017,1.8109731013708084,29.786133950974715,272939,150714,3875734,227089,7752638,260155,7716098,259050
A0316,경기,안성시,시군구,2017,1.5848309042026318,29.864292825092697,67200,42402,1041169,61309,2079882,69552,2069924,69311
A0317,경기,안양시,시군구,2017,3.271708540515318,37.08567628840215,448741,137158,4585107,198693,8354813,224858,8310010,224076
A0318,경기,양주시,시군구,2017,1.3477113966098384,26.82863543027814,55178,40942,944888,65285,2023709,75420,2012094,74998
A0319,경기,양평군,시군구,2017,3.496195554490444,33.934778925969844,58355,16691,541878,25661,1006632,29678,1001585,29515
A0320,경기,여주시,시군구,2017,1.7166166166166166,28.80773417358923,34298,19980,496016,30754,1010290,35202,1005678,34910
A0321,경기,연천군,시군구,2017,1.415402269539717,29.87533032799627,11101,7843,187286,11434,386623,12952,384376,12866
A0322,경기,오산시,시군구,2017,2.1375314957623885,32.98364785635764,111981,52388,1485779,77343,2893828,87693,2880396,87328
A0323,경기,용인시,시군구,2017,4.9287308165217,43.45451518978646,1190530,241549,9700479,337788,16539462,380135,16446578,378478
A0324,경기,의왕시,시군구,2017,3.6365966315552303,37.67765417542421,129121,35506,1233263,51956,2216488,58695,2204934,58521
A0325,경기,의정부시,시군구,2017,1.580497214982881,28.01503041304849,123715,78276,1970823,127746,4157464,148147,4135971,147634
A0326,경기,이천시,시군구,2017,2.64497237139077,35.35042260472577,135941,51396,1558245,72390,2879176,81272,2864975,81045
A0327,경기,파주시,시군구,2017,2.2045691581822697,32.948374704316535,221945,100675,2862837,149397,5586039,169230,5557633,168677
A0328,경기,평택시,시군구,2017,2.221706226350189,34.128051116831536,258340,116280,3337680,164481,6356196,186182,6323962,185301
A0329,경기,포천시,시군구,2017,1.1974419243566654,25.306141252347707,39227,32759,682232,49216,1438393,57172,1428228,56438
A0330,경기,하남시,시군구,2017,3.2649354963734014,36.34791773610459,176904,54183,1806417,80680,3348151,91721,3327979,91559
A0331,경기,화성시,시군구,2017,3.978268399078876,41.8737987846896,849965,213652,7761112,288474,13424608,320571,13368629,319260
A0401,강원,강릉시,시군구,2017,2.2285594639865995,30.94267715548312,79827,35820,1007199,55414,1986223,63999,1974576,63814
A0402,강원,고성군,시군구,2017,1.6234622144112478,28.65520338765559,7390,4552,109226,6755,224500,7810,223310,7793
A0403,강원,동해시,시군구,2017,2.0648507643775784,33.632322118036406,34037,16484,468744,24207,925233,27245,914631,27195
A0404,강원,삼척시,시군구,2017,2.0187307560725283,32.748847806949406,23603,11692,326050,16894,638838,19358,632413,19311
A0405,강원,속초시,시군구,2017,1.7609806680986593,29.3286966541833,23775,13501,348694,21332,716837,24361,712658,24299
A0406,강원,양구군,시군구,2017,1.5197018104366349,33.36074421246982,7135,4695,115965,6442,235992,7066,234893,7041
A0407,강원,양양군,시군구,2017,1.8853305785123968,29.246408677807096,7300,3872,99692,5901,200665,6970,199519,6822
A0408,강원,영월군,시군구,2017,2.210534979423868,32.12140357698289,13429,6075,171380,8962,332504,10315,330465,10288
A0409,강원,원주시,시군구,2017,2.1839466881826466,32.34688882284036,146165,66927,1899682,100562,3725573,114751,3700290,114394
A0410,강원,인제군,시군구,2017,1.725603112840467,33.54009553816445,11087,6425,165103,8808,332212,9950,330001,9839
A0411,강원,정선군,시군구,2017,1.7974683544303798,30.50327604216124,10934,6083,161393,9183,325107,10551,321230,10531
A0412,강원,철원군,시군구,2017,1.436278623666227,31.53858399029715,11980,8341,202211,11832,418227,13270,416057,13192
A0413,강원,춘천시,시군구,2017,2.219427464975891,32.61919403017737,116915,52678,1522472,80323,2997277,91628,2981166,91393
A0414,강원,태백시,시군구,2017,1.990953853200504,33.765197084424315,17387,8733,247289,12572,487246,14190,477136,14131
A0415,강원,평창군,시군구,2017,1.9688729874776387,28.73549139690872,11006,5590,147581,8718,296735,10356,295602,10287
A0416,강원,홍천군,시군구,2017,1.7348018468641786,29.80896935933148,18035,10396,264957,15671,537900,18077,535071,17950
A0417,강원,화천군,시군구,2017,1.486525075852222,33.519668480950024,8329,5603,134672,7297,272125,8315,270973,8084
A0418,강원,횡성군,시군구,2017,1.63909426987061,27.935646525937955,10641,6492,159715,10089,328745,11759,326875,11701
A0501,대전,대덕구,시군구,2017,1.764322283556903,29.412161946930844,61686,34963,918168,54830,1856372,63060,1846672,62786
A0502,대전,동구,시군구,2017,1.5498764292115912,27.521799960026268,57068,36821,923155,60320,1938560,70391,1927792,70046
A0503,대전,서구,시군구,2017,2.711575552856895,34.393362193362194,265710,97991,3094645,149305,5876253,170449,5839477,169785
A0504,대전,유성구,시군구,2017,4.414549747126969,44.871119122590855,381448,86407,3457792,118851,5953730,131984,5899565,131478
A0505,대전,중구,시군구,2017,2.2046240583692613,30.56830000258712,93066,42214,1198795,67138,2376938,77608,2363113,77306
A0601,충북,괴산군,시군구,2017,1.864356251164524,29.35940045617465,10006,5367,137170,7978,271894,9566,270312,9207
A0602,충북,단양군,시군구,2017,1.6778142076502731,29.92999489013797,7676,4575,117519,6853,235306,7881,234292,7828
A0603,충북,보은군,시군구,2017,1.6938369781312128,29.21960583567955,7668,4527,113575,6926,229385,7889,228322,7814
A0604,충북,영동군,시군구,2017,1.649420160570919,28.738120552874783,11094,6726,173509,10287,353206,12267,351381,12227
A0605,충북,옥천군,시군구,2017,1.479666452854394,27.78360586111701,11534,7795,190028,12294,394699,14176,392499,14127
A0606,충북,음성군,시군구,2017,1.270124940692709,28.122413967100616,32124,25292,557077,35502,1122035,39804,1114660,39636
A0607,충북,제천시,시군구,2017,1.9328430084931267,30.81529737903226,44150,22842,619507,34812,1228746,39824,1222751,39680
A0608,충북,증평군,시군구,2017,1.487333413374955,30.85039605440144,12388,8329,204050,12003,415890,13522,412840,13382
A0609,충북,진천군,시군구,2017,1.4376833902544617,30.05233285526838,29888,20789,495272,29529,991590,33260,984845,32771
A0610,충북,청주시,시군구,2017,2.541831609582075,35.097295379226374,487353,191733,5774188,273635,10836096,308558,10781117,307178
A0611,충북,충주시,시군구,2017,1.7844879367304034,30.74915385647617,71301,39956,1033800,59180,2075025,67380,2062315,67069
A0701,충남,계룡시,시군구,2017,3.2177837725669227,43.4282785484863,31013,9638,348577,13172,642704,14671,635486,14633
A0702,충남,공주시,시군구,2017,2.2532842582106456,30.72553824038681,39793,17660,483688,26622,945336,30857,940478,30609
A0703,충남,금산군,시군구,2017,1.628099173553719,28.427833784116057,11032,6776,170771,10634,348679,12279,346848,12201
A0704,충남,논산시,시군구,2017,1.5671962458302708,28.10551973095554,27719,17687,444556,27816,917603,32557,910928,32411
A0705,충남,당진시,시군구,2017,2.1681228631898843,35.48251273935199,79904,36854,1076090,51600,2048715,57959,2040209,57499
A0706,충남,보령시,시군구,2017,2.0645911064896936,30.780421623878105,33754,16349,454557,24819,890902,28942,884814,28746
A0707,충남,부여군,시군구,2017,1.6963307124136289,27.783831728332487,14239,8394,217574,13222,440734,15891,438540,15784
A0708,충남,서산시,시군구,2017,3.5053157529493406,39.749492627381954,126279,36025,1249186,49906,2223965,56097,2213212,55679
A0709,충남,서천군,시군구,2017,1.6962973431317128,30.228292121909146,12003,7076,185214,10709,369742,12221,367969,12173
A0710,충남,아산시,시군구,2017,3.2502725232446297,38.48739789092299,253440,77975,2606241,107431,4649850,120935,4631458,120337
A0711,충남,예산군,시군구,2017,1.5453018792483006,28.87525254898276,19324,12505,307621,18683,618693,22024,614552,21283
A0712,충남,천안시,시군구,2017,2.896591510932889,36.42847095287292,459411,158604,5031862,224605,9207333,253009,9167589,251660
A0713,충남,청양군,시군구,2017,1.7165071770334928,28.87511825922422,7175,4180,106928,6316,214388,7427,213647,7399
A0714,충남,태안군,시군구,2017,2.240315725561627,31.42053210753587,18449,8235,235551,12302,454345,14497,451136,14358
A0715,충남,홍성군,시군구,2017,1.841474815940166,31.400845767723304,31515,17114,459585,25595,918636,29479,913325,29086
A0901,광주,광산구,시군구,2017,2.291962088541286,32.868344995436566,188138,82086,2430859,127659,4783200,145338,4753683,144628
A0902,광주,남구,시군구,2017,3.2040519837286703,34.72052786361533,121299,37858,1247498,59112,2340539,67375,2325824,66987
A0903,광주,동구,시군구,2017,3.179532200413871,33.43707693943367,50704,15947,508839,24542,949175,28388,943494,28217
A0904,광주,북구,시군구,2017,2.306816584680253,31.41478998197541,180543,78265,2286022,124836,4507653,143316,4479215,142583
A0905,광주,서구,시군구,2017,3.2437958456159595,35.28672441223263,189269,58348,1947557,89364,3613745,102403,3593106,101826
A1001,전북,고창군,시군구,2017,1.808880308880309,29.143715143715145,11244,6216,167974,10155,341531,11706,339670,11655
A1002,전북,군산시,시군구,2017,2.297329315182376,33.644079397672826,110536,48115,1438231,72454,2769001,82620,2752624,81816
A1003,전북,김제시,시군구,2017,1.4282511210762332,26.92232320363533,15925,11150,274032,17962,572392,21602,568761,21126
A1004,전북,남원시,시군구,2017,1.6915308469153083,28.36928390988297,16917,10001,267327,16748,553638,19794,550279,19397
A1005,전북,무주군,시군구,2017,1.6717100633356792,28.181541218637992,4751,2842,76082,4646,157997,5621,157253,5580
A1006,전북,부안군,시군구,2017,1.5589153656532455,27.74563254283062,9486,6085,157665,10267,331069,12145,328758,11849
A1007,전북,순창군,시군구,2017,1.608695652173913,29.32163388804841,5624,3496,93995,5775,194811,6791,193816,6610
A1008,전북,완주군,시군구,2017,2.01117500980264,32.03996299722479,30775,15302,441897,23863,870082,27309,865880,27025
A1009,전북,익산시,시군구,2017,1.8471826398501752,30.03950858735725,90741,49124,1333128,77823,2691925,89928,2672555,88968
A1010,전북,임실군,시군구,2017,1.6544198895027624,30.04810943744236,5989,3620,96605,5732,196526,6549,195493,6506
A1011,전북,장수군,시군구,2017,1.7151073619631902,29.56414978514426,4473,2608,70808,4324,145043,4910,144480,4887
A1012,전북,전주시,시군구,2017,2.5653451297888323,33.85246802463288,307354,119810,3759141,186759,7182213,211757,7146256,211100
A1013,전북,정읍시,시군구,2017,1.484530535377993,27.947657913413767,22072,14868,377817,24394,792796,28258,787565,28180
A1014,전북,진안군,시군구,2017,1.7276858162934112,29.548945001729507,5323,3081,84108,5016,171522,5833,170852,5782
A1101,전남,강진군,시군구,2017,1.8371979497193067,29.69733967356381,7527,4097,114819,6701,232384,7808,231075,7781
A1102,전남,고흥군,시군구,2017,1.6270903010033444,27.729915706175813,9730,5980,155472,9933,324897,11690,322388,11626
A1103,전남,곡성군,시군구,2017,2.2174940898345152,32.19985239852399,8442,3807,111587,5945,219181,6815,218154,6775
A1104,전남,광양시,시군구,2017,3.186762408164622,38.63226971215287,95861,30081,1043637,43794,1918051,49570,1904455,49297
A1105,전남,구례군,시군구,2017,1.805703541209652,28.444674414902085,5762,3191,87563,5296,179726,6448,178661,6281
A1106,전남,나주시,시군구,2017,2.015171128255579,31.68957345971564,38919,19313,546758,29719,1092298,34837,1083213,34182
A1107,전남,담양군,시군구,2017,1.9935700716060207,30.373397303333608,13642,6843,187368,10446,370327,12168,367184,12089
A1108,전남,목포시,시군구,2017,1.8438871473354232,28.853984552748173,61761,33495,930477,57709,1944221,66981,1927677,66808
A1109,전남,무안군,시군구,2017,2.0659430343589325,33.37202190780466,25314,12253,365634,19279,736182,22043,731181,21910
A1110,전남,보성군,시군구,2017,1.7520699172033118,29.081067961165047,7618,4348,117520,7153,240988,8363,239628,8240
A1111,전남,순천시,시군구,2017,2.917485022543388,35.5274143742781,141711,48573,1606448,74945,3035101,85436,3014359,84846
A1112,전남,신안군,시군구,2017,1.7309108765038057,30.93677365799668,7050,4073,110866,6289,225273,7353,223611,7228
A1113,전남,여수시,시군구,2017,3.940198930089702,38.74674074615591,193712,49163,1807095,72854,3207348,82338,3180100,82074
A1114,전남,영광군,시군구,2017,2.5887732132808106,33.39850935616873,18401,7108,222337,11068,423868,12807,421222,12612
A1115,전남,영암군,시군구,2017,1.3720903826501647,27.65022449105111,12084,8807,217127,13979,452004,16539,449565,16259
A1116,전남,완도군,시군구,2017,1.7196644157970125,28.493005872931125,8404,4887,130721,8011,270842,9404,266837,9365
A1117,전남,장성군,시군구,2017,1.8619678995115143,30.811756191701512,13341,7165,192647,10843,385941,12566,383175,12436
A1118,전남,장흥군,시군구,2017,1.7513786764705883,29.1263953907094,7622,4352,119002,7211,244257,8362,242652,8331
A1119,전남,진도군,시군구,2017,1.7112317611129964,29.85300586510264,5043,2947,79675,4715,163706,5477,162878,5456
A1120,전남,함평군,시군구,2017,1.9156926137776675,29.33526791739776,7703,4021,108008,6409,218743,7447,217345,7409
A1121,전남,해남군,시군구,2017,1.7189597315436242,27.550324675324678,12294,7152,188149,11931,393238,14303,390333,14168
A1122,전남,화순군,시군구,2017,1.6457805907172995,28.531775224944823,15602,9480,244172,15335,508674,17964,504185,17671
A1201,대구,남구,시군구,2017,1.695876045160376,26.153935185185187,35900,21169,521949,35442,1091249,41656,1084656,41472
A1202,대구,달서구,시군구,2017,2.397280312059812,32.544025889967635,265494,110748,3248468,170635,6322009,194034,6285065,193125
A1203,대구,달성군,시군구,2017,1.6090824694414358,30.729018603096804,83196,51704,1343636,79491,2774925,90005,2758544,89770
A1204,대구,동구,시군구,2017,1.8794701765521389,29.83470464423366,112522,59869,1613455,95625,3297807,110188,3274329,109749
A1205,대구,북구,시군구,2017,1.8821920318307943,29.75918799646955,143807,76404,2067964,123645,4239629,142367,4214645,141625
A1206,대구,서구,시군구,2017,0.9524734614584056,23.745823280788,27456,28826,591864,47543,1319297,55408,1309036,55127
A1207,대구,수성구,시군구,2017,5.308513398317334,43.47701813317931,429687,80943,3379656,116769,5752044,132091,5720793,131582
A1208,대구,중구,시군구,2017,2.559332367959759,31.95417390199483,33581,13121,393016,20486,758724,23693,754470,23611
A1301,경북,경산시,시군구,2017,1.660884925617724,28.966685819486628,78040,46987,1205962,73974,2489071,86189,2470250,85279
A1302,경북,경주시,시군구,2017,2.486113055127872,33.84429124334785,124333,50011,1499207,72836,2816372,83533,2798246,82680
A1303,경북,고령군,시군구,2017,1.4360637509266123,27.21769147788565,7749,5396,124755,8163,254083,9306,252308,9270
A1304,경북,구미시,시군구,2017,2.754077910097283,36.14043057859809,262717,95392,3023623,137269,5605706,154895,5576613,154304
A1305,경북,군위군,시군구,2017,2.001305057096248,30.80952380952381,6134,3065,83148,4611,161773,5379,160456,5208
A1306,경북,김천시,시군구,2017,2.23402259472246,33.48162675971604,54776,24519,722867,36706,1401345,41786,1391329,41555
A1307,경북,문경시,시군구,2017,1.9070138150903293,29.53721926371845,17945,9410,254268,14846,513569,17486,510285,17276
A1308,경북,봉화군,시군구,2017,1.7674484317603842,29.973256001288867,6255,3539,92883,5401,187261,6357,186044,6207
A1309,경북,상주시,시군구,2017,1.814970702319056,29.669489606448984,21992,12117,326683,19067,658714,22525,655132,22081
A1310,경북,성주군,시군구,2017,1.5625213529210795,26.178021978021977,9147,5854,142636,8931,287905,11126,285864,10920
A1311,경북,안동시,시군구,2017,2.167021233893951,32.268645942484575,53987,24913,712168,37870,1391644,43343,1385777,42945
A1312,경북,영덕군,시군구,2017,1.697476759628154,27.30155721056195,6391,3765,98584,6165,203775,7556,201622,7385
A1313,경북,영양군,시군구,2017,1.8149405772495757,30.60489848533677,3207,1767,47884,2613,95485,3127,94967,3103
A1314,경북,영주시,시군구,2017,2.1163911384780136,32.418997199524306,31621,14941,434380,22962,850439,26798,845066,26067
A1315,경북,영천시,시군구,2017,1.5894515290330569,28.607845944591595,25676,16154,398534,24320,804704,28169,799246,27938
A1316,경북,예천군,시군구,2017,2.0851306956149123,34.445849462365594,14598,7001,204743,10307,402981,12041,400433,11625
A1317,경북,울릉군,시군구,2017,2.1776927282668126,35.751206064782906,3983,1829,54917,2618,104730,2907,103750,2902
A1318,경북,울진군,시군구,2017,2.852709168498642,35.83580198019802,22060,7733,248167,11125,456063,12787,452427,12625
A1319,경북,의성군,시군구,2017,1.5581925194607935,28.17002190466257,8207,5267,132523,8337,272097,10404,270066,9587
A1320,경북,청도군,시군구,2017,2.1184742824118667,28.704724823739877,10997,5191,138118,8196,275220,9833,272781,9503
A1321,경북,청송군,시군구,2017,1.7017815646785437,28.509349593495934,4394,2582,68926,4022,141134,5073,140266,4920
A1322,경북,칠곡군,시군구,2017,1.8559465971481608,31.586869457423475,46987,25317,679120,36939,1333320,42323,1325006,41948
A1323,경북,포항시,시군구,2017,3.1279780883782684,37.66732627762387,299213,95657,3221325,138661,5941833,157439,5900888,156658
A1401,부산,강서구,시군구,2017,2.5186545590586,35.39337166620695,74056,29403,885815,41826,1683042,47354,1668125,47131
A1402,부산,금정구,시군구,2017,3.2809673657108904,34.4542550472783,149097,45443,1471400,68597,2720852,78579,2696390,78260
A1403,부산,기장군,시군구,2017,2.3111958405545927,32.4704006493883,66678,28850,856237,45093,1701808,51865,1680051,51741
A1404,부산,남구,시군구,2017,3.468825011406693,35.05393960666206,174860,50409,1689824,77371,3131224,88591,3095999,88321
A1405,부산,동구,시군구,2017,1.59245567710298,25.94088935009032,21108,13255,324109,21968,686110,26122,674956,26019
A1406,부산,동래구,시군구,2017,3.0025836225938782,34.67634589232861,152243,50704,1627215,77037,3064044,87743,3034423,87507
A1407,부산,부산진구,시군구,2017,2.2342789706806445,30.39751473876804,145780,65247,1823072,102969,3624256,118350,3588609,118056
A1408,부산,북구,시군구,2017,2.157072967627772,31.417892168966237,124338,57642,1618965,89416,3209206,101508,3181093,101251
A1409,부산,사상구,시군구,2017,1.3368165915898749,26.982409949724804,58463,43733,1025588,69557,2173515,80000,2152144,79761
A1410,부산,사하구,시군구,2017,1.777566658360329,29.16096067164436,114134,64208,1674726,101549,3431638,116566,3390020,116252
A1411,부산,서구,시군구,2017,2.320008833922261,29.67763990121077,42020,18112,506907,28540,1003905,33298,985357,33202
A1412,부산,수영구,시군구,2017,2.981058356515488,32.42367057920714,95373,31993,990223,49978,1881045,57496,1859076,57337
A1413,부산,연제구,시군구,2017,2.8294529278634792,33.79474036104301,108767,38441,1205643,59087,2296728,67477,2274555,67305
A1414,부산,영도구,시군구,2017,1.7973102785782902,27.113254340038576,33678,18738,483926,30891,1015442,36409,983940,36290
A1415,부산,중구,시군구,2017,1.3250157927984838,23.48939615948176,8390,6332,142038,10836,313108,13053,304587,12967
A1416,부산,해운대구,시군구,2017,5.423672284739549,40.6846581935775,426062,78556,3199996,116418,5462047,133266,5409839,132970
A1501,울산,남구,시군구,2017,4.911012005082065,44.5905726429478,378806,77134,3147757,105246,5262216,117719,5235067,117403
A1502,울산,동구,시군구,2017,3.386075492578247,39.96590944164944,140749,41567,1477997,57924,2616021,64886,2589711,64798
A1503,울산,북구,시군구,2017,4.013854791131411,45.0478102375854,210908,52545,2064228,71145,3551377,78624,3534271,78456
A1504,울산,울주군,시군구,2017,3.45398574206092,38.57216852603979,170544,49376,1695718,69462,3020026,77963,3001069,77804
A1505,울산,중구,시군구,2017,4.124157615158963,41.50504350892216,208072,50452,1922195,70560,3313178,79616,3295874,79409
A1601,경남,거제시,시군구,2017,3.216928152749991,38.0312849870086,183307,56982,2037367,83361,3614797,94956,3600726,94678
A1602,경남,거창군,시군구,2017,1.8785642821410704,30.57393708952644,15021,7996,220928,12749,444539,14529,442252,14465
A1603,경남,고성군,시군구,2017,1.5565677343520423,27.607632169672577,10594,6806,173712,10967,359647,12965,356663,12919
A1604,경남,김해시,시군구,2017,2.076276018139237,32.12987546118361,236710,114007,3198773,171907,6304129,195275,6261438,194879
A1605,경남,남해군,시군구,2017,2.0465582535085765,28.478969095169028,9187,4489,126344,7589,258647,8996,255257,8963
A1606,경남,밀양시,시군구,2017,1.7957364341085271,28.574957202249937,27798,15480,409873,24195,823901,29119,817901,28623
A1607,경남,사천시,시군구,2017,2.2119267880234754,32.75724261311173,44473,20106,589548,30462,1143659,34927,1135235,34656
A1608,경남,산청군,시군구,2017,1.934943793350873,29.283077722900963,8090,4181,113828,6570,226962,7728,225304,7694
A1609,경남,양산시,시군구,2017,1.8151067369786529,31.394250580501684,128731,70922,1910554,108230,3873060,122769,3839768,122308
A1610,경남,의령군,시군구,2017,1.5381668946648426,29.442549232439134,5622,3655,94189,5691,191009,6477,189875,6449
A1611,경남,진주시,시군구,2017,2.6152449230963586,34.61177690389232,165613,63326,1960389,94451,3726858,107513,3705433,107057
A1612,경남,창녕군,시군구,2017,1.546281487405038,28.771201880693507,15469,10004,245055,14675,492858,17100,489542,17015
A1613,경남,창원시,시군구,2017,2.777428259891308,36.27690976395365,641897,231112,7321747,334378,13680887,375231,13582728,374418
A1614,경남,통영시,시군구,2017,1.685594512195122,28.0329620879739,30961,18368,483203,30200,1005498,35650,996740,35556
A1615,경남,하동군,시군구,2017,1.8514196810579544,29.47829293993677,9520,5142,139906,8130,281558,9529,279749,9490
A1616,경남,함안군,시군구,2017,1.7612530413625305,30.18327426704101,23164,13152,333426,19188,660556,22078,655792,21727
A1617,경남,함양군,시군구,2017,1.775557425326041,29.103638876093967,8441,4754,126003,7509,254163,8904,252736,8684
A1618,경남,합천군,시군구,2017,1.6654340210198522,29.76326846528085,8557,5138,133949,8034,270618,9187,269179,9044
A1701,제주,제주시,시군구,2017,0.766025863464964,30.526111160765588,66226,86454,2421937,136751,4803882,157011,4781549,156638
A1702,제주,서귀포시,시군구,2017,7.260746875801664,29.35229903408637,198124,27287,750328,43106,1478653,50517,1470785,50108
A0101,서울,강남구,시군구,2018,14.62919175584076,69.43351587958726,2125841,145315,10267158,187480,14403588,206821,14339618,206523
A0102,서울,강동구,시군구,2018,3.644342459560919,37.91404341474355,370841,101758,3532389,146927,6291291,165248,6254566,164967
A0103,서울,강북구,시군구,2018,1.7711663969555242,28.090955796820477,99598,56233,1424011,89470,2913526,103391,2897863,103160
A0104,서울,강서구,시군구,2018,3.073217139297419,36.04390725821453,453865,147684,4781529,215878,8809099,242516,8719706,241919
A0105,서울,관악구,시군구,2018,2.2226245788558323,30.69425151400454,264539,119021,3371743,186173,6521099,212016,6487537,211360
A0106,서울,광진구,시군구,2018,3.9083348017621145,36.72930919317982,332697,85125,2962129,126431,5250413,142631,5223826,142225
A0107,서울,구로구,시군구,2018,2.58105117009075,33.56720661157025,256541,99394,2975891,148119,5614023,166803,5584744,166375
A0108,서울,금천구,시군구,2018,1.76396663786302,28.975858182622527,93903,53234,1378335,83458,2766103,95166,2750939,94939
A0109,서울,노원구,시군구,2018,3.031478348825448,36.57682359301623,347656,114682,3742529,167312,6942109,189212,6900803,188666
A0110,서울,도봉구,시군구,2018,2.33160762531508,31.03887024608501,154476,66253,1886411,102177,3683487,118281,3662835,118008
A0111,서울,동대문구,시군구,2018,2.75640106297718,33.60000830426839,196038,71121,2178022,105746,4069348,120859,4046113,120420
A0112,서울,동작구,시군구,2018,4.165932599600694,39.71638356439245,415231,99673,3672806,142225,6371673,160341,6334088,159483
A0113,서울,마포구,시군구,2018,5.678306313336139,44.65619459986687,553050,97397,4159049,135189,6814638,152162,6775997,151737
A0114,서울,서대문구,시군구,2018,4.2928642989177215,39.36348619865247,304231,70869,2630751,101811,4555667,115417,4527785,115025
A0115,서울,서초구,시군구,2018,13.644027019524382,68.82847289050406,1621961,118877,8172547,152756,11569227,167636,11515210,167303
A0116,서울,성동구,시군구,2018,5.758923945533046,44.32380569089679,433503,75275,3175441,104805,5203765,116973,5176267,116783
A0117,서울,성북구,시군구,2018,4.289524855808844,38.31600813749191,390454,91025,3306254,133215,5835993,151736,5800967,151398
A0118,서울,송파구,시군구,2018,6.937231780291999,48.74619723000514,1262486,181987,8519595,249204,13537820,276658,13465942,276246
A0119,서울,양천구,시군구,2018,5.5343369371835225,44.2466055579805,606591,109605,4589238,153597,7650219,172285,7602673,171825
A0120,서울,영등포구,시군구,2018,4.647351503252877,41.50214925039853,482897,103908,3983469,144698,6726793,161550,6690935,161219
A0121,서울,용산구,시군구,2018,12.083040816672602,58.7204507662577,712549,58971,3669805,79901,5248094,89183,5226355,89004
A0122,서울,은평구,시군구,2018,2.6132488993192267,32.97174707767297,269473,103118,3083875,156271,5878306,177719,5844440,177256
A0123,서울,종로구,시군구,2018,7.931629983069109,47.47897273773979,257659,32485,1573132,45300,2447854,51396,2432965,51243
A0124,서울,중구,시군구,2018,6.98138472717207,44.734469223516,201769,28901,1299416,40617,2050997,45693,2040026,45603
A0125,서울,중랑구,시군구,2018,1.7838830632348268,28.94568699132378,140347,78675,2022614,124139,4114330,141781,4093528,141421
A0201,인천,강화군,시군구,2018,2.093801532641381,30.65235441310282,21585,10309,277027,15431,542466,17769,538991,17584
A0202,인천,계양구,시군구,2018,1.6235231506120276,29.05632583072806,106771,65765,1650926,101568,3375369,115964,3355163,115471
A0203,인천,미추홀구(남구),시군구,2018,1.4537400390013722,28.167061909259548,120768,83074,2003091,128952,4170480,148166,4145262,147167
A0204,인천,남동구,시군구,2018,2.0453118027205264,31.714265373058115,247495,121006,3296166,180348,6497706,204461,6459181,203668
A0205,인천,동구,시군구,2018,1.393056603773585,29.103979745935863,18458,13250,318748,20052,658775,22570,655247,22514
A0206,인천,부평구,시군구,2018,1.923379875076852,30.800750702151877,215859,112229,2988851,169286,5934673,192143,5900007,191554
A0207,인천,서구,시군구,2018,2.241800480271284,33.16287804832697,292203,130343,3693375,191386,7182505,215812,7133932,215118
A0208,인천,연수구,시군구,2018,4.569501576496628,43.15937819707363,437676,95782,3689950,130002,6328133,146133,6285775,145641
A0209,인천,옹진군,시군구,2018,2.079026057240496,37.30755204376235,9734,4682,130187,6041,247587,6670,245521,6581
A0210,인천,중구,시군구,2018,2.0842968257305023,33.27277119179457,69405,33299,927700,48064,1803664,53998,1790674,53818
A0301,경기,가평군,시군구,2018,2.257383966244726,30.929879974731524,23005,10191,276524,15207,541009,17531,538582,17413
A0302,경기,고양시,시군구,2018,3.740408379916068,37.9679603231352,901992,241148,8386809,349550,15076188,395682,14974032,394386
A0303,경기,과천시,시군구,2018,7.791672080031181,55.04902670891806,119945,15394,788259,20052,1222864,22175,1216033,22090
A0304,경기,광명시,시군구,2018,2.9504432125545645,35.95479446462832,220345,74682,2382547,109073,4425886,122905,4403923,122485
A0305,경기,광주시,시군구,2018,1.9435677371723885,30.477024932706165,168484,86688,2249827,130856,4507524,147657,4483658,147116
A0306,경기,구리시,시군구,2018,2.5699485636645965,33.809299554597295,105923,41216,1245472,62234,2394160,70754,2383488,70498
A0307,경기,군포시,시군구,2018,2.9403981080579014,36.67119635484935,205772,69981,2239379,100724,4133620,112605,4112638,112149
A0308,경기,김포시,시군구,2018,2.48983312559299,34.47601289134438,267672,107506,3151586,155017,6041122,174572,5990552,173760
A0309,경기,남양주시,시군구,2018,2.391617913306301,32.188169026059605,319678,133666,3870509,205893,7612175,235910,7571623,235230
A0310,경기,동두천시,시군구,2018,1.195820562830872,26.75496122804241,21459,17945,398267,27573,850953,31749,845323,31595
A0311,경기,부천시,시군구,2018,2.184675320511108,31.624250164721754,408803,187123,5189614,283310,10188085,321404,10127255,320237
A0312,경기,성남시,시군구,2018,6.73040040689909,46.4494971986592,1627606,241829,10882670,336872,17507154,375782,17418515,374999
A0313,경기,수원시,시군구,2018,4.151735006585356,40.9198976607885,1282965,309019,11457992,433398,19884010,485357,19800361,483881
A0314,경기,시흥시,시군구,2018,1.5976313241245748,30.812178742540347,193037,120827,3067512,179425,6212916,201725,6180276,200579
A0315,경기,안산시,시군구,2018,1.881399870382372,30.88610634907449,299009,158929,4169994,234726,8218480,265834,8179444,264826
A0316,경기,안성시,시군구,2018,1.6639858594785684,31.1363173105114,75312,45260,1136922,64323,2240982,71877,2230201,71627
A0317,경기,안양시,시군구,2018,3.4711296660805973,38.594385952515545,495535,142759,4894700,203544,8785462,227127,8739004,226432
A0318,경기,양주시,시군구,2018,1.379799109543372,28.02983090436965,64151,46493,1080017,71023,2269416,80798,2256037,80487
A0319,경기,양평군,시군구,2018,3.4429422179301463,34.94819020581973,64173,18639,592240,27429,1088785,31069,1083324,30998
A0320,경기,여주시,시군구,2018,1.81852534562212,30.183917617342548,39462,21700,548959,32102,1092877,36361,1087436,36027
A0321,경기,연천군,시군구,2018,1.4495838287752676,30.9232358793816,12191,8410,200606,11641,406413,13127,404043,13066
A0322,경기,오산시,시군구,2018,2.211969987172504,34.03549542551355,125881,56909,1644532,83016,3169262,93031,3154682,92688
A0323,경기,용인시,시군구,2018,5.070797706697935,44.67553725472612,1331987,262678,10666231,360949,18031827,402982,17934503,401439
A0324,경기,의왕시,시군구,2018,3.7927455919395463,39.29828714884962,150572,39700,1403334,56459,2485552,63107,2473277,62936
A0325,경기,의정부시,시군구,2018,1.6292961420529952,29.18216065914071,142407,87404,2212512,136565,4578220,156515,4554810,156082
A0326,경기,이천시,시군구,2018,3.531995671226072,38.97287272129685,199088,56367,1906286,77229,3335778,85396,3320138,85191
A0327,경기,파주시,시군구,2018,2.3484464435493533,34.37689492643648,254790,108493,3152464,156499,6033820,175196,6002584,174611
A0328,경기,평택시,시군구,2018,2.301832170362737,35.393964420889425,292602,127117,3728619,177190,7020414,198102,6985459,197363
A0329,경기,포천시,시군구,2018,1.2274910807090484,26.57522923034176,43695,35597,748191,51087,1542114,58189,1530308,57584
A0330,경기,하남시,시군구,2018,3.3608284542408966,37.562173418797705,214683,63878,2163129,93386,3955036,104862,3932121,104683
A0331,경기,화성시,시군구,2018,4.184646993521449,43.42215004486785,1010224,241412,9017982,322528,15449838,355466,15387681,354374
A0401,강원,강릉시,시군구,2018,2.2430116099456874,32.07549900050721,90030,40138,1114395,58835,2162889,67392,2150149,67034
A0402,강원,고성군,시군구,2018,1.6140495867768596,29.58651138981316,7812,4840,115241,6787,232345,7838,231189,7814
A0403,강원,동해시,시군구,2018,2.1115839504808225,34.90273806119531,38207,18094,508823,25139,987052,28035,976439,27976
A0404,강원,삼척시,시군구,2018,2.0367337009406423,33.79300157897418,25117,12332,344860,17308,669945,19678,663458,19633
A0405,강원,속초시,시군구,2018,1.7103550486500418,30.3989453125,26543,15519,386646,22723,782751,25661,778213,25600
A0406,강원,양구군,시군구,2018,1.6081574675324677,34.25687177340589,7925,4928,123179,6553,246770,7193,245519,7167
A0407,강원,양양군,시군구,2018,1.9037088228518773,30.653151902249377,8264,4341,112175,6299,222268,7261,220764,7202
A0408,강원,영월군,시군구,2018,2.076323034567146,33.1367348899779,13575,6538,179429,9195,347151,10443,344854,10407
A0409,강원,원주시,시군구,2018,2.2321976797891705,33.517497481328526,164321,73614,2093292,106656,4048966,120663,4025552,120103
A0410,강원,인제군,시군구,2018,1.7728135494232735,34.77522337114748,12142,6849,176120,9002,348723,10042,346396,9961
A0411,강원,정선군,시군구,2018,1.7455048409405256,30.981041339128826,11358,6507,169900,9413,339299,10837,334998,10813
A0412,강원,철원군,시군구,2018,1.4961630970106516,32.6838880484115,13063,8731,213458,11968,434203,13281,432081,13220
A0413,강원,춘천시,시군구,2018,2.2292271485750605,33.89304807184364,129770,58213,1663319,84404,3225268,94946,3207977,94650
A0414,강원,태백시,시군구,2018,1.990528034839412,34.82814930015552,18283,9185,257833,12809,502432,14187,492679,14146
A0415,강원,평창군,시군구,2018,2.292220421393841,29.57926267281106,14143,6170,164861,9105,322335,10991,320935,10850
A0416,강원,홍천군,시군구,2018,1.7737219730941705,31.15835404584369,19777,11150,284586,16087,567410,18262,564122,18105
A0417,강원,화천군,시군구,2018,1.6081735077970962,34.66552814674257,8972,5579,138763,7093,275497,8068,274031,7905
A0418,강원,횡성군,시군구,2018,1.6799828178694158,29.05466533133033,11733,6984,172228,10478,349823,12062,348133,11982
A0501,대전,대덕구,시군구,2018,1.8105447865544373,30.22354668603366,66036,36473,965369,55779,1924661,63656,1914299,63338
A0502,대전,동구,시군구,2018,1.603391766400159,28.579794520547942,64575,40274,1016438,63459,2098661,73368,2086325,73000
A0503,대전,서구,시군구,2018,2.7577490508914413,35.358802064536825,286930,104045,3300909,154605,6211535,175343,6172480,174567
A0504,대전,유성구,시군구,2018,4.564274347018039,45.63705148667022,410132,89857,3647617,122762,6231575,136053,6176336,135336
A0505,대전,중구,시군구,2018,2.2507530624539798,31.62794220609764,100872,44817,1278145,68903,2498782,78892,2484533,78555
A0601,충북,괴산군,시군구,2018,1.8429112181693048,30.147000727726372,10711,5812,148682,8411,291662,9802,289984,9619
A0602,충북,단양군,시군구,2018,1.6656191074795723,30.989187797657355,7950,4773,121623,6945,241878,7938,240755,7769
A0603,충북,보은군,시군구,2018,1.738197424892704,29.21458710066305,8505,4893,122169,7098,243539,8371,242335,8295
A0604,충북,영동군,시군구,2018,1.71454802259887,29.838609660574413,12139,7080,183106,10422,367873,12299,365702,12256
A0605,충북,옥천군,시군구,2018,1.5710538865045305,29.45268039064147,13178,8388,207704,12600,421590,14352,419200,14233
A0606,충북,음성군,시군구,2018,1.3736165787714476,29.4955362632498,36986,26926,612761,36950,1207414,40809,1199318,40661
A0607,충북,제천시,시군구,2018,1.9264126677919784,31.724238378443985,47933,24882,667738,36466,1313201,41359,1306880,41195
A0608,충북,증평군,시군구,2018,1.5901179112857946,32.276081239041496,14160,8905,223537,12400,445152,13746,441795,13688
A0609,충북,진천군,시군구,2018,1.5774881114130437,31.8483802144742,37153,23552,583505,32581,1141878,36095,1134503,35622
A0610,충북,청주시,시군구,2018,2.7728837088237848,36.78373098838552,575268,207462,6451006,288092,11848642,321706,11787788,320462
A0611,충북,충주시,시군구,2018,1.8299438176161955,32.164367965180794,78823,43074,1134211,62038,2245101,69888,2231789,69387
A0701,충남,계룡시,시군구,2018,3.391014146244272,44.86577318184911,34039,10038,367650,13341,666697,14739,659482,14699
A0702,충남,공주시,시군구,2018,1.8493811621564928,31.173871703853955,35264,19068,502989,27770,988342,31715,983598,31552
A0703,충남,금산군,시군구,2018,1.673580046089196,29.359135341333545,12346,7377,185234,11125,371358,12679,369426,12583
A0704,충남,논산시,시군구,2018,1.5843370406437394,29.605520899255644,30912,19511,489361,29063,990029,33360,982400,33183
A0705,충남,당진시,시군구,2018,2.318062795193696,38.03589838930485,94723,40863,1231500,53816,2258880,59565,2250470,59167
A0706,충남,보령시,시군구,2018,2.134762200983996,32.543871145754295,37749,17683,493799,25616,949815,29342,943577,28994
A0707,충남,부여군,시군구,2018,1.714189036769682,28.90100457782299,15198,8866,228779,13354,457363,16195,454555,15728
A0708,충남,서산시,시군구,2018,3.476127287110521,41.0340133710111,136219,39187,1355497,52532,2392346,58470,2381450,58036
A0709,충남,서천군,시군구,2018,1.853160102855596,31.92994425492969,13693,7389,198203,10673,385553,12063,383766,12019
A0710,충남,아산시,시군구,2018,3.0038615163692093,38.86485427264293,248927,82869,2710211,112636,4878239,125439,4859195,125028
A0711,충남,예산군,시군구,2018,1.6238063513213414,30.161820825004543,21936,13509,337924,19522,667882,22559,663922,22012
A0712,충남,천안시,시군구,2018,2.787646274625981,37.10878323932312,470485,168775,5316600,235828,9761768,263292,9716972,261851
A0713,충남,청양군,시군구,2018,1.8068858971529465,29.419541709577757,8187,4531,116262,6512,229246,7803,228531,7768
A0714,충남,태안군,시군구,2018,2.205663357400722,32.692365422664935,19551,8864,251808,12818,482294,14921,479172,14657
A0715,충남,홍성군,시군구,2018,1.9078212290502796,32.69456149591783,36199,18974,509012,27151,998778,30695,993130,30376
A0901,광주,광산구,시군구,2018,2.2999472792740243,33.850557116042545,205038,89149,2624150,134271,5116642,151005,5085640,150238
A0902,광주,남구,시군구,2018,3.2770894130029182,36.13379103196739,137002,41806,1371397,62411,2541730,70293,2526294,69915
A0903,광주,동구,시군구,2018,3.247710843373494,35.31912090736754,60651,18675,600369,27419,1105388,31305,1099237,31123
A0904,광주,북구,시군구,2018,2.287970202182476,32.358662279948625,192265,84033,2423518,128835,4739791,146324,4711130,145591
A0905,광주,서구,시군구,2018,3.3090935330243894,36.35065608231985,206365,62363,2070562,92633,3808279,104765,3786975,104179
A1001,전북,고창군,시군구,2018,1.8113931523022435,30.39367474987281,12274,6776,180251,10440,360399,11858,358463,11794
A1002,전북,군산시,시군구,2018,2.2892929531456008,34.01095454221419,116335,50817,1499858,74898,2879155,84818,2862566,84166
A1003,전북,김제시,시군구,2018,1.478466172759098,28.20902986802501,18160,12283,300060,18781,612900,21969,609174,21595
A1004,전북,남원시,시군구,2018,1.6828269965435692,29.57356797095603,18501,10994,289057,17416,589628,20255,586503,19832
A1005,전북,무주군,시군구,2018,1.6941732283464568,29.36744588744589,5379,3175,83527,4902,170376,5919,169597,5775
A1006,전북,부안군,시군구,2018,1.508764111705288,28.520423350421694,10157,6732,168389,10488,347160,12362,344926,12094
A1007,전북,순창군,시군구,2018,1.6793010752688171,30.93214340667795,6247,3720,99455,5761,202051,6719,201028,6499
A1008,전북,완주군,시군구,2018,1.99675121829314,32.85453337761541,31960,16006,458219,24278,894597,27341,890325,27099
A1009,전북,익산시,시군구,2018,1.896929697601266,31.19134795818068,98297,51819,1411615,79387,2812644,90502,2792499,89528
A1010,전북,임실군,시군구,2018,1.6583786583786584,31.06294991576045,6403,3861,101546,5822,203868,6563,202810,6529
A1011,전북,장수군,시군구,2018,1.7414802065404476,30.56141390205371,5059,2905,77403,4533,155426,5112,154763,5064
A1012,전북,전주시,시군구,2018,2.6628599272151416,35.16384538047558,349756,131346,4117991,196715,7766352,220409,7729611,219817
A1013,전북,정읍시,시군구,2018,1.5473856209150327,29.43414145600221,25569,16524,419855,25491,857921,29187,852295,28956
A1014,전북,진안군,시군구,2018,1.7446616541353384,30.60020294266869,5801,3325,90319,5200,181757,5987,180939,5913
A1101,전남,강진군,시군구,2018,1.8600729261622608,30.616304209589217,8162,4388,120842,6829,241832,7893,240736,7863
A1102,전남,고흥군,시군구,2018,1.7194189602446484,29.17329737019555,11245,6540,170283,10333,348562,12032,346112,11864
A1103,전남,곡성군,시군구,2018,2.259834627912804,33.14655942806077,9019,3991,115247,5945,223693,6804,222546,6714
A1104,전남,광양시,시군구,2018,3.4814848678796744,40.92266204751688,114231,32811,1174540,45525,2092384,51007,2078994,50803
A1105,전남,구례군,시군구,2018,1.8378457916421425,30.196984435797667,6245,3398,92811,5408,187339,6365,186255,6168
A1106,전남,나주시,시군구,2018,2.0083823461306904,32.68998344370861,43367,21593,605114,31854,1194323,36792,1184685,36240
A1107,전남,담양군,시군구,2018,2.0544594594594594,31.552342487883685,15203,7400,202238,10903,393894,12424,390618,12380
A1108,전남,목포시,시군구,2018,1.864944264455549,30.09238463018036,67925,36422,1000156,59097,2050392,67835,2033854,67587
A1109,전남,무안군,시군구,2018,2.1747982527578293,34.47252554488445,29375,13507,401790,20174,791392,22880,786077,22803
A1110,전남,보성군,시군구,2018,1.8591087811271296,30.223743733952805,8511,4578,123537,7208,248494,8295,247200,8179
A1111,전남,순천시,시군구,2018,3.0048817470737257,37.215880837213504,162501,54079,1791614,79164,3313513,89200,3293010,88484
A1112,전남,신안군,시군구,2018,1.806221198156682,31.89218218898708,7839,4340,118469,6464,236305,7505,234567,7355
A1113,전남,여수시,시군구,2018,4.167638126497274,40.29261786161146,220939,53013,1973249,75834,3439754,84992,3413510,84718
A1114,전남,영광군,시군구,2018,2.53043588766044,34.52564493970386,19912,7869,240844,11678,454928,13229,452355,13102
A1115,전남,영암군,시군구,2018,1.5057243963363864,28.170932252460915,14467,9608,241639,14673,489315,17323,486512,17270
A1116,전남,완도군,시군구,2018,1.7503246150992395,29.64566276298062,9436,5391,142627,8391,289848,9694,286051,9649
A1117,전남,장성군,시군구,2018,1.8392176159429203,31.94408897014016,14951,8129,214236,11615,422447,13231,419362,13128
A1118,전남,장흥군,시군구,2018,1.7886415643852716,30.734426616328456,8598,4807,130215,7521,262166,8516,260505,8476
A1119,전남,진도군,시군구,2018,1.7390900649953576,30.820521924374223,5619,3231,86273,4934,174338,5660,173612,5633
A1120,전남,함평군,시군구,2018,1.9151317323385404,30.58499665103818,8214,4289,115162,6615,229750,7500,228317,7465
A1121,전남,해남군,시군구,2018,1.798891129032258,29.31538515259445,14276,7936,207800,12230,422327,14528,419767,14319
A1122,전남,화순군,시군구,2018,1.6914987714987717,29.669407987382414,17211,10175,260089,15637,530925,18001,526721,17753
A1201,대구,남구,시군구,2018,1.7176234688984786,27.35402135231317,39404,22941,564336,36569,1160349,42346,1152972,42150
A1202,대구,달서구,시군구,2018,2.4760175466879355,33.757386843632,291816,117857,3470380,175416,6672552,197451,6633259,196498
A1203,대구,달성군,시군구,2018,1.6816020158285123,32.23341402809031,94765,56354,1495292,84104,3040483,94088,3022495,93769
A1204,대구,동구,시군구,2018,1.9501576597671009,31.178615708048085,124931,64062,1734801,98200,3494510,111706,3470367,111306
A1205,대구,북구,시군구,2018,1.92114691031498,30.982729115837945,159801,83180,2243329,128735,4534710,146202,4508142,145505
A1206,대구,서구,시군구,2018,1.0091532407876516,25.01748107621974,29878,29607,617956,46708,1345671,53612,1335233,53372
A1207,대구,수성구,시군구,2018,5.529714046004335,45.133495725984815,474549,85818,3607286,119818,6071552,134353,6040306,133832
A1208,대구,중구,시군구,2018,2.736964980544747,33.87920973657886,38687,14135,431306,21210,817494,24070,812830,23992
A1301,경북,경산시,시군구,2018,1.7130890468061457,30.03456520254116,86302,50378,1304715,77040,2658291,88689,2638056,87834
A1302,경북,경주시,시군구,2018,2.497599817128924,34.76989442074406,131114,52496,1575225,74465,2935496,84575,2917820,83918
A1303,경북,고령군,시군구,2018,1.4480369515011546,28.04020585397234,8151,5629,130999,8263,263234,9357,261531,9327
A1304,경북,구미시,시군구,2018,2.850691741031323,37.57006162207678,285588,100182,3231124,141098,5920545,157258,5889558,156762
A1305,경북,군위군,시군구,2018,2.105505998154414,31.95368782161235,6845,3251,88538,4658,168922,5400,167661,5247
A1306,경북,김천시,시군구,2018,2.32421875,34.709892267065506,61285,26368,786593,38042,1493437,43021,1485271,42791
A1307,경북,문경시,시군구,2018,1.903447617228536,30.585179824073045,19931,10471,277313,15794,552710,18209,549371,17962
A1308,경북,봉화군,시군구,2018,1.7299771167048057,31.082814445828145,6804,3933,100652,5706,201006,6583,199676,6424
A1309,경북,상주시,시군구,2018,1.8648139780087365,30.72501524788708,24761,13278,356652,20167,708943,23294,705262,22954
A1310,경북,성주군,시군구,2018,1.6233703524867211,27.80393248005936,10086,6213,152269,9118,302126,11115,299782,10782
A1311,경북,안동시,시군구,2018,2.2094260175814435,33.35543269773215,59818,27074,768921,39401,1484798,44634,1478146,44315
A1312,경북,영덕군,시군구,2018,1.7648514851485149,28.59962126335723,7130,4040,105414,6276,213126,7615,211437,7393
A1313,경북,영양군,시군구,2018,1.8519701810436635,32.39041761087731,3478,1878,50847,2734,100579,3203,100054,3089
A1314,경북,영주시,시군구,2018,2.1801712982931787,33.3909012747187,35382,16229,466528,23617,898266,27168,893240,26751
A1315,경북,영천시,시군구,2018,1.6842372594390205,29.768080054274083,29843,17719,445083,25862,883426,29700,877563,29480
A1316,경북,예천군,시군구,2018,2.2665030674846625,36.01173201605434,18472,8150,241401,11566,469283,13185,466568,12956
A1317,경북,울릉군,시군구,2018,2.1939834024896268,37.13131998642688,4230,1928,58432,2722,110390,2951,109426,2947
A1318,경북,울진군,시군구,2018,2.862707148905286,37.268079800498754,23666,8267,266206,11485,482109,13027,478224,12832
A1319,경북,의성군,시군구,2018,1.5877133105802048,29.089356632247817,9304,5860,145991,8775,294943,10690,292988,10072
A1320,경북,청도군,시군구,2018,2.242260619150468,30.30673575129533,12458,5556,151447,8493,294672,9822,292460,9650
A1321,경북,청송군,시군구,2018,1.763711624698172,30.027186761229316,5113,2899,76560,4250,153279,5288,152418,5076
A1322,경북,칠곡군,시군구,2018,1.9525914336006256,32.55779679761504,49918,25565,702864,37112,1363895,42056,1354209,41594
A1323,경북,포항시,시군구,2018,3.2874054682955207,39.398889839345145,339063,103140,3521311,143221,6351852,160755,6310008,160157
A1401,부산,강서구,시군구,2018,2.650600873418125,36.76477522477523,83152,31371,984955,45064,1856306,50206,1840077,50050
A1402,부산,금정구,시군구,2018,3.371231531300709,35.51889731607038,157895,46836,1532021,69214,2805497,78573,2781769,78318
A1403,부산,기장군,시군구,2018,2.3830704418536297,33.559869630303375,72972,30621,914186,46467,1792038,52871,1771055,52773
A1404,부산,남구,시군구,2018,3.4694487533578,36.29534752731779,183402,52862,1768510,78622,3256217,88937,3221938,88770
A1405,부산,동구,시군구,2018,1.6374378109452736,27.285809288062957,23697,14472,360551,23176,750815,27142,738545,27067
A1406,부산,동래구,시군구,2018,3.1025927827490096,36.08397367956192,169203,54536,1770953,80507,3297752,90782,3268342,90576
A1407,부산,부산진구,시군구,2018,2.3400070871722183,31.48775465608821,158484,67728,1927184,104669,3781685,119209,3746539,118984
A1408,부산,북구,시군구,2018,2.2432669591630106,32.56543234487914,132936,59260,1685374,89373,3294529,100624,3267127,100325
A1409,부산,사상구,시군구,2018,1.3741845815866751,28.113653709168617,61301,44609,1067388,69423,2231488,78780,2210183,78616
A1410,부산,사하구,시군구,2018,1.7879838066613507,29.79842945506065,116598,65212,1715688,101518,3490183,116039,3449347,115756
A1411,부산,서구,시군구,2018,2.314889812233735,31.004235493434987,44013,19013,531970,28910,1043016,33159,1024814,33054
A1412,부산,수영구,시군구,2018,3.059069370456485,33.62224832728944,103938,33977,1062049,51715,1996145,58834,1974870,58737
A1413,부산,연제구,시군구,2018,2.8950234024262107,35.073474612430665,121232,41876,1320778,62493,2487806,70464,2466016,70310
A1414,부산,영도구,시군구,2018,1.7769302615193026,28.168757030371204,34245,19272,496880,30842,1032005,35686,1001681,35560
A1415,부산,중구,시군구,2018,1.359061438715653,24.28462555408663,8804,6478,147449,10852,320784,12942,312276,12859
A1416,부산,해운대구,시군구,2018,5.568767890858152,41.99125331822113,457168,82095,3356577,118765,5682393,134329,5631363,134108
A1501,울산,남구,시군구,2018,4.9792714525224815,45.69945546115368,392028,78732,3236697,105831,5388712,117617,5362694,117347
A1502,울산,동구,시군구,2018,3.101400715473371,40.04575216759466,123107,39694,1365914,54903,2471426,61329,2452522,61243
A1503,울산,북구,시군구,2018,3.912095578616901,45.58857693726718,224300,57335,2228645,76589,3847711,84174,3830489,84023
A1504,울산,울주군,시군구,2018,3.532264924218992,39.60883114932602,182717,51728,1798823,71769,3183874,80031,3164706,79899
A1505,울산,중구,시군구,2018,4.1482067301989005,42.43805497918627,209808,50578,1927876,69432,3309125,77774,3292896,77593
A1601,경남,거제시,시군구,2018,2.696322161915968,36.63559275003608,142080,52694,1774180,78867,3316198,90365,3300757,90097
A1602,경남,거창군,시군구,2018,1.853910149750416,31.54485950413223,16713,9015,241521,13449,479758,15265,477116,15125
A1603,경남,고성군,시군구,2018,1.6636297903109185,28.872301441886403,11504,6915,179085,10835,365241,12584,362434,12553
A1604,경남,김해시,시군구,2018,2.172546772014574,33.36559704636122,265344,122135,3486378,180331,6777670,202203,6732677,201785
A1605,경남,남해군,시군구,2018,2.041852905323039,29.65484581497797,10050,4922,135345,7866,272192,9109,269266,9080
A1606,경남,밀양시,시군구,2018,1.860613733646832,30.06368718963781,30862,16587,440395,25036,871736,29210,865744,28797
A1607,경남,사천시,시군구,2018,2.494453844707652,34.45576590128572,53072,21276,650298,31278,1223037,35411,1213980,35233
A1608,경남,산청군,시군구,2018,1.9042196918955123,30.75091623036649,8529,4479,120583,6684,236586,7848,234937,7640
A1609,경남,양산시,시군구,2018,1.8777669682956408,32.425075866475005,140902,75037,2044395,111478,4093420,125591,4060268,125220
A1610,경남,의령군,시군구,2018,1.6183091545772887,30.86477462437396,6470,3998,103147,5843,204490,6612,203368,6589
A1611,경남,진주시,시군구,2018,2.9275129805728954,36.3578051019857,200722,68564,2186969,99185,4061100,111499,4039134,111094
A1612,경남,창녕군,시군구,2018,1.5846183500385504,29.48951733671236,16442,10376,259255,15155,515675,17583,511997,17362
A1613,경남,창원시,시군구,2018,2.8461615047001136,37.26256417006713,686090,241058,7691964,342022,14256910,380619,14154185,379850
A1614,경남,통영시,시군구,2018,1.7483212316427363,28.94879044010493,32024,18317,484220,29543,1001776,34427,993233,34310
A1615,경남,하동군,시군구,2018,1.9091869060190076,30.98432019806065,10848,5682,153157,8485,302204,9731,300362,9694
A1616,경남,함안군,시군구,2018,1.857706333258912,31.422220155327164,24962,13437,348896,19188,680748,21965,675672,21503
A1617,경남,함양군,시군구,2018,1.7449499716820842,29.743314335817622,9243,5297,137229,7862,272742,9153,271378,9124
A1618,경남,합천군,시군구,2018,1.6926961226330026,30.845649322256232,9386,5545,143119,8171,283536,9175,282176,9148
A1701,제주,제주시,시군구,2018,2.279578656969089,31.595379521885192,218142,95694,2653634,145238,5213420,164636,5191500,164312
A1702,제주,서귀포시,시군구,2018,2.3149031345590894,30.415612336142768,70380,30403,820697,46161,1606768,52815,1598675,52561
A0101,서울,강남구,시군구,2019,14.73889155918716,70.99678544134505,2207827,149796,10618866,191335,14926829,209653,14863887,209360
A0102,서울,강동구,시군구,2019,3.9752980900236095,40.36471139593687,469757,118169,4268152,164583,7447177,183833,7407086,183504
A0103,서울,강북구,시군구,2019,1.8244389778603345,29.1964437402766,109023,59757,1525316,91856,3075447,105025,3058999,104773
A0104,서울,강서구,시군구,2019,3.120453942558409,37.10608448541961,482288,154557,5019431,220554,9178851,245495,9087948,244918
A0105,서울,관악구,시군구,2019,2.2250439850013137,31.502215909352937,279490,125611,3576033,192332,6865539,217483,6830972,216841
A0106,서울,광진구,시군구,2019,4.011081232492997,37.682113182588566,357989,89250,3125033,129693,5495292,145629,5469408,145146
A0107,서울,구로구,시군구,2019,2.63512762812244,34.670808178026654,279869,106207,3196597,153847,5972692,171843,5943790,171435
A0108,서울,금천구,시군구,2019,1.8025758522530029,29.97453093974146,103850,57612,1501049,87906,2973640,98934,2958726,98708
A0109,서울,노원구,시군구,2019,3.0634837443013545,37.59034539197582,368243,120204,3915063,170381,7206570,191248,7165622,190624
A0110,서울,도봉구,시군구,2019,2.3462984030067826,31.88414556935311,162934,69443,1963299,103389,3797517,118771,3776964,118459
A0111,서울,동대문구,시군구,2019,2.863818301514154,34.79604127353756,217507,75950,2358385,110152,4357428,125149,4333325,124535
A0112,서울,동작구,시군구,2019,4.250913075237399,40.7242697209148,442282,104044,3864194,146294,6661784,163292,6627712,162746
A0113,서울,마포구,시군구,2019,6.06025996786914,46.60527397436227,622419,102705,4501078,139819,7296518,156129,7256814,155708
A0114,서울,서대문구,시군구,2019,4.474789096723038,41.02759849206678,344250,76931,2903893,107729,4982198,121106,4951826,120695
A0115,서울,서초구,시군구,2019,14.09562552745209,71.00066438482118,1720357,122049,8503332,154937,12021965,168901,11969079,168577
A0116,서울,성동구,시군구,2019,6.005505035564073,46.0171087928465,466910,77747,3344887,106032,5431210,117651,5403559,117425
A0117,서울,성북구,시군구,2019,4.2691513321086445,39.22612008004479,411337,96351,3484727,137708,6132023,155845,6096249,155413
A0118,서울,송파구,시군구,2019,7.083446871860156,50.42296481031536,1346542,190097,8985165,254867,14203992,280758,14132599,280281
A0119,서울,양천구,시군구,2019,5.5935180045792,45.5970431886108,644955,115304,4847355,158055,8042926,175717,7994256,175324
A0120,서울,영등포구,시군구,2019,4.810736656374063,43.13036625593972,545297,113350,4413931,154535,7398345,170948,7361189,170673
A0121,서울,용산구,시군구,2019,13.709693845076698,62.57247643086748,861572,62844,4110203,83865,5822661,92859,5800844,92706
A0122,서울,은평구,시군구,2019,2.7243165001932947,34.38335296170287,303023,111229,3371416,163526,6343267,183936,6306182,183408
A0123,서울,종로구,시군구,2019,8.197228869390528,48.56298650629009,277468,33849,1649953,46744,2566206,52689,2551645,52543
A0124,서울,중구,시군구,2019,7.313329636998141,46.09673452078032,224234,30661,1390966,42216,2184474,47280,2173922,47160
A0125,서울,중랑구,시군구,2019,1.8385597458375007,30.25280550774527,156250,84985,2209852,128931,4416068,145667,4394220,145250
A0201,인천,강화군,시군구,2019,2.1791233619521013,31.64927583936801,24112,11065,300308,16117,580350,18457,576903,18228
A0202,인천,계양구,시군구,2019,1.6130674462916903,29.81924029155629,110900,68751,1707440,102338,3465097,116028,3444659,115518
A0203,인천,미추홀구(남구),시군구,2019,1.4597153671809386,28.964662905823914,126877,86919,2093141,130954,4321603,149099,4297516,148371
A0204,인천,남동구,시군구,2019,2.04159637576132,32.5140333145445,257774,126261,3433285,183245,6728459,206416,6691258,205796
A0205,인천,동구,시군구,2019,1.3692059061191508,29.85969169924947,18639,13613,324803,20001,667824,22310,664408,22251
A0206,인천,부평구,시군구,2019,1.892171074903864,31.66056270156059,217980,115201,3037400,168575,6012506,189424,5978749,188839
A0207,인천,서구,시군구,2019,2.269276068122864,34.13876178575486,314061,138397,3909566,197561,7561718,220757,7513088,220075
A0208,인천,연수구,시군구,2019,4.5830283364147455,44.260755395224926,485856,106012,4073275,140822,6987847,157315,6944424,156898
A0209,인천,옹진군,시군구,2019,2.1760182876142977,38.0840132970686,10471,4812,134889,6046,253660,6719,252040,6618
A0210,인천,중구,시군구,2019,2.106052986793002,34.32394174955022,79573,37783,1050223,52993,2035945,59077,2022298,58918
A0301,경기,가평군,시군구,2019,2.220263532763533,31.667119491387275,24938,11232,301882,16190,585249,18537,582770,18403
A0302,경기,고양시,시군구,2019,3.679468304702305,38.75055019262815,957210,260149,8946114,367693,16057004,412968,15952594,411674
A0303,경기,과천시,시군구,2019,8.18939393939394,57.60349866060557,144854,17688,929127,22417,1426949,24757,1419235,24638
A0304,경기,광명시,시군구,2019,3.1168169191257404,37.71278493888509,237863,76316,2485130,108020,4544906,120421,4523196,119938
A0305,경기,광주시,시군구,2019,1.9684619526770917,31.52655393525701,186435,94711,2473886,138611,4901478,155348,4877284,154704
A0306,경기,구리시,시군구,2019,2.63406620608952,34.95481417173095,117050,44437,1341595,64632,2547881,72780,2536566,72567
A0307,경기,군포시,시군구,2019,2.898537551551986,37.21225710014948,213657,73712,2335749,103838,4302875,115454,4281940,115068
A0308,경기,김포시,시군구,2019,2.54354811017635,35.773486829350084,311109,122313,3622098,172306,6882406,191698,6827048,190841
A0309,경기,남양주시,시군구,2019,2.4055329856283447,33.21721737512488,354679,147443,4235971,218989,8253413,248027,8212193,247227
A0310,경기,동두천시,시군구,2019,1.2678693886163424,27.83287029811144,24035,18957,427435,28200,896988,32209,891626,32035
A0311,경기,부천시,시군구,2019,2.2131191459463286,32.658436505564985,437828,197833,5485248,289866,10659954,325798,10601549,324619
A0312,경기,성남시,시군구,2019,6.735223740063887,47.82639826828604,1731067,257017,11550190,349187,18538439,386583,18448794,385745
A0313,경기,수원시,시군구,2019,3.9672132151441386,41.49315799150229,1295672,326595,11831641,446262,20619713,496446,20537329,494957
A0314,경기,시흥시,시군구,2019,1.705060823282604,32.13282244808187,230011,134899,3490704,194313,6973752,217213,6939565,215965
A0315,경기,안산시,시군구,2019,1.91432114293851,31.98786614112373,322655,168548,4467898,242577,8730999,272667,8691711,271719
A0316,경기,안성시,시군구,2019,1.7134905582584317,32.092607745033604,83118,48508,1228522,67291,2403732,75088,2392536,74551
A0317,경기,안양시,시군구,2019,3.5196173424130355,39.68611257957468,515814,146554,5036368,203392,8979071,225747,8933463,225103
A0318,경기,양주시,시군구,2019,1.4425932702864075,29.22007079151433,74898,51919,1218491,76356,2524391,86200,2509595,85886
A0319,경기,양평군,시군구,2019,3.5428871864203093,35.87989111942838,70755,19971,638829,28687,1165650,32497,1159961,32329
A0320,경기,여주시,시군구,2019,1.845217835262083,31.311860228308056,43370,23504,597589,33607,1173776,37666,1168496,37318
A0321,경기,연천군,시군구,2019,1.472972972972973,31.563921913987965,13298,9028,215074,12288,433135,13959,430090,13626
A0322,경기,오산시,시군구,2019,2.158692236154315,34.61241954732301,134629,62366,1771600,88236,3407873,98384,3393367,98039
A0323,경기,용인시,시군구,2019,5.055857649430194,45.5308389478015,1427213,282289,11389259,379469,19243442,422411,19145308,420491
A0324,경기,의왕시,시군구,2019,3.914020585323171,40.77450496899051,169982,43429,1556294,60483,2742592,67117,2728426,66915
A0325,경기,의정부시,시군구,2019,1.6704444121855624,30.210676794401294,161101,96442,2436056,144818,4981198,164586,4955699,164038
A0326,경기,이천시,시군구,2019,3.862935456207628,40.87780911351928,238741,61803,2154145,82083,3696189,90337,3681619,90064
A0327,경기,파주시,시군구,2019,2.1577934740217533,34.39706451007038,248977,115385,3224031,163364,6263100,181781,6226763,181026
A0328,경기,평택시,시군구,2019,2.3147721252559386,36.12771979647379,323332,139682,4083876,190167,7667941,211984,7632884,211275
A0329,경기,포천시,시군구,2019,1.275446898002103,27.830011307826027,48518,38040,821444,53221,1660586,59835,1648956,59251
A0330,경기,하남시,시군구,2019,3.4031390255772456,38.458105662181545,251737,73972,2495418,105223,4527216,117413,4504521,117128
A0331,경기,화성시,시군구,2019,3.75281684286891,43.14867481385477,993213,264658,9464925,348638,16510895,382446,16446290,381154
A0401,강원,강릉시,시군구,2019,2.2412358605216416,33.026512193005296,95898,42788,1185759,61362,2295783,69500,2283387,69138
A0402,강원,고성군,시군구,2019,1.7521608040201004,31.15970031545741,8717,4975,120149,6803,238074,7632,237063,7608
A0403,강원,동해시,시군구,2019,2.236087250767869,36.06917715593468,42953,19209,548588,26046,1050923,28990,1040199,28839
A0404,강원,삼척시,시군구,2019,2.1637523629489603,35.11938607334157,27471,12696,359761,17285,688283,19514,681878,19416
A0405,강원,속초시,시군구,2019,1.768452204794318,31.483857739337907,29878,16895,422676,23938,849218,26893,844523,26824
A0406,강원,양구군,시군구,2019,1.6755679553607017,35.590824104703,8408,5018,125989,6436,248689,6976,247463,6953
A0407,강원,양양군,시군구,2019,1.907531380753138,32.07894032646508,9118,4780,122946,6683,241292,7591,239758,7474
A0408,강원,영월군,시군구,2019,2.1597624565469293,34.569268802890555,14911,6904,191603,9395,366953,10545,363565,10517
A0409,강원,원주시,시군구,2019,2.2539869686627365,34.49588746130889,181615,80575,2277983,112978,4380867,126864,4357555,126321
A0410,강원,인제군,시군구,2019,1.8227916385704648,35.40686086623227,13516,7415,189562,9485,371500,10535,369506,10436
A0411,강원,정선군,시군구,2019,1.7715511079342388,32.648275862068964,12392,6995,182196,9647,360452,10894,355050,10875
A0412,강원,철원군,시군구,2019,1.5620044052863435,33.86030522816561,14183,9080,223930,12051,450611,13298,448175,13236
A0413,강원,춘천시,시군구,2019,2.2597215857917106,35.02350444706169,143011,63287,1802711,88679,3468477,99263,3449535,98492
A0414,강원,태백시,시군구,2019,2.1529525653436594,35.75943362831858,20016,9297,267592,12646,514446,14158,505102,14125
A0415,강원,평창군,시군구,2019,2.420298879202989,30.82929525564256,15548,6424,173913,9233,336183,11146,334652,10855
A0416,강원,홍천군,시군구,2019,1.838833211113827,32.01244054152946,22568,12273,312091,17046,616392,19527,612430,19131
A0417,강원,화천군,시군구,2019,1.6164268986283037,34.732130135359775,9663,5978,147741,7582,294009,8608,292514,8422
A0418,강원,횡성군,시군구,2019,1.6752305665349143,30.14441638836849,12715,7590,185889,10876,371919,12407,370083,12277
A0501,대전,대덕구,시군구,2019,1.8315590436967388,31.357186573136858,70711,38607,1017723,56679,2008626,64126,1998174,63723
A0502,대전,동구,시군구,2019,1.6372238266300392,29.620131285068368,69731,42591,1072332,64324,2187221,73886,2174947,73428
A0503,대전,서구,시군구,2019,2.794462740016916,36.088811592273295,310571,111138,3498287,160628,6544804,181012,6505297,180258
A0504,대전,유성구,시군구,2019,4.584579210753561,45.80344332855093,440656,96117,3863694,129538,6603505,143730,6544625,142885
A0505,대전,중구,시군구,2019,2.2959143030836637,32.59971006161191,109522,47703,1355620,70635,2623096,80389,2608531,80017
A0601,충북,괴산군,시군구,2019,1.835542464408444,30.67602327243033,11217,6111,155004,8611,302544,10145,300533,9797
A0602,충북,단양군,시군구,2019,1.7036082474226804,31.629105038856856,8593,5044,128583,7147,253589,8151,252337,7978
A0603,충북,보은군,시군구,2019,1.808792063800817,29.33613155473781,9299,5141,130337,7311,256171,8766,255107,8696
A0604,충북,영동군,시군구,2019,1.8072125813449025,31.666000666000667,13330,7376,193667,10575,382836,12352,380372,12012
A0605,충북,옥천군,시군구,2019,1.6832425068119892,30.701070811744387,14826,8808,223162,12936,447095,14796,444398,14475
A0606,충북,음성군,시군구,2019,1.416622382824955,30.732374936469903,39987,28227,657648,37859,1277337,41551,1269831,41319
A0607,충북,제천시,시군구,2019,1.9712519550160128,33.201609052711994,52936,26854,720345,37736,1398072,42278,1390749,41888
A0608,충북,증평군,시군구,2019,1.5789806234203876,32.84893302345235,14994,9496,236443,12851,470351,14332,466422,14199
A0609,충북,진천군,시군구,2019,1.633138629283489,32.9427570093458,41939,25680,643779,34606,1248511,38125,1240756,37664
A0610,충북,청주시,시군구,2019,2.948859285794246,38.10024266978657,658554,223325,7045387,301943,12794089,335500,12733063,334199
A0611,충북,충주시,시군구,2019,1.8548297040759352,33.26955413659847,86372,46566,1231217,65295,2414711,72672,2401962,72197
A0701,충남,계룡시,시군구,2019,3.414213388336771,45.130243838489775,36416,10666,385090,13901,693988,15329,688507,15256
A0702,충남,공주시,시군구,2019,1.8955246295554664,32.10332333833083,37865,19976,529492,28430,1032997,32319,1027820,32016
A0703,충남,금산군,시군구,2019,1.70959887222863,30.37189633767846,13340,7803,198777,11415,393318,12988,391433,12888
A0704,충남,논산시,시군구,2019,1.6324303254726171,30.59346809967549,33504,20524,515798,29743,1034538,34018,1027604,33589
A0705,충남,당진시,시군구,2019,2.264868339602876,37.937685753913215,95129,42002,1239927,55290,2306354,61268,2297658,60564
A0706,충남,보령시,시군구,2019,2.129631567929663,32.94086409230971,40693,19108,526766,26849,1011389,31056,1004894,30506
A0707,충남,부여군,시군구,2019,1.7156608263032662,29.856014657568867,15863,9246,238700,13567,475413,16198,472561,15828
A0708,충남,서산시,시군구,2019,3.268141508534376,41.24169689741424,137092,41948,1406515,54850,2499509,60931,2489720,60369
A0709,충남,서천군,시군구,2019,1.9776697753842112,32.85982920019708,15056,7613,208754,10865,402271,12387,400167,12178
A0710,충남,아산시,시군구,2019,2.806536473291212,38.96288608306151,244309,87050,2761708,116188,5012543,128723,4992938,128146
A0711,충남,예산군,시군구,2019,1.623996089112368,30.98551559177888,23254,14319,358834,20187,703036,23117,699529,22576
A0712,충남,천안시,시군구,2019,2.715821447145655,37.76757407605154,490863,180742,5607528,245925,10302347,272761,10256880,271579
A0713,충남,청양군,시군구,2019,1.7472666105971404,31.41649899396378,8310,4756,120355,6590,235160,7610,234210,7455
A0714,충남,태안군,시군구,2019,2.2490044015929573,33.65966777408638,21460,9542,267615,13356,509431,15511,506578,15050
A0715,충남,홍성군,시군구,2019,1.9135637640310537,33.72494478409782,38698,20223,542735,28124,1059146,31583,1053601,31241
A0901,광주,광산구,시군구,2019,2.3486529153943625,34.81003446710278,226133,96282,2832003,140577,5474694,157345,5443628,156381
A0902,광주,남구,시군구,2019,3.291463634722974,37.06980442485283,145904,44328,1447296,64318,2673078,72046,2657386,71686
A0903,광주,동구,시군구,2019,3.198115873763542,36.372778462079886,67896,21230,677066,30286,1247189,34291,1240239,34098
A0904,광주,북구,시군구,2019,2.317077215637714,33.270252089646675,209575,90448,2590134,133862,5024059,150778,4995362,150145
A0905,광주,서구,시군구,2019,3.374986797833336,37.28114434087385,223684,66277,2198593,95693,4012119,107560,3991543,107066
A1001,전북,고창군,시군구,2019,1.8493513739712653,31.50324729392173,13258,7169,192163,10768,380465,12082,378354,12010
A1002,전북,군산시,시군구,2019,2.182103669364637,34.312494913441306,116736,53497,1539398,76870,2967283,86597,2951252,86011
A1003,전북,김제시,시군구,2019,1.4971579848944951,28.65368023726072,19228,12843,316693,19262,641577,22560,637659,22254
A1004,전북,남원시,시군구,2019,1.7245553359683794,30.4622754491018,20943,12144,316595,18505,639372,21446,635900,20875
A1005,전북,무주군,시군구,2019,1.617834394904459,29.923996017258546,5588,3454,88777,5278,181302,6091,180322,6026
A1006,전북,부안군,시군구,2019,1.534404321865226,29.603912182238364,10793,7034,176973,10625,360769,12395,358681,12116
A1007,전북,순창군,시군구,2019,1.8496647756575555,32.019616788321166,7173,3878,106354,5831,211619,6748,210561,6576
A1008,전북,완주군,시군구,2019,2.0733874764595104,33.68873744619799,35231,16992,488714,25026,943379,28222,939242,27880
A1009,전북,익산시,시군구,2019,1.943636597606485,32.184197120708745,105728,54397,1483622,80911,2926014,91489,2906233,90300
A1010,전북,임실군,시군구,2019,1.667086693548387,31.033895774227265,6615,3968,104186,5894,208994,6740,207834,6697
A1011,전북,장수군,시군구,2019,1.7239986536519691,30.26155321188878,5122,2971,78746,4540,158414,5277,157814,5215
A1012,전북,전주시,시군구,2019,2.6650299367690677,36.039990618036825,381014,142968,4440697,206663,8334167,230833,8297451,230229
A1013,전북,정읍시,시군구,2019,1.6199309993778632,30.600383890086206,28642,17681,454980,26415,914549,29918,908709,29696
A1014,전북,진안군,시군구,2019,1.7769642354266404,31.76200101061142,6310,3551,95522,5328,189541,6147,188571,5937
A1101,전남,강진군,시군구,2019,1.841489361702128,31.375046462644036,8655,4700,127872,7092,254427,8103,253228,8071
A1102,전남,고흥군,시군구,2019,1.7020968908170644,29.87397532499793,11770,6915,179229,10593,363292,12329,360788,12077
A1103,전남,곡성군,시군구,2019,2.1080760095011875,33.24864309813701,8875,4210,117444,6067,227809,6933,226656,6817
A1104,전남,광양시,시군구,2019,3.40734126984127,41.476171527106665,120211,35280,1233963,47685,2200508,53016,2188822,52773
A1105,전남,구례군,시군구,2019,1.7468073292615214,30.868147907881934,6292,3602,95315,5456,191378,6416,190333,6166
A1106,전남,나주시,시군구,2019,2.0785468615649183,33.85180857279439,48347,23260,656497,33419,1284259,38318,1274656,37654
A1107,전남,담양군,시군구,2019,2.1275497355829764,32.46756798999687,16897,7942,216972,11382,419001,13252,415455,12796
A1108,전남,목포시,시군구,2019,1.9206649036645256,31.34111198348309,76260,39705,1075729,61100,2171770,69030,2155579,68778
A1109,전남,무안군,시군구,2019,2.276295231548028,36.10453425139862,36423,16001,478249,22883,928691,25722,922868,25561
A1110,전남,보성군,시군구,2019,1.8720517637236485,30.757662835249043,8969,4791,129679,7292,258333,8562,256888,8352
A1111,전남,순천시,시군구,2019,2.975895024529359,38.04554981137348,175307,58909,1925704,83757,3560435,93636,3539796,93041
A1112,전남,신안군,시군구,2019,1.849809459762385,32.56670281995662,8252,4461,122268,6485,241732,7408,240212,7376
A1113,전남,여수시,시군구,2019,3.925748377276624,40.29596719070403,224384,57157,2062945,80158,3618948,89624,3596133,89243
A1114,전남,영광군,시군구,2019,2.526110586011342,35.25386378762109,21381,8464,255431,12086,479495,13895,476738,13523
A1115,전남,영암군,시군구,2019,1.5556595824361017,29.374861449789403,16616,10681,267905,15721,533203,18152,530040,18044
A1116,전남,완도군,시군구,2019,1.7929979605710402,30.9388103119671,10550,5884,155934,8848,311826,10012,308429,9969
A1117,전남,장성군,시군구,2019,1.9318837097549253,33.18002305032655,16081,8324,223238,11725,435066,13286,431838,13015
A1118,전남,장흥군,시군구,2019,1.828270796108795,31.910449517533536,9209,5037,136978,7554,272704,8525,271175,8498
A1119,전남,진도군,시군구,2019,1.6896850621207744,31.13550135501355,5848,3461,91517,5214,184498,5920,183824,5904
A1120,전남,함평군,시군구,2019,2.018375680580762,31.219248516809493,8897,4408,121126,6729,238361,7691,236798,7585
A1121,전남,해남군,시군구,2019,1.7542002301495971,30.690606226105952,15244,8690,224185,12882,451975,15337,449556,14648
A1122,전남,화순군,시군구,2019,1.6923709456372773,30.53620812154998,18523,10945,279178,16319,562893,18772,558721,18297
A1201,대구,남구,시군구,2019,1.730321301726274,28.18838497369702,41898,24214,600281,37679,1224202,43371,1216357,43151
A1202,대구,달서구,시군구,2019,2.495783627300302,34.59000105697072,306914,122973,3609037,178267,6910886,199681,6872376,198681
A1203,대구,달성군,시군구,2019,1.7418145463634092,33.21170993696085,104535,60015,1596673,87126,3221430,96979,3203203,96448
A1204,대구,동구,시군구,2019,2.006933506057617,32.275161604533785,136333,67931,1843412,100488,3668489,113389,3644834,112930
A1205,대구,북구,시군구,2019,1.9406751224750016,31.998878047803174,173508,89406,2403460,133501,4818444,150514,4791480,149739
A1206,대구,서구,시군구,2019,1.044533874347291,25.90845418902973,31406,30067,637640,46333,1371093,52784,1361282,52542
A1207,대구,수성구,시군구,2019,5.567267944381811,46.27077444471226,503693,90474,3794309,123259,6366481,137431,6334978,136911
A1208,대구,중구,시군구,2019,2.848890077560845,34.73650819145519,42608,14956,462138,22130,869814,24996,865078,24904
A1301,경북,경산시,시군구,2019,1.75878132861269,31.189974264294506,94385,53665,1393444,79090,2806769,90529,2787448,89370
A1302,경북,경주시,시군구,2019,2.5069989819662597,35.7741092439956,137905,55008,1637388,76003,3042110,85577,3025166,84563
A1303,경북,고령군,시군구,2019,1.4947611436689754,29.217266504747183,8417,5631,134305,8115,266341,9085,264650,9058
A1304,경북,구미시,시군구,2019,2.703546292866473,38.043148247702426,277346,102586,3229758,141866,5975838,157096,5944318,156252
A1305,경북,군위군,시군구,2019,2.042861365651788,32.67270375161708,6911,3383,93222,4835,177992,5605,176792,5411
A1306,경북,김천시,시군구,2019,2.323330035542853,35.44539118757091,63406,27291,810046,38731,1538390,43594,1530851,43189
A1307,경북,문경시,시군구,2019,1.9177749820273184,30.74382238351924,21341,11128,292258,16412,579522,19031,576047,18737
A1308,경북,봉화군,시군구,2019,1.768144661877632,31.70298879202989,7138,4037,103737,5722,205071,6507,203660,6424
A1309,경북,상주시,시군구,2019,1.8131159163417228,31.735382081400893,25574,14105,371920,20564,735757,23749,732167,23071
A1310,경북,성주군,시군구,2019,1.7201827635103195,29.50806910955003,10918,6347,160317,9175,313327,11254,310838,10534
A1311,경북,안동시,시군구,2019,2.149019607843137,33.980705635005805,62472,29070,808174,40852,1558516,46148,1551593,45661
A1312,경북,영덕군,시군구,2019,1.7697790449037776,29.863994471319973,7449,4209,108202,6324,217828,7549,216066,7235
A1313,경북,영양군,시군구,2019,1.852306182531894,33.64858044164038,3775,2038,54662,2814,107190,3376,106666,3170
A1314,경북,영주시,시군구,2019,2.282296093613553,34.4526898270302,39203,17177,497060,24342,945607,27741,940145,27288
A1315,경북,영천시,시군구,2019,1.725994809688581,30.961900929000237,31924,18496,471611,26451,928587,30066,923191,29817
A1316,경북,예천군,시군구,2019,2.2391232148787776,36.67018507807982,20226,9033,263419,12420,509590,14275,507222,13832
A1317,경북,울릉군,시군구,2019,2.2759674134419554,37.81386481802426,4470,1964,58851,2670,109980,2892,109093,2885
A1318,경북,울진군,시군구,2019,2.91578708432641,38.61857494613727,25691,8811,281270,11720,505865,13335,501887,12996
A1319,경북,의성군,시군구,2019,1.5811399967705473,29.60263361735089,9792,6193,153585,8968,307554,10966,305736,10328
A1320,경북,청도군,시군구,2019,2.303372710152371,31.00751879699248,13454,5841,159480,8695,307358,10044,305176,9842
A1321,경북,청송군,시군구,2019,1.7625,29.65991451403085,5358,3040,80313,4396,160378,5570,159600,5381
A1322,경북,칠곡군,시군구,2019,1.8180463511234852,32.72399506781751,46362,25501,679851,36433,1336101,41089,1326958,40550
A1323,경북,포항시,시군구,2019,3.2507984115082342,40.05784026294367,351174,108027,3631741,147347,6582253,164385,6544690,163381
A1401,부산,강서구,시군구,2019,2.6885678215738533,37.93362937409399,95834,35645,1113461,49278,2083924,54772,2067269,54497
A1402,부산,금정구,시군구,2019,3.335538752362949,36.317365967365966,158805,47610,1548230,68728,2828261,77707,2804427,77220
A1403,부산,기장군,시군구,2019,2.3837501807141823,34.30207054020861,82442,34585,1029225,51046,2005187,57961,1983037,57811
A1404,부산,남구,시군구,2019,3.5966752534331623,37.36085651164108,194073,53959,1821750,78581,3331402,88621,3297656,88265
A1405,부산,동구,시군구,2019,1.7280260250429658,28.35825460477129,28153,16292,412888,25120,846909,29570,834470,29426
A1406,부산,동래구,시군구,2019,3.168425954672462,37.21527800092114,183699,57978,1891697,83515,3505108,93747,3474530,93363
A1407,부산,부산진구,시군구,2019,2.3109805818533617,32.18833707406652,167211,72355,2036704,108545,3980138,123188,3943876,122525
A1408,부산,북구,시군구,2019,2.236154144074361,33.18800713813876,138570,61968,1745370,90603,3393528,101825,3366160,101427
A1409,부산,사상구,시군구,2019,1.404695019707759,28.871506950927856,64505,45921,1101684,69108,2278984,78534,2257492,78191
A1410,부산,사하구,시군구,2019,1.8042576679794724,30.517584524224468,120943,67032,1757344,100930,3541757,115200,3502198,114760
A1411,부산,서구,시군구,2019,2.376109078149281,32.031953716065864,47401,19949,564628,29498,1097302,33847,1079637,33705
A1412,부산,수영구,시군구,2019,3.127284253466001,34.71378863229767,113461,36281,1146694,54222,2137472,61121,2115007,60927
A1413,부산,연제구,시군구,2019,2.94347923681257,36.14634314849871,131132,44550,1407720,64709,2638105,72631,2615947,72371
A1414,부산,영도구,시군구,2019,1.748765245438968,28.82313041010359,34699,19842,506602,30741,1044153,35413,1015583,35235
A1415,부산,중구,시군구,2019,1.3196963306621678,24.918662786359228,9387,7113,159568,11383,342779,13493,333935,13401
A1416,부산,해운대구,시군구,2019,5.759129623147824,43.218475245490175,493615,85710,3530509,121335,5940223,136706,5888863,136258
A1501,울산,남구,시군구,2019,4.725264889447965,46.08321355750911,390666,82676,3305365,108772,5540033,120003,5514686,119668
A1502,울산,동구,시군구,2019,3.0126367963880845,40.47634939778941,122777,40754,1364129,55074,2468514,60668,2449912,60527
A1503,울산,북구,시군구,2019,4.0299599771297885,46.395889268454304,246694,61215,2371353,80279,4078250,87723,4060893,87527
A1504,울산,울주군,시군구,2019,3.298001801503704,39.73834127274948,179408,54399,1832767,73789,3271785,82086,3253378,81870
A1505,울산,중구,시군구,2019,4.098636293196963,43.24725024406118,211588,51624,1944905,69317,3337974,77069,3322470,76825
A1601,경남,거제시,시군구,2019,2.746207015724901,38.03271524615051,158923,57870,1902655,82370,3523240,92590,3507377,92220
A1602,경남,거창군,시군구,2019,1.951578947368421,32.82731656457709,18540,9500,258268,13839,506286,15525,503768,15346
A1603,경남,고성군,시군구,2019,1.7083557227297153,29.597532767925983,12717,7444,192739,11170,386735,13147,383880,12970
A1604,경남,김해시,시군구,2019,2.177772452497642,34.09970932750705,281721,129362,3673956,186497,7131400,208421,7085715,207794
A1605,경남,남해군,시군구,2019,2.015849056603773,30.072265835036024,10684,5300,141572,8042,283061,9333,279642,9299
A1606,경남,밀양시,시군구,2019,1.9514887354239785,31.1081208687441,34475,17666,475826,25890,928402,30131,922418,29652
A1607,경남,사천시,시군구,2019,2.7442602877509072,36.11022862028074,62753,22867,714311,32461,1317790,36453,1309393,36261
A1608,경남,산청군,시군구,2019,1.9822855908403545,31.153491351697628,9176,4629,125647,6908,244865,7961,243153,7805
A1609,경남,양산시,시군구,2019,1.9471502460894936,33.44130948310696,155478,79849,2186383,115372,4336766,129518,4303629,128692
A1610,경남,의령군,시군구,2019,1.578740157480315,31.1727925025626,6817,4318,108517,6104,214082,6874,212879,6829
A1611,경남,진주시,시군구,2019,2.8752094144567484,37.03618023677217,211095,73419,2323994,103809,4317240,116342,4292197,115892
A1612,경남,창녕군,시군구,2019,1.6795865633074936,30.781945000285862,18200,10836,276145,15464,541708,17640,538407,17491
A1613,경남,창원시,시군구,2019,2.845860059348592,38.091599666882,718315,252407,7995228,349011,14785688,386520,14682369,385449
A1614,경남,통영시,시군구,2019,1.762283200879692,30.0505301666238,35258,20007,520524,30541,1061085,35192,1051438,34989
A1615,경남,하동군,시군구,2019,1.9437011294526496,31.67327451997924,11186,5755,156573,8475,307109,9750,305172,9635
A1616,경남,함안군,시군구,2019,1.8908496732026143,32.164869888475835,26037,13770,360068,19246,696932,21884,692188,21520
A1617,경남,함양군,시군구,2019,1.847646424721524,30.836144837219297,10284,5566,147031,8011,288482,9343,286992,9307
A1618,경남,합천군,시군구,2019,1.743427970557308,31.87930273609885,9948,5706,147990,8132,290330,9211,288954,9064
A1701,제주,제주시,시군구,2019,2.2627105636775258,32.50404922170804,235874,104244,2862584,152621,5584793,171469,5562873,171144
A1702,제주,서귀포시,시군구,2019,2.3985043062494253,31.413603008960507,78256,32627,886007,47861,1712400,54529,1703811,54238
A0101,서울,강남구,시군구,2020,16.219714481757077,74.50750541187193,2434790,150113,11258245,192078,15754700,210941,15694857,210648
A0102,서울,강동구,시군구,2020,4.260990516682998,41.46882284382284,513117,120422,4455424,168456,7865918,189102,7827655,188760
A0103,서울,강북구,시군구,2020,1.939793991416309,29.449587028508358,112993,58250,1506326,90701,3109922,105321,3094916,105092
A0104,서울,강서구,시군구,2020,3.2440915367922667,37.30521869189102,493329,152070,4978256,220894,9287969,247909,9228565,247380
A0105,서울,관악구,시군구,2020,2.3867423653662088,32.024515580448536,291753,122239,3550022,190378,6961669,217065,6929881,216393
A0106,서울,광진구,시군구,2020,4.265208693279986,38.426054406844735,375236,87976,3156353,129418,5629534,146304,5604978,145864
A0107,서울,구로구,시군구,2020,2.808908251884548,35.34235417761429,294000,104667,3201266,152292,6079037,171669,6053085,171270
A0108,서울,금천구,시군구,2020,1.8976633417319573,30.753311637257536,109962,57946,1533085,88898,3103521,100692,3090062,100479
A0109,서울,노원구,시군구,2020,3.232899962376155,38.32646024736831,386671,119605,3942722,169643,7363982,191648,7325413,191132
A0110,서울,도봉구,시군구,2020,2.4341404572067438,32.32965250112549,165468,67978,1935865,101511,3824449,117979,3806073,117727
A0111,서울,동대문구,시군구,2020,3.077906236741621,35.6800847626407,232148,75424,2404804,110028,4500363,126064,4478814,125527
A0112,서울,동작구,시군구,2020,4.588806107878658,41.80371660147389,472413,102949,3938917,145638,6853020,164005,6818437,163106
A0113,서울,마포구,시군구,2020,6.456024978046639,47.91696248833119,661678,102490,4638558,140962,7581482,157918,7545532,157471
A0114,서울,서대문구,시군구,2020,4.898255584497592,42.065330608477815,372336,76014,2970313,107298,5132923,121720,5104712,121352
A0115,서울,서초구,시군구,2020,15.395871814198507,74.24278467414658,1858759,120731,8862085,153383,12489338,167853,12440121,167560
A0116,서울,성동구,시군구,2020,6.81096129772585,48.03769600383031,522319,76688,3483277,104946,5643902,117169,5618585,116962
A0117,서울,성북구,시군구,2020,4.709819714158199,40.397982305391125,453777,96347,3601648,138505,6381557,157525,6346927,157110
A0118,서울,송파구,시군구,2020,7.586077249764354,51.93232558638291,1432570,188842,9189800,253830,14594561,280206,14528899,279766
A0119,서울,양천구,시군구,2020,5.996696793536523,46.70480389486586,688043,114737,4953070,157687,8272740,176637,8230881,176232
A0120,서울,영등포구,시군구,2020,5.103139748578529,44.34820132417154,591459,115901,4621887,158085,7824542,175969,7790072,175657
A0121,서울,용산구,시군구,2020,14.767615337102676,64.80553755960788,932442,63141,4311909,84727,6122572,94304,6101895,94157
A0122,서울,은평구,시군구,2020,2.91164531556536,34.97815414693159,322060,110611,3404448,163345,6510425,185630,6476590,185161
A0123,서울,종로구,시군구,2020,8.462532683622534,48.9201257038104,284815,33656,1671660,47126,2628977,53596,2615221,53459
A0124,서울,중구,시군구,2020,8.10077519379845,47.22046755823808,247665,30573,1455017,42839,2293687,48476,2284479,48379
A0125,서울,중랑구,시군구,2020,1.959938621340888,31.125677852809105,166046,84720,2236234,128924,4560624,146187,4540147,145865
A0201,인천,강화군,시군구,2020,2.3298824355150027,32.71806995862662,26556,11398,313800,16559,612248,18824,608916,18611
A0202,인천,계양구,시군구,2020,1.670873214548667,30.258628308998745,113469,67910,1685976,101387,3509702,115800,3491997,115405
A0203,인천,미추홀구(남구),시군구,2020,1.510614876552917,29.48728802470428,134484,89026,2141881,133553,4531302,154167,4507073,152848
A0204,인천,남동구,시군구,2020,2.1485948949190754,33.1274185959891,266834,124190,3402139,180902,6793310,204733,6759451,204044
A0205,인천,동구,시군구,2020,1.4197234352256187,30.267436714462736,19507,13740,325518,20186,687250,22654,683923,22596
A0206,인천,부평구,시군구,2020,1.98568340727906,32.158270225707746,226910,114273,3029166,167808,6116418,189788,6085213,189227
A0207,인천,서구,시군구,2020,2.368410606823128,34.887525253646515,334133,141079,4009795,201607,7898351,225801,7857194,225215
A0208,인천,연수구,시군구,2020,4.874406778105178,45.33262300836993,531013,108939,4277443,144942,7400205,162901,7360522,162367
A0209,인천,옹진군,시군구,2020,2.3810689514483885,38.34780058651027,11672,4902,139009,6203,263237,6904,261532,6820
A0210,인천,중구,시군구,2020,2.0563011196696577,34.187187964952884,77685,37779,1029895,54210,2079903,60637,2067983,60490
A0301,경기,가평군,시군구,2020,2.3059977626710264,32.14564840590367,26798,11621,310921,16730,614535,19142,612021,19039
A0302,경기,고양시,시군구,2020,3.8080776101852063,39.42392342905494,1010382,265326,9163288,374701,16677719,421837,16586985,420734
A0303,경기,과천시,시군구,2020,9.151393652480555,61.20751473477407,189443,20701,1148667,25985,1753426,28598,1744659,28504
A0304,경기,광명시,시군구,2020,3.313631326191356,39.18544946673438,251160,75796,2515420,106352,4649553,118528,4629369,118140
A0305,경기,광주시,시군구,2020,2.105794681760801,32.500109834244434,206848,98228,2596214,142376,5201530,159753,5178275,159331
A0306,경기,구리시,시군구,2020,2.811396850572108,35.9241769990142,124081,44135,1348870,63768,2598069,72157,2587367,72023
A0307,경기,군포시,시군구,2020,3.0191534609316046,37.90443041863813,220051,72885,2316550,102339,4338084,114195,4317959,113917
A0308,경기,김포시,시군구,2020,2.642890237868996,36.45774106991451,336543,127339,3808093,179845,7356225,201303,7309850,200502
A0309,경기,남양주시,시군구,2020,2.580910272747165,34.31282603327469,401027,155382,4536044,229096,8934751,259854,8893061,259176
A0310,경기,동두천시,시군구,2020,1.2921069315300084,28.13153374233129,24457,18928,427610,28600,921803,32765,917088,32600
A0311,경기,부천시,시군구,2020,2.32197527832351,33.3291839044209,453844,195456,5461004,287288,10831086,324484,10779258,323418
A0312,경기,성남시,시군구,2020,7.432966211425224,50.05436644825221,1928825,259496,12205206,352083,19574877,390050,19487216,389321
A0313,경기,수원시,시군구,2020,4.458268720962218,43.085048016443416,1474880,330819,12459106,451578,21691990,502780,21611417,501599
A0314,경기,시흥시,시군구,2020,1.8272141454948927,32.77492051905564,256899,140596,3679826,202450,7488034,228522,7453443,227413
A0315,경기,안산시,시군구,2020,1.9621513827039936,32.543877684461364,333552,169993,4496550,244706,8998279,276152,8958939,275288
A0316,경기,안성시,시군구,2020,1.8398359343737496,32.84307366299278,91955,49980,1291213,69315,2553372,77883,2541824,77393
A0317,경기,안양시,시군구,2020,3.697174973517485,40.858806699385966,547962,148211,5164826,205142,9325716,227781,9282508,227185
A0318,경기,양주시,시군구,2020,1.5634339565968312,30.109195595811308,83281,53268,1280154,78881,2697226,89383,2682639,89097
A0319,경기,양평군,시군구,2020,3.6822815418899055,36.46908688304877,77663,21091,680824,30377,1257933,34458,1251692,34322
A0320,경기,여주시,시군구,2020,1.97606535840381,32.38644741313953,48133,24358,625167,34432,1244325,38527,1238814,38251
A0321,경기,연천군,시군구,2020,1.53345604157644,31.47245479490607,14163,9236,219514,12559,449993,14289,447318,14213
A0322,경기,오산시,시군구,2020,2.331352552685088,35.41715955604928,147908,63443,1824896,89516,3553016,100168,3538918,99921
A0323,경기,용인시,시군구,2020,5.515551608583738,46.9476270765834,1589946,288266,12022427,387905,20337175,432868,20242737,431177
A0324,경기,의왕시,시군구,2020,4.120433542498574,41.56945462005099,180578,43825,1596733,61409,2850366,68389,2836949,68246
A0325,경기,의정부시,시군구,2020,1.7761868114063513,30.87510613708194,175402,98752,2521987,148877,5260547,169990,5236171,169592
A0326,경기,이천시,시군구,2020,2.9602889205778413,39.02422619616844,190986,64516,2023442,85919,3689304,94320,3672687,94113
A0327,경기,파주시,시군구,2020,2.2296774410152675,34.705614431379175,265646,119141,3341403,169618,6609753,190174,6575881,189476
A0328,경기,평택시,시군구,2020,2.3698759081508194,36.33003512118979,357510,150856,4398120,205780,8417082,231232,8378796,230630
A0329,경기,포천시,시군구,2020,1.3627123904104277,28.381342542066427,52692,38667,855326,54547,1754127,61698,1742359,61391
A0330,경기,하남시,시군구,2020,3.798651020751677,40.720075807184735,315949,83174,2928329,116923,5310459,129963,5285588,129803
A0331,경기,화성시,시군구,2020,4.42401138959516,45.33317448159025,1233640,278851,10572816,365782,18233860,401794,18169219,400793
A0401,강원,강릉시,시군구,2020,2.393152463609649,33.98024221940572,105057,43899,1237687,62798,2425463,71391,2412937,71010
A0402,강원,고성군,시군구,2020,1.7792183031458533,31.64272491669752,9332,5245,127298,7290,257399,8118,256401,8103
A0403,강원,동해시,시군구,2020,2.3006445672191527,36.55191865964059,44973,19548,557031,26651,1092166,29672,1082083,29604
A0404,강원,삼척시,시군구,2020,2.335027396172477,35.86197459465042,29405,12593,362940,17214,700592,19399,694503,19366
A0405,강원,속초시,시군구,2020,1.8448653004835367,31.94345602535475,32049,17372,434634,24726,891453,27811,886942,27766
A0406,강원,양구군,시군구,2020,1.7336814621409922,35.133899958199805,8632,4979,125210,6549,253425,7187,252156,7177
A0407,강원,양양군,시군구,2020,1.8622366288492709,32.170212765957444,9192,4936,124516,6898,250832,7911,249480,7755
A0408,강원,영월군,시군구,2020,2.2261545101424254,35.07993582483956,15474,6951,192826,9458,374101,10614,371707,10596
A0409,강원,원주시,시군구,2020,2.33251695099293,35.06468531468531,193333,82886,2356667,116573,4617536,131668,4593053,130988
A0410,강원,인제군,시군구,2020,1.8344287158746209,35.79664664215906,14514,7912,200102,10105,401452,11225,399240,11153
A0411,강원,정선군,시군구,2020,1.724515460866992,32.76383316226556,11656,6759,174468,9403,354902,10747,351130,10717
A0412,강원,철원군,시군구,2020,1.665480427046263,34.61278081360049,14976,8992,224252,11962,458494,13221,456058,13176
A0413,강원,춘천시,시군구,2020,2.3589118341842568,35.59159878147294,154780,65615,1879768,91784,3676298,103358,3656930,102747
A0414,강원,태백시,시군구,2020,2.136944077498899,35.61043206367254,19412,9084,258319,12558,509222,14090,501110,14072
A0415,강원,평창군,시군구,2020,2.410272373540856,31.734360497493967,15486,6425,174184,9254,343227,10939,341906,10774
A0416,강원,홍천군,시군구,2020,1.90196394075982,32.10212356190766,23630,12424,316508,17381,637117,19941,633407,19731
A0417,강원,화천군,시군구,2020,1.6994132439228835,35.36060678451983,10137,5965,147806,7573,297547,8536,296039,8372
A0418,강원,횡성군,시군구,2020,1.8150702426564496,30.662858037251524,14212,7830,194693,11223,393410,12816,391810,12778
A0501,대전,대덕구,시군구,2020,1.9035174603174605,31.84558116828632,74951,39375,1039256,58057,2097873,65908,2087446,65549
A0502,대전,동구,시군구,2020,1.7327590136286977,30.460351173436408,76030,43878,1115888,66214,2321105,76205,2308986,75803
A0503,대전,서구,시군구,2020,2.9044600245341643,36.66117625111793,324373,111681,3528990,161665,6720671,182982,6681756,182257
A0504,대전,유성구,시군구,2020,4.691955587171002,46.37679029721004,455115,96999,3910732,131218,6782051,145761,6722223,144948
A0505,대전,중구,시군구,2020,2.3774425708188627,33.134386125962955,113637,47798,1358258,70648,2684366,80877,2670996,80611
A0601,충북,괴산군,시군구,2020,1.89837925445705,31.582168723860043,11713,6170,158146,8659,311463,10209,309600,9803
A0602,충북,단양군,시군구,2020,1.7885375494071147,32.15960789242177,9050,5060,128215,7037,257085,8127,255894,7957
A0603,충북,보은군,시군구,2020,1.8664977587214968,31.916272704652897,9577,5131,129526,7249,257613,8109,256543,8038
A0604,충북,영동군,시군구,2020,1.9115655658422,32.150455927051674,13834,7237,191186,10371,383020,12134,380790,11844
A0605,충북,옥천군,시군구,2020,1.7400533451878195,31.202730375426626,15657,8998,226532,12959,459619,14860,457120,14650
A0606,충북,음성군,시군구,2020,1.5567375886524824,31.87396250366175,43461,27918,670979,37333,1313447,41090,1305685,40964
A0607,충북,제천시,시군구,2020,2.0095468053491827,33.52921461551082,54097,26920,723428,38152,1437308,42842,1430591,42667
A0608,충북,증평군,시군구,2020,1.6785714285714286,33.48372255141164,16027,9548,240133,12948,483791,14476,480324,14345
A0609,충북,진천군,시군구,2020,1.7144719687092569,33.931853394630565,46025,26845,684857,35954,1344424,39777,1335931,39371
A0610,충북,청주시,시군구,2020,2.8332720475577617,38.21544715447155,647227,228438,7075221,310007,13224584,345730,13161400,344400
A0611,충북,충주시,시군구,2020,1.95679025401324,33.708653470942046,92519,47281,1260230,66145,2517951,74567,2505126,74317
A0701,충남,계룡시,시군구,2020,3.4357516693737598,44.77960485181944,38075,11082,393961,14487,723931,16072,716205,15994
A0702,충남,공주시,시군구,2020,1.948018811286772,32.09731390502844,38937,19988,531505,28689,1060284,33089,1055135,32873
A0703,충남,금산군,시군구,2020,1.816555373566839,31.219484108705664,14418,7937,203953,11580,408289,13103,406665,13026
A0704,충남,논산시,시군구,2020,1.709148751566567,31.289170812115504,35458,20746,525775,29930,1070466,34385,1062987,33973
A0705,충남,당진시,시군구,2020,2.3527541870285145,38.12116944296052,99178,42154,1245619,56387,2362939,62375,2354859,61773
A0706,충남,보령시,시군구,2020,2.198544320249545,33.77452129738179,42289,19235,533200,27312,1043664,31258,1037148,30708
A0707,충남,부여군,시군구,2020,1.825633383010432,31.01040675169744,17150,9394,244373,13774,491410,16463,488693,15759
A0708,충남,서산시,시군구,2020,3.1789627975151813,41.21200500609717,136635,42981,1421196,56586,2579300,62732,2568497,62324
A0709,충남,서천군,시군구,2020,2.03659961064244,32.283934169279,15692,7705,210670,11140,413858,12808,411943,12760
A0710,충남,아산시,시군구,2020,3.170159986012152,40.23019752556888,290095,91508,3007405,122385,5460335,135691,5440048,135223
A0711,충남,예산군,시군구,2020,1.645496374790853,31.40497468633062,23603,14344,358233,20312,717268,23324,713364,22715
A0712,충남,천안시,시군구,2020,3.023327749126784,38.8796511627907,552235,182658,5832542,247967,10743558,276582,10699680,275200
A0713,충남,청양군,시군구,2020,1.9034294130023144,31.9144392033543,9047,4753,123697,6652,244613,7781,243571,7632
A0714,충남,태안군,시군구,2020,2.409090909090909,34.42410363779116,23373,9702,276218,13594,528886,15702,526138,15284
A0715,충남,홍성군,시군구,2020,2.0695279795987105,34.870865895592374,43011,20783,569307,28744,1121066,32353,1115519,31990
A0901,광주,광산구,시군구,2020,2.5764433194058984,35.863198191674904,253437,98367,2936113,142375,5726068,159796,5695829,158821
A0902,광주,남구,시군구,2020,3.47076272110624,38.01874612544136,159131,45849,1517779,66232,2836085,74567,2821067,74202
A0903,광주,동구,시군구,2020,3.140779038689042,37.1923045165552,71682,22823,723050,32125,1358721,36542,1351308,36333
A0904,광주,북구,시군구,2020,2.4596077579181834,34.11062469644662,226370,92035,2651000,135473,5223481,153001,5197163,152362
A0905,광주,서구,시군구,2020,3.5487711731140763,37.69797576070139,236955,66771,2222523,95803,4112775,109103,4093397,108584
A1001,전북,고창군,시군구,2020,2.008301051466519,32.3386483807006,14516,7228,196265,10801,393646,12175,391427,12104
A1002,전북,군산시,시군구,2020,2.247440304406169,34.743006933101846,122263,54401,1562170,78151,3058065,88289,3041785,87551
A1003,전북,김제시,시군구,2020,1.5665737730298808,29.336142364068312,20237,12918,319796,19360,657944,22550,654460,22309
A1004,전북,남원시,시군구,2020,1.823619261998553,30.999160604364857,22684,12439,325958,19053,668099,21872,664746,21444
A1005,전북,무주군,시군구,2020,1.8276657060518733,31.062955599734924,6342,3470,91799,5190,188328,6071,187496,6036
A1006,전북,부안군,시군구,2020,1.571776853578087,29.362167376798777,10960,6973,174426,10849,367207,12791,365236,12439
A1007,전북,순창군,시군구,2020,1.903209242618742,32.79879369007114,7413,3895,105553,5801,213070,6493,212077,6466
A1008,전북,완주군,시군구,2020,2.1242538394668213,33.87922317910812,36654,17255,493317,25602,976449,29138,971690,28681
A1009,전북,익산시,시군구,2020,2.05663469151032,32.633218332009186,111702,54313,1499834,81677,3017930,92943,2998438,91883
A1010,전북,임실군,시군구,2020,1.8667007150153216,31.962524654832347,7310,3916,104832,5805,211838,6637,210665,6591
A1011,전북,장수군,시군구,2020,1.7341520079654829,31.004216982940388,5225,3013,79448,4561,162339,5231,161749,5217
A1012,전북,전주시,시군구,2020,2.754731546123687,36.57988674136204,406816,147679,4586868,212890,8764483,239207,8726827,238569
A1013,전북,정읍시,시군구,2020,1.712465776387104,30.72748652621264,30648,17897,461376,26952,947077,30892,940722,30615
A1014,전북,진안군,시군구,2020,1.8870922776693613,31.427924284096424,6769,3587,97158,5405,195131,6315,194256,6181
A1101,전남,강진군,시군구,2020,1.850859247135843,31.79717727217423,9047,4888,130195,7196,262327,8242,261341,8219
A1102,전남,고흥군,시군구,2020,1.7648040033361134,30.641345057808174,12696,7194,184903,10807,378642,12401,376337,12282
A1103,전남,곡성군,시군구,2020,2.2283631232361243,33.91075812274368,9475,4252,119965,6154,235925,7001,234832,6925
A1104,전남,광양시,시군구,2020,3.491577718478986,42.46094248302255,125613,35976,1262977,48167,2277933,53552,2263423,53306
A1105,전남,구례군,시군구,2020,1.9074279379157428,31.010312549579567,6882,3608,96856,5475,196363,6427,195458,6303
A1106,전남,나주시,시군구,2020,2.263501989766913,35.0405674904703,55741,24626,709556,35282,1397315,40252,1388062,39613
A1107,전남,담양군,시군구,2020,2.3536570814938558,33.747579323700286,19726,8381,235931,11932,456484,13676,453095,13426
A1108,전남,목포시,시군구,2020,1.8990308370044051,31.56378206524106,75439,39725,1055173,60756,2190236,69092,2174208,68883
A1109,전남,무안군,시군구,2020,2.375571205849148,37.72627182991648,44188,18601,557609,26202,1099846,29323,1093081,28974
A1110,전남,보성군,시군구,2020,1.99252801992528,31.312589413447785,9600,4818,130932,7389,263930,8623,262650,8388
A1111,전남,순천시,시군구,2020,3.037781114338871,38.84237855946399,186137,61274,1988867,85829,3729809,96218,3710224,95520
A1112,전남,신안군,시군구,2020,1.949340144742444,34.16984938138784,9158,4698,128230,6660,255583,7561,254087,7436
A1113,전남,여수시,시군구,2020,3.875920245398773,40.85925043829182,227439,58680,2083025,81574,3724350,90887,3705648,90693
A1114,전남,영광군,시군구,2020,2.732857800276116,36.32580997451765,23754,8692,265865,12368,502173,14096,498935,13735
A1115,전남,영암군,시군구,2020,1.5997053949548885,30.270567851553768,17376,10862,271005,15712,544657,18026,541601,17892
A1116,전남,완도군,시군구,2020,1.8196967172137977,31.033873343151694,10920,6001,157044,9067,319273,10222,316080,10185
A1117,전남,장성군,시군구,2020,2.064090019569472,33.88722570532915,16876,8176,221001,11473,435070,12912,432401,12760
A1118,전남,장흥군,시군구,2020,1.960171807887544,32.3779893197121,10040,5122,139371,7704,280235,8643,278904,8614
A1119,전남,진도군,시군구,2020,1.7436034115138592,32.17975340687865,6542,3752,97792,5479,199069,6180,198356,6164
A1120,전남,함평군,시군구,2020,2.1543577981651376,31.6715193223928,9393,4360,120957,6677,240614,7690,239310,7556
A1121,전남,해남군,시군구,2020,1.851121379465795,30.818940397350996,16425,8873,228855,13254,467739,15594,465366,15100
A1122,전남,화순군,시군구,2020,1.8650674662668665,31.488270104617985,21148,11339,294296,16867,600156,19342,595947,18926
A1201,대구,남구,시군구,2020,1.846064478652338,28.767637510859128,44492,24101,607002,37760,1265781,43974,1258354,43742
A1202,대구,달서구,시군구,2020,2.626427543489055,34.86873806188718,312080,118823,3521154,174154,6881502,197244,6845605,196325
A1203,대구,달성군,시군구,2020,1.7937993028802055,33.250503374379,107558,59961,1590617,88100,3304242,99265,3286247,98833
A1204,대구,동구,시군구,2020,2.088411308628873,32.6658636431084,141682,67842,1851590,100892,3765527,115012,3742430,114567
A1205,대구,북구,시군구,2020,2.0766928544706325,32.38830600586487,183183,88209,2398789,133487,4918323,151991,4892869,151069
A1206,대구,서구,시군구,2020,1.114795197740113,26.063621819884503,31571,28320,604613,44392,1344927,51515,1335917,51256
A1207,대구,수성구,시군구,2020,5.868613943235051,47.168425318800935,532430,90725,3870812,123684,6547808,138660,6517450,138174
A1208,대구,중구,시군구,2020,3.1293778878992837,36.044875413273125,46731,14933,473027,21886,898389,24905,893985,24802
A1301,경북,경산시,시군구,2020,1.871719423934498,31.39722453867043,102413,54716,1433060,82200,2955897,94770,2936708,93534
A1302,경북,경주시,시군구,2020,2.6246158911325725,36.09114841174621,143493,54672,1646585,76417,3115601,86672,3098389,85849
A1303,경북,고령군,시군구,2020,1.6073868882733149,30.04257256687536,8704,5415,131858,7838,265597,8808,263924,8785
A1304,경북,구미시,시군구,2020,3.106678315843207,39.07369127088058,316468,101867,3322875,141067,6145434,157303,6116791,156545
A1305,경북,군위군,시군구,2020,2.1221959858323496,33.271884272997035,7190,3388,93600,4860,180447,5568,179402,5392
A1306,경북,김천시,시군구,2020,2.453373877787431,35.84830847580938,67772,27624,822647,39220,1584819,44325,1576752,43984
A1307,경북,문경시,시군구,2020,2.0390502696121064,31.18901346439359,23445,11498,304339,17041,612571,19749,609215,19533
A1308,경북,봉화군,시군구,2020,1.9095678241319007,31.96804569311516,7644,4003,104435,5712,208351,6545,207089,6478
A1309,경북,상주시,시군구,2020,1.897913669064748,31.95095309488113,26381,13900,371211,20610,749518,23813,745895,23345
A1310,경북,성주군,시군구,2020,1.8334407216494848,30.55063903950426,11382,6208,160236,9082,317942,10804,315527,10328
A1311,경북,안동시,시군구,2020,2.2463847203274216,34.690034512510785,65864,29320,822739,41337,1614702,46746,1608230,46360
A1312,경북,영덕군,시군구,2020,1.8335287221570928,30.421399176954733,7820,4265,109751,6388,223480,7646,221772,7290
A1313,경북,영양군,시군구,2020,1.9840225563909772,33.97334531296796,4222,2128,57477,2982,113944,3526,113437,3339
A1314,경북,영주시,시군구,2020,2.2854988399071927,34.64662550102914,39402,17240,494361,24489,964180,28159,959469,27693
A1315,경북,영천시,시군구,2020,1.8552854411363016,31.625204527999465,33961,18305,474437,26598,952320,30277,947080,29947
A1316,경북,예천군,시군구,2020,2.3830991822184946,37.33369713506139,22730,9538,281628,13213,550234,14942,547312,14660
A1317,경북,울릉군,시군구,2020,2.3448802852776365,38.573565217391305,4603,1963,58753,2644,111730,2880,110899,2875
A1318,경북,울진군,시군구,2020,3.356563836973655,40.26655025812329,29813,8882,297716,11898,534466,13499,530391,13172
A1319,경북,의성군,시군구,2020,1.7203002610966058,29.67310606060606,10542,6128,155030,9100,315451,11095,313348,10560
A1320,경북,청도군,시군구,2020,2.5817604515787616,31.632721712538228,14636,5669,160519,8625,312338,10063,310317,9810
A1321,경북,청송군,시군구,2020,1.841274951706375,31.01038127595319,5719,3106,81772,4471,165133,5512,164293,5298
A1322,경북,칠곡군,시군구,2020,1.982664382444118,32.71387340764331,48607,24516,660809,35799,1323312,40676,1314836,40192
A1323,경북,포항시,시군구,2020,3.3283571207232825,40.50841201150012,365194,109722,3685315,149516,6793482,167685,6748985,166607
A1401,부산,강서구,시군구,2020,2.9161922414934462,38.9696352079591,110130,37765,1202163,52029,2273491,58119,2256186,57896
A1402,부산,금정구,시군구,2020,3.541093535075653,36.87635102541036,164760,46528,1537250,67584,2850239,77220,2828453,76701
A1403,부산,기장군,시군구,2020,2.5883662677428334,35.114053625676924,93000,35930,1086113,53230,2147850,60724,2126788,60568
A1404,부산,남구,시군구,2020,3.8102881746421424,37.98671906144997,201770,52954,1814049,77238,3365320,88118,3335044,87795
A1405,부산,동구,시군구,2020,1.9179882752236963,29.272198749366236,31081,16205,419610,25053,876983,29725,866018,29585
A1406,부산,동래구,시군구,2020,3.347391767520651,37.92305953521415,191675,57261,1885339,82461,3551690,93226,3523166,92903
A1407,부산,부산진구,시군구,2020,2.465939979303208,32.797085381921015,178719,72475,2060972,109192,4115212,125012,4082450,124476
A1408,부산,북구,시군구,2020,2.3078838579473326,33.743328309247275,141801,61442,1731711,90311,3450459,101899,3425319,101511
A1409,부산,사상구,시군구,2020,1.45906326586185,29.06930628613093,64298,44068,1054959,67206,2250660,77129,2232639,76804
A1410,부산,사하구,시군구,2020,1.8640797513131095,31.012850020883505,121730,65303,1708769,98304,3526321,112918,3489845,112529
A1411,부산,서구,시군구,2020,2.520282899722152,32.86279083500649,49889,19795,569747,29491,1129837,33999,1112997,33868
A1412,부산,수영구,시군구,2020,3.280799204112088,35.11290792069601,118719,36186,1154223,54131,2192339,62027,2171312,61838
A1413,부산,연제구,시군구,2020,3.1219956300072838,36.85076415107483,137168,43936,1399880,63818,2665328,71974,2645111,71779
A1414,부산,영도구,시군구,2020,1.8411086157615355,29.46475494116303,36071,19592,503608,30337,1058284,35180,1031620,35012
A1415,부산,중구,시군구,2020,1.4248375051860047,25.38264722698685,10303,7231,165486,11602,363203,14070,355154,13992
A1416,부산,해운대구,시군구,2020,6.030074574691215,44.258657905712425,517501,85820,3587600,121357,6095863,137018,6048698,136667
A1501,울산,남구,시군구,2020,4.67201626932595,46.04114729928964,381358,81626,3220891,108113,5518457,119765,5496208,119376
A1502,울산,동구,시군구,2020,3.008928348130549,40.73464004274075,120312,39985,1329734,54262,2451081,60041,2439842,59896
A1503,울산,북구,시군구,2020,3.66191320184068,45.35522317242626,225204,61499,2255162,80845,4029598,88753,4014799,88519
A1504,울산,울주군,시군구,2020,3.3814754941582774,40.216056584512174,184074,54436,1833822,74058,3326909,82570,3309138,82284
A1505,울산,중구,시군구,2020,3.9373019288704567,43.09521254318919,201267,51118,1872655,68693,3307086,76665,3292819,76408
A1601,경남,거제시,시군구,2020,2.7868334077713266,38.40298958683238,155993,55975,1818950,79515,3444241,89597,3429771,89310
A1602,경남,거창군,시군구,2020,2.081680879482174,33.44168718823009,20261,9733,267848,14258,532058,16008,529616,15837
A1603,경남,고성군,시군구,2020,1.79016036966567,30.42694526742554,13172,7358,192300,11104,393237,12948,390256,12826
A1604,경남,김해시,시군구,2020,2.2418257506329704,34.528457193232946,288653,128758,3649861,185996,7250388,209400,7206676,208717
A1605,경남,남해군,시군구,2020,2.141069809610154,30.79264873844876,11808,5515,147701,8453,300021,9754,296564,9631
A1606,경남,밀양시,시군구,2020,2.0005004726686315,31.217004578155656,35975,17983,481818,26427,959963,30956,954616,30580
A1607,경남,사천시,시군구,2020,2.7806975001102243,36.288711753910206,63069,22681,702757,32605,1333328,36703,1324792,36507
A1608,경남,산청군,시군구,2020,2.148196154677036,31.423535315518755,9944,4629,127278,7068,252035,8187,250477,7971
A1609,경남,양산시,시군구,2020,2.021267334121013,33.955006434217786,162520,80405,2201678,116597,4464810,131194,4432894,130552
A1610,경남,의령군,시군구,2020,1.7340797760671798,32.49589980617266,7434,4287,110146,6020,219162,6744,217950,6707
A1611,경남,진주시,시군구,2020,2.9247995724211653,37.42585096596136,218892,74840,2369817,106550,4498419,119900,4475009,119570
A1612,경남,창녕군,시군구,2020,1.6702553353658536,30.964719626168225,17531,10496,264788,15154,533076,17322,530116,17120
A1613,경남,창원시,시군구,2020,2.9332910162061374,38.407971851966,739380,252065,7961221,350438,15058657,390167,14954912,389370
A1614,경남,통영시,시군구,2020,1.857721724155397,30.81247835622764,36677,19743,518882,30175,1076484,34777,1067714,34652
A1615,경남,하동군,시군구,2020,2.006732263076126,32.25580665411174,11625,5793,155950,8456,310077,9654,308301,9558
A1616,경남,함안군,시군구,2020,2.0044595616024186,32.52950339879154,26519,13230,350769,18859,693680,21447,689105,21184
A1617,경남,함양군,시군구,2020,1.9776238678742677,32.49118031358885,11136,5631,150624,8158,300136,9374,298399,9184
A1618,경남,합천군,시군구,2020,1.7948197054342303,32.46825226000861,10602,5907,152618,8342,302771,9322,301695,9292
A1701,제주,제주시,시군구,2020,2.410487324468137,33.0339404739863,245983,102047,2871924,153000,5730762,173124,5709322,172832
A1702,제주,서귀포시,시군구,2020,2.679072193415764,32.21148763621882,87319,32593,914183,48402,1787320,55593,1779427,55242
A0101,서울,강남구,시군구,2021,18.761508685498576,80.84454676686424,2932330,156295,12781199,197339,17477665,215632,17417230,215441
A0102,서울,강동구,시군구,2021,4.997574027827328,44.05618873826903,630369,126135,5005361,172314,8488374,192080,8449977,191800
A0103,서울,강북구,시군구,2021,2.2003773953215995,30.96490794748542,135266,61474,1661978,91807,3274497,105489,3259552,105266
A0104,서울,강서구,시군구,2021,3.661774102495704,39.3443792995312,590267,161197,5564594,226638,9964209,252396,9911518,251917
A0105,서울,관악구,시군구,2021,2.7606171163312827,33.6014643696863,363957,131839,4039750,197879,7550177,224352,7517118,223714
A0106,서울,광진구,시군구,2021,4.926923118032471,40.711965595074325,460958,93559,3581110,133384,6121949,150149,6096454,149746
A0107,서울,구로구,시군구,2021,3.2257871227802597,37.30053892836168,355314,110148,3576810,155484,6504808,174004,6478283,173678
A0108,서울,금천구,시군구,2021,2.1821723918575064,32.44863201423282,137215,62880,1751172,93056,3388533,104225,3374171,103985
A0109,서울,노원구,시군구,2021,3.5787637248311404,39.96449633921707,447188,124956,4311665,172938,7784253,194250,7745559,193811
A0110,서울,도봉구,시군구,2021,2.7079755812150177,33.85206262509753,192074,70929,2110725,102755,4009934,118133,3991429,117908
A0111,서울,동대문구,시군구,2021,3.6071273359408953,37.83714327709315,290500,80535,2742414,114426,4913041,129684,4891094,129267
A0112,서울,동작구,시군구,2021,5.264714843641802,44.18846515979298,570216,108309,4417716,149655,7403320,167538,7368294,166747
A0113,서울,마포구,시군구,2021,7.585717354553691,51.17311036455769,812180,107067,5233122,144525,8245601,160890,8210265,160441
A0114,서울,서대문구,시군구,2021,5.504838769943579,44.57120659533528,441978,80289,3337044,110702,5565047,124643,5536145,124209
A0115,서울,서초구,시군구,2021,17.918522058168445,80.30174120093825,2212382,123469,9921152,155071,13638923,169405,13591150,169251
A0116,서울,성동구,시군구,2021,8.418930299792596,52.35898847381838,669768,79555,4000341,106527,6207800,118248,6182497,118079
A0117,서울,성북구,시군구,2021,5.037367786458589,42.09906883691061,513877,102013,3981150,143281,6852822,162378,6817860,161948
A0118,서울,송파구,시군구,2021,8.706055185233303,55.54817104228241,1742308,200126,10469962,262996,16095685,288952,16031591,288607
A0119,서울,양천구,시군구,2021,6.704793557244751,49.24471383951644,800901,119452,5439323,160453,8806702,178304,8766150,178012
A0120,서울,영등포구,시군구,2021,5.890784648431438,47.3398919303156,721250,122437,5243300,163425,8559698,180393,8524447,180069
A0121,서울,용산구,시군구,2021,16.77822464808963,69.67795995732648,1109695,66139,4866533,87329,6747813,96680,6727198,96547
A0122,서울,은평구,시군구,2021,3.3122419391760705,36.81239804241436,390669,117947,3836190,169461,7030234,190443,6995460,190030
A0123,서울,종로구,시군구,2021,9.532193329564723,52.107389725535015,337249,35380,1858644,48346,2840850,54388,2826878,54251
A0124,서울,중구,시군구,2021,8.366633552713274,49.40293456011997,269506,32212,1580271,44135,2447593,49447,2437689,49343
A0125,서울,중랑구,시군구,2021,2.259974118834032,32.75132010893812,206078,91186,2539763,133647,4939270,150480,4918495,150177
A0201,인천,강화군,시군구,2021,2.5377435729490747,33.88493475682088,30996,12214,347947,17359,659829,19425,656995,19389
A0202,인천,계양구,시군구,2021,1.8586179177292383,31.51915443395184,134103,72152,1859009,104128,3726161,117970,3708197,117649
A0203,인천,미추홀구(남구),시군구,2021,1.7177292795714674,30.868787617136903,164184,95582,2399907,139265,4888535,158838,4862081,157508
A0204,인천,남동구,시군구,2021,2.3919790407093915,34.404541865294064,308594,129012,3680328,182544,7093204,205719,7058367,205158
A0205,인천,동구,시군구,2021,1.6821438807681284,31.725733788395903,23476,13956,347097,19710,700343,22034,697173,21975
A0206,인천,부평구,시군구,2021,2.160834629341628,33.45510253856629,266768,123456,3389581,175683,6615886,197275,6584098,196804
A0207,인천,서구,시군구,2021,2.6647910272441364,36.77346266366318,421959,158346,4737507,219276,9004702,244218,8962318,243717
A0208,인천,연수구,시군구,2021,5.432565208171344,47.42388337881914,614836,113176,4681367,147626,7877372,165729,7836939,165253
A0209,인천,옹진군,시군구,2021,2.5127619047619048,39.34355400696864,13192,5250,153178,6567,284021,7188,282290,7175
A0210,인천,중구,시군구,2021,2.274153147458857,35.90493276292991,97145,42717,1214393,58611,2355259,65332,2341612,65217
A0301,경기,가평군,시군구,2021,2.544645772118838,32.8051400461801,31177,12252,342478,17421,655939,19967,653544,19922
A0302,경기,고양시,시군구,2021,4.17939443377089,41.1471637050829,1168170,279507,10092238,386560,17812290,431583,17723647,430738
A0303,경기,과천시,시군구,2021,10.32637065003283,64.73199963954222,251633,24368,1448767,30449,2164656,33333,2154993,33291
A0304,경기,광명시,시군구,2021,3.874976246880424,41.3675981481791,305879,78937,2804056,107924,4969791,119939,4950295,119666
A0305,경기,광주시,시군구,2021,2.4176780702419784,34.374948257810026,254978,105464,2949943,147774,5670269,164459,5646979,164276
A0306,경기,구리시,시군구,2021,3.205789507591213,37.7890486831823,149284,46567,1496955,65273,2767130,73048,2756371,72941
A0307,경기,군포시,시군구,2021,3.387077868799083,39.65797961553348,260070,76783,2563474,105066,4631102,116528,4610835,116265
A0308,경기,김포시,시군구,2021,3.012785166782804,38.30366414478564,397772,132028,4173732,182147,7789219,202500,7746150,202230
A0309,경기,남양주시,시군구,2021,2.868653652190001,35.83389895816352,480663,167557,5103679,240113,9713964,270426,9671856,269908
A0310,경기,동두천시,시군구,2021,1.4045409181636723,29.09290027942193,28147,20040,467620,29452,973307,33373,968299,33283
A0311,경기,부천시,시군구,2021,2.611581021082241,34.82391364347266,532914,204058,5981918,290911,11407755,326896,11355730,326090
A0312,경기,성남시,시군구,2021,8.735275353816823,54.13159788049913,2382459,272740,13930865,360119,21530640,396721,21443204,396131
A0313,경기,수원시,시군구,2021,5.201124698387914,45.82442817035652,1838686,353517,14277140,470581,23931567,521530,23846620,520391
A0314,경기,시흥시,시군구,2021,2.079792940671602,34.405813481963364,310172,149136,4094226,208124,8010669,232441,7975474,231806
A0315,경기,안산시,시군구,2021,2.1678456953269976,33.775544526761955,385508,177830,4890620,249128,9457627,279539,9418851,278866
A0316,경기,안성시,시군구,2021,2.062900936701675,34.148544866612774,109014,52845,1418263,71363,2714688,79365,2703472,79168
A0317,경기,안양시,시군구,2021,4.154695158059192,42.97101523144491,659508,158738,5822286,213170,10160176,235921,10116838,235434
A0318,경기,양주시,시군구,2021,1.7299048354812656,31.46786571003701,98525,56954,1431463,81850,2913799,92267,2899103,92129
A0319,경기,양평군,시군구,2021,4.013119789381308,37.988014605457536,91459,22790,763905,31921,1369100,35921,1362896,35877
A0320,경기,여주시,시군구,2021,2.2130140953852093,33.471150460284726,57306,25895,693483,35722,1335604,39811,1330746,39758
A0321,경기,연천군,시군구,2021,1.7343065693430657,33.28648953414617,16632,9590,240569,12793,474941,14218,472302,14189
A0322,경기,오산시,시군구,2021,2.737608136544307,37.08153551159632,187340,68432,2074019,93218,3863124,104018,3848433,103783
A0323,경기,용인시,시군구,2021,6.48305783901578,50.38060519667417,1972412,304241,13691616,399312,22290185,441437,22195226,440551
A0324,경기,의왕시,시군구,2021,4.6395272488509525,43.69501969161907,211980,45690,1751545,62245,3020324,68943,3006698,68811
A0325,경기,의정부시,시군구,2021,1.975294417633893,31.9775948424362,209158,105887,2812982,154735,5650359,176307,5624763,175897
A0326,경기,이천시,시군구,2021,3.7435829584546174,42.28217057476505,254646,68022,2356763,88329,4097216,96645,4080610,96509
A0327,경기,파주시,시군구,2021,2.6058991994936043,36.51084255759875,337576,129543,3879788,180621,7367551,201130,7332436,200829
A0328,경기,평택시,시군구,2021,2.8022847787749106,38.38236931843584,465580,166143,5167890,220789,9482896,246416,9443483,246037
A0329,경기,포천시,시군구,2021,1.5208775118650917,29.664969234033524,60245,39612,917817,54754,1828552,61458,1817543,61269
A0330,경기,하남시,시군구,2021,4.501525367525146,43.62293512964573,407253,90470,3441956,123782,5997639,137013,5970802,136873
A0331,경기,화성시,시군구,2021,5.462161300605675,48.94974355057746,1627806,298015,12455586,383144,20573468,419662,20509502,418991
A0401,강원,강릉시,시군구,2021,2.5186415651531933,34.8358018421161,115991,46053,1330346,64962,2550624,73049,2537823,72851
A0402,강원,고성군,시군구,2021,1.8590592022893937,32.19743233865371,10394,5591,140549,7712,279497,8657,278379,8646
A0403,강원,동해시,시군구,2021,2.470708646066868,37.1331339790678,50694,20518,603705,27682,1153270,30836,1142438,30766
A0404,강원,삼척시,시군구,2021,2.438247619047619,36.30183230432185,32002,13125,387674,17799,735097,20104,729086,20084
A0405,강원,속초시,시군구,2021,1.9865325328573744,32.65507166672396,36729,18489,478522,25841,955404,29130,950034,29093
A0406,강원,양구군,시군구,2021,1.831186843669507,35.7720200055571,9242,5047,130650,6605,258953,7211,257487,7198
A0407,강원,양양군,시군구,2021,2.059137658227848,33.01668141033742,10411,5056,133990,7062,262555,7927,261261,7913
A0408,강원,영월군,시군구,2021,2.2796025393320454,35.2115297731996,16518,7246,204362,9949,392250,11102,389686,11067
A0409,강원,원주시,시군구,2021,2.521361079865017,36.04958863560515,224149,88900,2621250,123000,4994239,138028,4968859,137834
A0410,강원,인제군,시군구,2021,1.9465538089480048,36.71716734481863,16098,8270,216188,10532,426760,11567,424120,11551
A0411,강원,정선군,시군구,2021,1.8717329545454544,33.85607666083111,13177,7040,188427,9712,371820,10877,367440,10853
A0412,강원,철원군,시군구,2021,1.847650273224044,35.54418217582085,16906,9150,237952,12048,472192,13253,469823,13218
A0413,강원,춘천시,시군구,2021,2.48263243660482,36.13239767379506,173680,69958,2049387,96901,3927576,108423,3908044,108159
A0414,강원,태백시,시군구,2021,2.1974877116329874,36.26912587914454,20118,9155,264430,12615,513649,13956,505374,13934
A0415,강원,평창군,시군구,2021,2.5752750434279097,32.55668088130775,17790,6908,191640,9739,367531,11285,366458,11256
A0416,강원,홍천군,시군구,2021,1.953199842952493,32.18853308333745,24874,12735,332474,17863,655654,20305,652365,20267
A0417,강원,화천군,시군구,2021,1.806440791680644,35.891804067878205,10770,5962,152468,7437,299384,8320,298225,8309
A0418,강원,횡성군,시군구,2021,2.008735236220472,31.536485564901117,16327,8128,211616,11653,418057,13221,416187,13197
A0501,대전,대덕구,시군구,2021,2.059898501346168,32.97258143358663,86456,41971,1142700,60151,2236633,67644,2225946,67509
A0502,대전,동구,시군구,2021,1.870559314290687,31.38867675420997,85984,45967,1208442,67808,2436802,77410,2424995,77257
A0503,대전,서구,시군구,2021,3.1164835540075635,37.7203012997032,365068,117141,3812027,166411,7080401,187195,7040796,186658
A0504,대전,유성구,시군구,2021,5.021584349881335,47.65323352020618,514155,102389,4260925,136427,7235280,151086,7174099,150548
A0505,대전,중구,시군구,2021,2.582008893852075,34.37677468101442,129480,50147,1477726,72405,2834380,82231,2820855,82057
A0601,충북,괴산군,시군구,2021,2.082743771147339,32.74032322426177,13542,6502,172396,8941,329788,10048,328189,10024
A0602,충북,단양군,시군구,2021,1.945231711987744,32.74907247093742,10158,5222,136773,7205,265820,8095,264809,8086
A0603,충북,보은군,시군구,2021,1.9420553935860057,32.433866193013614,10658,5488,141430,7619,274839,8468,273904,8445
A0604,충북,영동군,시군구,2021,1.9064567345858687,32.44486349102238,14409,7558,201851,10760,397576,12251,395730,12197
A0605,충북,옥천군,시군구,2021,1.8514819587628863,32.06961561521551,17241,9312,243735,13377,483968,15044,481397,15011
A0606,충북,음성군,시군구,2021,1.8188564097229447,33.40509716931089,52454,28839,733926,38024,1392531,41535,1385443,41474
A0607,충북,제천시,시군구,2021,2.2145685997171145,34.54426559356137,62628,28280,787738,39232,1517545,43854,1510828,43736
A0608,충북,증평군,시군구,2021,1.8124815724815724,34.48028412108338,18442,10175,266230,13698,523448,15090,519411,15064
A0609,충북,진천군,시군구,2021,1.928294573643411,35.40027147087858,54725,28380,758426,37252,1442732,40562,1434419,40520
A0610,충북,청주시,시군구,2021,3.1971505695129183,39.91017834147221,771060,241171,7867802,320779,14227104,355822,14163364,354881
A0611,충북,충주시,시군구,2021,2.1480364336316558,35.33361466438085,108246,50393,1399825,68419,2692588,76018,2679348,75830
A0701,충남,계룡시,시군구,2021,3.500547737423106,45.43332739896742,41541,11867,427850,15314,773302,16880,765597,16851
A0702,충남,공주시,시군구,2021,2.0988529014844803,33.20601621605329,43547,20748,573282,29424,1106228,33230,1101676,33177
A0703,충남,금산군,시군구,2021,1.895031660983926,31.94284850317508,15562,8212,216658,11833,424102,13265,422540,13228
A0704,충남,논산시,시군구,2021,1.8174745661280671,32.147032516806604,39481,21723,565593,30829,1121316,34721,1114184,34659
A0705,충남,당진시,시군구,2021,2.861911516978456,40.58236179014667,129118,45116,1442239,58175,2597364,63928,2589804,63816
A0706,충남,보령시,시군구,2021,2.3123419322205363,34.45597859376511,45715,19770,562061,27723,1074377,31071,1068790,31019
A0707,충남,부여군,시군구,2021,1.901095494005788,31.834914611005694,18395,9676,256384,14005,505384,15853,503310,15810
A0708,충남,서산시,시군구,2021,3.87399700202804,43.71753297371457,175740,45364,1622981,58485,2813720,64293,2804130,64142
A0709,충남,서천군,시군구,2021,2.105116866708781,32.79687136993727,16662,7915,220133,11412,425606,12937,423506,12913
A0710,충남,아산시,시군구,2021,4.091674101711412,43.44899971823049,403570,98632,3585518,128961,6189329,142299,6168020,141960
A0711,충남,예산군,시군구,2021,1.8158773825899,32.73237459047781,27723,15267,397889,21245,772412,23555,769309,23503
A0712,충남,천안시,시군구,2021,3.651023868527455,41.1363888316432,699810,191675,6585897,254701,11620517,282301,11577343,281438
A0713,충남,청양군,시군구,2021,2.007411982705374,32.47096200279578,9750,4857,131748,6920,256403,7882,255514,7869
A0714,충남,태안군,시군구,2021,2.5251266069341645,35.3008754123319,25928,10268,298790,14008,559021,15814,556483,15764
A0715,충남,홍성군,시군구,2021,2.2486867569809235,35.9234313093154,48801,21702,613992,29419,1175489,32723,1169631,32559
A0901,광주,광산구,시군구,2021,2.897792938175212,37.34994651485904,299881,103486,3238446,146632,6106716,163352,6075417,162662
A0902,광주,남구,시군구,2021,3.7800528947477168,39.53257864601758,182947,48398,1666378,68506,3032344,76675,3017245,76323
A0903,광주,동구,시군구,2021,3.6521249195106247,39.34645771609751,90748,24848,837441,34413,1522431,38685,1513973,38478
A0904,광주,북구,시군구,2021,2.636952881096616,35.18862279285513,255083,96734,2880462,139182,5520116,156646,5492381,156084
A0905,광주,서구,시군구,2021,3.796850641456543,39.21358402777147,265472,69919,2404441,98268,4335180,110505,4315102,110041
A1001,전북,고창군,시군구,2021,2.182533333333333,32.66634844868735,16369,7500,210647,11052,412658,12607,410616,12570
A1002,전북,군산시,시군구,2021,2.53742269121912,35.98988795054369,145237,57238,1730804,81109,3276933,90752,3260144,90585
A1003,전북,김제시,시군구,2021,1.6744613574527538,30.413368283093053,22771,13599,347890,20214,699163,22937,696162,22890
A1004,전북,남원시,시군구,2021,1.9384507916796023,31.730449402462853,24975,12884,350920,19740,701227,22079,698292,22007
A1005,전북,무주군,시군구,2021,1.9446575342465755,31.751677852348998,7098,3650,99628,5495,199500,6270,198702,6258
A1006,전북,부안군,시군구,2021,1.6715766503000546,30.12125009790867,12256,7332,188836,11187,386254,12811,384558,12767
A1007,전북,순창군,시군구,2021,1.9118375433382864,33.18064127653169,7720,4038,111507,5956,221371,6662,220419,6643
A1008,전북,완주군,시군구,2021,2.276614215952252,35.049569545332254,41958,18430,544942,26783,1046956,29826,1042234,29736
A1009,전북,익산시,시군구,2021,2.2147794659461737,33.85241429676089,126238,56998,1623493,83394,3171183,93586,3152066,93112
A1010,전북,임실군,시군구,2021,2.030528667163068,32.79065588499551,8181,4029,111992,5905,220045,6690,218976,6678
A1011,전북,장수군,시군구,2021,1.7680703959773727,31.64327048721299,5626,3182,84954,4695,170100,5370,169513,5357
A1012,전북,전주시,시군구,2021,2.963829677018312,37.796356501321775,457722,154436,4962848,219107,9247074,244060,9207646,243612
A1013,전북,정읍시,시군구,2021,1.837061555709786,31.670357097145786,34410,18731,499238,27654,995373,31322,989762,31252
A1014,전북,진안군,시군구,2021,2.0180301399354144,32.592628673485954,7499,3716,102978,5496,201505,6182,200738,6159
A1101,전남,강진군,시군구,2021,1.967142577743008,33.26158699344819,10058,5113,139808,7398,275159,8262,274142,8242
A1102,전남,고흥군,시군구,2021,1.8267094874882912,31.25272712795605,13651,7473,197194,11110,394662,12602,392503,12559
A1103,전남,곡성군,시군구,2021,2.246519982038617,34.35591563067467,10006,4454,128357,6396,246910,7178,245954,7159
A1104,전남,광양시,시군구,2021,4.211610486891386,44.603401528222825,164177,38982,1477165,51491,2553398,56902,2533384,56798
A1105,전남,구례군,시군구,2021,2.0622126048147145,32.85802670140019,7624,3697,102925,5499,202566,6158,201814,6142
A1106,전남,나주시,시군구,2021,2.4154308385655407,36.29252119897456,62707,25961,770316,36492,1480808,40724,1472315,40568
A1107,전남,담양군,시군구,2021,2.52684331797235,35.00965009208103,21933,8680,253448,12212,478750,13609,475256,13575
A1108,전남,목포시,시군구,2021,2.025830610346554,32.37225249581098,84937,41927,1146211,63096,2315775,71178,2299045,71019
A1109,전남,무안군,시군구,2021,2.627153195392926,38.87215319205036,51550,19622,615430,27542,1186798,30401,1179420,30341
A1110,전남,보성군,시군구,2021,2.12146490335707,32.119143876337695,10427,4915,137535,7436,271220,8437,270122,8410
A1111,전남,순천시,시군구,2021,3.3671629665505334,40.27309154843194,215522,64007,2174775,88358,3958663,98010,3939836,97828
A1112,전남,신안군,시군구,2021,2.0233415233415237,34.07201724356536,9882,4884,136550,7063,270261,7903,268726,7887
A1113,전남,여수시,시군구,2021,4.287389319871619,42.30186421665509,265831,62003,2294814,84235,3979147,93774,3959666,93605
A1114,전남,영광군,시군구,2021,2.831401705663678,36.92614067784911,25896,9146,287982,13028,537988,14515,534949,14487
A1115,전남,영암군,시군구,2021,1.749738311235171,31.312804244380025,20059,11464,294770,16122,575359,18318,572492,18283
A1116,전남,완도군,시군구,2021,1.998017839444995,31.8316167897396,12096,6054,166492,9150,330748,10328,327611,10292
A1117,전남,장성군,시군구,2021,2.162892191554612,34.65362230050544,18337,8478,236341,11780,454954,13082,452507,13058
A1118,전남,장흥군,시군구,2021,2.0152686509470428,33.0520411703481,10427,5174,145173,7797,287113,8670,285801,8647
A1119,전남,진도군,시군구,2021,1.8190865016585864,32.84643250905654,7129,3919,104935,5658,209390,6359,208542,6349
A1120,전남,함평군,시군구,2021,2.1842677096914387,31.968190598840952,10052,4602,127874,6871,249654,7793,248233,7765
A1121,전남,해남군,시군구,2021,1.9216926600501687,31.49234477816144,17620,9169,242295,13575,485150,15384,483376,15349
A1122,전남,화순군,시군구,2021,2.053810526315789,32.22813630112566,24389,11875,320859,17475,636278,19697,632735,19633
A1201,대구,남구,시군구,2021,2.0302048780487807,30.04427624087347,52024,25625,672438,39081,1352637,44985,1345593,44787
A1202,대구,달서구,시군구,2021,2.85557524701998,36.18511531458629,352872,123573,3796654,176653,7189593,198405,7154521,197720
A1203,대구,달성군,시군구,2021,2.0018319893525405,34.72421635518639,127847,63865,1764416,90907,3530343,101342,3511660,101130
A1204,대구,동구,시군구,2021,2.3016783660410143,33.927008033812456,166897,72511,2067834,105560,4069705,119660,4045660,119246
A1205,대구,북구,시군구,2021,2.221210693171108,33.40183068139152,207390,93368,2609784,137212,5185732,155271,5159848,154478
A1206,대구,서구,시군구,2021,1.250874008336695,27.32673866765619,37211,29748,662506,45003,1408390,51397,1399211,51203
A1207,대구,수성구,시군구,2021,6.280224034963032,48.74102533232297,592043,94271,4168241,126959,6913306,141613,6882379,141203
A1208,대구,중구,시군구,2021,3.3256401423814443,37.918035132911164,57926,17418,576346,24818,1064540,28042,1059847,27951
A1301,경북,경산시,시군구,2021,1.9730292978586688,32.32102210377802,113609,57581,1546459,84176,3112770,96464,3092637,95685
A1302,경북,경주시,시군구,2021,2.767292942087116,37.175546786014245,157304,56844,1756657,77969,3248048,87101,3231187,86917
A1303,경북,고령군,시군구,2021,1.7437650101607245,30.93112537245015,9439,5413,137549,7775,271380,8749,269905,8726
A1304,경북,구미시,시군구,2021,3.6012258439391958,41.232135104354775,384258,106702,3703889,143915,6583125,159386,6552982,158929
A1305,경북,군위군,시군구,2021,2.320065879769421,33.877378069872016,8452,3643,104043,5177,196811,5810,195879,5782
A1306,경북,김천시,시군구,2021,2.6547619047619047,36.859810812005485,76935,28980,893403,40535,1676244,45476,1667759,45246
A1307,경북,문경시,시군구,2021,2.056572789227358,32.43359040274208,25047,12179,328270,17731,646713,19924,643450,19839
A1308,경북,봉화군,시군구,2021,1.9258181818181817,32.79984650805833,7944,4125,109542,5800,214938,6549,213691,6515
A1309,경북,상주시,시군구,2021,1.952358003442341,32.44413314376516,28358,14525,392818,21272,779126,24004,775869,23914
A1310,경북,성주군,시군구,2021,2.0334950696509626,32.21489776046738,12992,6389,172676,9170,332812,10290,330847,10270
A1311,경북,안동시,시군구,2021,2.2953638919767214,35.43495281222227,70206,30586,872846,42443,1680505,47424,1674585,47258
A1312,경북,영덕군,시군구,2021,1.9132641800926948,31.498997728183884,8669,4531,119248,6671,237110,7508,235707,7483
A1313,경북,영양군,시군구,2021,1.914037494284408,34.08705882352941,4186,2187,58905,3060,116229,3414,115896,3400
A1314,경북,영주시,시군구,2021,2.4194929206453737,35.99598193649326,44088,18222,534419,25335,1016686,28527,1012315,28123
A1315,경북,영천시,시군구,2021,1.9681212437940947,32.302992883371786,37660,19135,509116,27301,999334,30903,994060,30773
A1316,경북,예천군,시군구,2021,2.4159651381598493,37.91002756267227,24394,10097,302295,13682,580343,15277,577673,15238
A1317,경북,울릉군,시군구,2021,2.315398886827458,38.50142540386443,4992,2156,64885,2896,122399,3161,121549,3157
A1318,경북,울진군,시군구,2021,3.2348338692390137,41.08791290731489,30181,9330,310853,12186,554298,13462,551030,13411
A1319,경북,의성군,시군구,2021,1.8340680100755669,30.930717236199776,11650,6352,166412,9356,330803,10672,329474,10652
A1320,경북,청도군,시군구,2021,2.744217230975528,32.94021902943836,16372,5966,173761,8847,329575,9986,327854,9953
A1321,경북,청송군,시군구,2021,1.8658267716535435,31.260033600896023,5924,3175,84342,4605,168110,5371,167460,5357
A1322,경북,칠곡군,시군구,2021,2.23530543900843,34.38910381194096,58071,25979,729900,36616,1404343,40694,1395613,40583
A1323,경북,포항시,시군구,2021,3.848646257146079,42.43386373482267,443645,115273,4119588,153436,7298472,171420,7248298,170814
A1401,부산,강서구,시군구,2021,3.355609631147541,40.91547234042553,131003,39040,1320700,53220,2420933,58814,2403784,58750
A1402,부산,금정구,시군구,2021,3.724820029977412,37.7261392836541,176441,47369,1601411,67370,2898704,76748,2877599,76276
A1403,부산,기장군,시군구,2021,2.711336973845792,36.03034206383283,103771,38273,1182987,55627,2287345,63030,2265696,62883
A1404,부산,남구,시군구,2021,4.270518496834864,39.51963647064149,233418,54658,1966608,78129,3521007,88793,3491797,88356
A1405,부산,동구,시군구,2021,2.137850333923169,30.45229384530709,37453,17519,474638,26415,952395,31048,940580,30887
A1406,부산,동래구,시군구,2021,3.625558292934912,39.58562748329306,228102,62915,2156959,88224,3945113,99235,3915454,98911
A1407,부산,부산진구,시군구,2021,2.642587396081928,33.74044108975115,201529,76262,2234451,112030,4325120,127779,4291278,127185
A1408,부산,북구,시군구,2021,2.476625072776196,34.647517772049056,157392,63551,1845124,91300,3572715,102790,3548183,102408
A1409,부산,사상구,시군구,2021,1.589457778556412,29.800398684857743,72581,45664,1128873,67654,2319171,77536,2302200,77254
A1410,부산,사하구,시군구,2021,2.0382992487172324,32.17834203308856,138639,68017,1843049,99803,3673980,113414,3637118,113030
A1411,부산,서구,시군구,2021,2.938194313688571,34.87055248143582,62419,21244,649711,30610,1233217,35010,1216250,34879
A1412,부산,수영구,시군구,2021,3.428763689141048,36.000443115099145,129933,37895,1238524,55740,2295692,63402,2274832,63189
A1413,부산,연제구,시군구,2021,3.346039603960396,38.02724814063557,155457,46460,1530028,65811,2832710,74156,2812115,73950
A1414,부산,영도구,시군구,2021,2.0189149560117303,30.489718722448167,41307,20460,541395,30513,1098570,35339,1072049,35161
A1415,부산,중구,시군구,2021,1.591942409699419,26.021839930112225,12605,7918,187912,12395,395215,14957,387231,14881
A1416,부산,해운대구,시군구,2021,6.497704502793043,45.95966702353121,574618,88434,3830686,122553,6356516,137678,6310584,137307
A1501,울산,남구,시군구,2021,5.0911762256564,47.542336001055,427949,84057,3467213,109944,5793248,121690,5768169,121327
A1502,울산,동구,시군구,2021,3.172458204334365,41.38301911931251,128088,40375,1377673,54302,2498688,60192,2484802,60044
A1503,울산,북구,시군구,2021,4.109416113269014,47.09881020832412,262378,63848,2467640,82683,4274972,90620,4259428,90436
A1504,울산,울주군,시군구,2021,3.707010546840379,41.60684619988031,209131,56415,1981006,75365,3494288,83823,3476252,83550
A1505,울산,중구,시군구,2021,4.314866611369379,44.75504224315766,223687,51841,1990820,68872,3421032,76311,3406172,76107
A1601,경남,거제시,시군구,2021,2.7269296021655007,38.22358002221855,143052,52459,1709376,75074,3249877,84809,3234250,84614
A1602,경남,거창군,시군구,2021,2.105897461226909,33.54603252231324,21318,10123,282141,14662,551037,16394,548746,16358
A1603,경남,고성군,시군구,2021,2.539530053226016,32.08336520076482,19562,7703,217340,11431,422206,13109,419490,13075
A1604,경남,김해시,시군구,2021,2.4571285036717447,35.821404512114114,332592,135358,3978175,190299,7647853,212911,7603917,212273
A1605,경남,남해군,시군구,2021,2.080500591916117,31.172593408794956,12302,5913,157410,8867,314303,10006,311196,9983
A1606,경남,밀양시,시군구,2021,2.126472813749865,32.334272515807754,39344,18502,509021,26879,991875,30596,986939,30523
A1607,경남,사천시,시군구,2021,2.871291266193063,37.3135459340777,68710,23930,755441,33514,1401873,37406,1393549,37347
A1608,경남,산청군,시군구,2021,2.2445550715619165,31.75660725261217,10821,4821,134737,7149,259509,8155,258340,8135
A1609,경남,양산시,시군구,2021,2.2881643803076197,35.253029073088605,192652,84195,2411542,119222,4722374,133409,4690204,133044
A1610,경남,의령군,시군구,2021,1.920265021704364,33.107422441287326,8405,4377,118333,6194,229514,6917,228375,6898
A1611,경남,진주시,시군구,2021,3.052630233628137,38.416679692963335,238850,78244,2530816,108750,4692023,121716,4669509,121549
A1612,경남,창녕군,시군구,2021,1.887909201763437,32.083431119455526,20127,10661,282242,15114,549556,17083,546830,17044
A1613,경남,창원시,시군구,2021,3.233565052231719,39.658497531691474,851236,263250,8690736,359454,15908806,399046,15801968,398451
A1614,경남,통영시,시군구,2021,1.8924890269763768,31.60233918128655,38374,20277,541229,30506,1100567,34644,1091608,34542
A1615,경남,하동군,시군구,2021,2.084461746784022,32.78581046090109,12315,5908,163506,8574,318176,9672,316547,9655
A1616,경남,함안군,시군구,2021,2.2082654421567174,34.12627330386316,29816,13502,373888,18752,714257,20864,710236,20812
A1617,경남,함양군,시군구,2021,2.08300395256917,32.7285864978903,12121,5819,160119,8423,311678,9506,310267,9480
A1618,경남,합천군,시군구,2021,1.875944791324351,32.24398940505297,11417,6086,162244,8846,317420,9838,316507,9816
A1701,제주,제주시,시군구,2021,2.570237444529882,34.382625873887,277434,107941,3132000,157106,6064037,175810,6039377,175652
A1702,제주,서귀포시,시군구,2021,2.8179998284096435,33.72890833083449,98537,34967,1009826,50549,1921607,56761,1912193,56693
A0101,서울,강남구,시군구,2022,19.274433773150225,83.9751887762337,3221047,167115,13939145,207743,19016800,225864,18950177,225664
A0102,서울,강동구,시군구,2022,5.217095824209016,45.91376754951425,690900,132430,5383288,177229,9086076,197253,9045655,197014
A0103,서울,강북구,시군구,2022,2.519652693492671,32.96084710743801,161928,64266,1818508,93752,3525334,106696,3509671,106480
A0104,서울,강서구,시군구,2022,4.063100016945092,42.17251392281388,695363,171141,6163554,232043,10852074,256297,10790892,255875
A0105,서울,관악구,시군구,2022,2.931333959904177,35.788999974099305,414816,141511,4489119,206445,8325657,232215,8290665,231654
A0106,서울,광진구,시군구,2022,5.147634419449208,43.24510022271715,510285,99130,3901774,137579,6628748,152938,6601797,152660
A0107,서울,구로구,시군구,2022,3.4853925152011125,39.58283592062184,410994,117919,3965082,162200,7137032,179896,7108919,179596
A0108,서울,금천구,시군구,2022,2.34023881671717,34.49608768113895,156005,66662,1917597,95965,3678719,106425,3663588,106203
A0109,서울,노원구,시군구,2022,3.798944550669216,41.72057429847101,496712,130750,4613819,176801,8272121,197742,8232262,197319
A0110,서울,도봉구,시군구,2022,2.830809097988668,35.41957223364939,210833,74478,2253813,105182,4255642,119801,4236110,119598
A0111,서울,동대문구,시군구,2022,3.942098650159653,40.31635914896148,341981,86751,3078006,119726,5446883,135039,5423276,134518
A0112,서울,동작구,시군구,2022,5.633340057712717,46.70292590291536,642274,114013,4815076,153961,8005191,171495,7968173,170614
A0113,서울,마포구,시군구,2022,8.023955165829856,54.02370800447549,907734,113128,5736225,149950,8971130,165787,8932550,165345
A0114,서울,서대문구,시군구,2022,5.828228640584634,46.9102185606529,500843,85934,3684212,115880,6101603,129779,6069807,129392
A0115,서울,서초구,시군구,2022,18.74205048543689,83.79102634388435,2413039,128750,10651069,159394,14571274,173442,14519728,173285
A0116,서울,성동구,시군구,2022,8.572447151558581,54.76968485984098,717771,83730,4283066,109866,6632723,120751,6605936,120613
A0117,서울,성북구,시군구,2022,5.371860328364617,44.14118521832174,575525,107137,4299371,147025,7337946,165815,7301879,165421
A0118,서울,송파구,시군구,2022,9.100987595419848,58.10849942633188,1907567,209600,11256317,270148,17238998,295774,17169144,295467
A0119,서울,양천구,시군구,2022,7.170728179911779,51.71104873776859,892476,124461,5855091,164040,9401931,181256,9359131,180989
A0120,서울,영등포구,시군구,2022,6.478425563758959,50.35769344876878,839740,129621,5807228,169563,9373068,185654,9335561,185385
A0121,서울,용산구,시군구,2022,19.32860246198407,76.24992840486028,1334640,69050,5511158,89065,7477568,97871,7455108,97772
A0122,서울,은평구,시군구,2022,3.55155034689971,38.87612729345911,439721,123811,4153616,172934,7537116,193359,7500760,192940
A0123,서울,종로구,시군구,2022,10.22618886146,55.10471213655432,376968,36863,2022980,49585,3062229,55443,3047511,55304
A0124,서울,중구,시군구,2022,9.250986559908492,53.43053133356587,323507,34970,1814299,46716,2768891,51747,2757336,51606
A0125,서울,중랑구,시군구,2022,2.4279460580912864,34.62974416643239,234054,96400,2761058,137211,5318866,153227,5296654,152951
A0201,인천,강화군,시군구,2022,2.715989887817981,34.94149310795855,34379,12658,370840,17699,697677,19915,694567,19878
A0202,인천,계양구,시군구,2022,2.007381394116088,33.22538154377178,151477,75460,1997403,105623,3944782,118486,3927373,118204
A0203,인천,미추홀구(남구),시군구,2022,1.8763318037694232,32.62657051520333,190549,101554,2634137,143487,5293089,162915,5266320,161412
A0204,인천,남동구,시군구,2022,2.5652824877789504,35.952739125591485,342673,133581,3909092,184983,7456206,207019,7423198,206471
A0205,인천,동구,시군구,2022,1.7823847708455571,33.20136417556346,27340,15339,392072,21351,786894,23675,783685,23604
A0206,인천,부평구,시군구,2022,2.353519865186962,35.31219517001507,310048,131738,3735917,182030,7199034,203468,7167740,202982
A0207,인천,서구,시군구,2022,2.9593494099654047,38.92119861767915,524376,177193,5506057,238243,10319935,264430,10271460,263904
A0208,인천,연수구,시군구,2022,5.817134497577032,49.686411737670966,699842,120307,5152633,153880,8582864,172353,8540647,171891
A0209,인천,옹진군,시군구,2022,2.6280087527352296,40.65573993471164,14412,5484,163254,6760,300631,7365,298901,7352
A0210,인천,중구,시군구,2022,2.4814294697128485,37.88658513962813,118389,47710,1398644,63232,2669999,70199,2655054,70079
A0301,경기,가평군,시군구,2022,2.8082546451416386,34.60815611465278,36878,13132,376429,18351,713628,20593,711163,20549
A0302,경기,고양시,시군구,2022,4.513777364265826,43.250307085232464,1338994,296646,11072323,400237,19320069,445400,19224848,444502
A0303,경기,과천시,시군구,2022,10.932142447309031,67.20324005891017,285799,26143,1601265,32308,2382938,35344,2372812,35308
A0304,경기,광명시,시군구,2022,4.258255020400162,43.895270382834106,347546,81617,3022437,108753,5289507,120269,5269715,120052
A0305,경기,광주시,시군구,2022,2.664282183778926,36.29844378554069,296468,111275,3228983,152152,6131926,168458,6108774,168293
A0306,경기,구리시,시군구,2022,3.4414516816530334,39.75616552130638,169550,49267,1627755,67330,2979071,74759,2967758,74649
A0307,경기,군포시,시군구,2022,3.7292634372926345,41.75838140481846,297860,79871,2767230,106928,4942956,118120,4922478,117880
A0308,경기,김포시,시군구,2022,3.293140365073796,39.98232020916936,459864,139643,4563048,188236,8395524,209086,8349348,208826
A0309,경기,남양주시,시군구,2022,3.0731097865010653,37.53060426025214,542367,176488,5527238,246575,10403441,276551,10359948,276040
A0310,경기,동두천시,시군구,2022,1.5214775778065028,30.229241160111243,30603,20114,482145,28920,993678,32812,989131,32721
A0311,경기,부천시,시군구,2022,2.8077114300716035,36.6966301940392,604256,215213,6489115,298481,12248169,333090,12194437,332304
A0312,경기,성남시,시군구,2022,8.95655912930248,56.54597432848143,2572485,287218,14988394,371601,23107763,407540,23013533,406988
A0313,경기,수원시,시군구,2022,5.223626493986654,47.43429342013485,1955381,374334,15226597,487700,25590889,538540,25501862,537625
A0314,경기,시흥시,시군구,2022,2.3024908135990034,36.29603128380065,367816,159747,4547977,216880,8759872,241047,8724840,240380
A0315,경기,안산시,시군구,2022,2.370657558196005,35.63695767393384,439335,185322,5271929,252714,10056191,281728,10018511,281127
A0316,경기,안성시,시군구,2022,2.2862093862815884,35.68227835659524,126656,55400,1544223,73423,2915763,81638,2904252,81392
A0317,경기,안양시,시군구,2022,4.483202047932629,45.16480228119547,749560,167193,6332059,219409,10942850,241705,10897228,241277
A0318,경기,양주시,시군구,2022,1.8754291764349995,33.07826806186043,123994,66115,1715854,92685,3456285,104128,3439346,103976
A0319,경기,양평군,시군구,2022,4.127946964988606,39.27424704434815,99628,24135,824553,33367,1474731,37439,1468307,37386
A0320,경기,여주시,시군구,2022,2.3823177149493704,35.07009051745002,65640,27553,762632,37326,1454212,41375,1449026,41318
A0321,경기,연천군,시군구,2022,1.7974850420849813,33.90032353548565,17725,9861,250916,13104,494994,14555,492470,14527
A0322,경기,오산시,시군구,2022,2.963201253199435,39.04683889541271,211860,71497,2247436,95269,4137605,105769,4123190,105596
A0323,경기,용인시,시군구,2022,6.69720914961147,52.31887808431092,2141734,319795,14723016,412269,23875771,455438,23775634,454437
A0324,경기,의왕시,시군구,2022,4.923993565592855,45.94510556064107,232639,47246,1860446,62587,3175285,68934,3162080,68823
A0325,경기,의정부시,시군구,2022,2.0899479778486323,33.59737855654836,236626,113221,3063878,160669,6105790,181393,6080084,180969
A0326,경기,이천시,시군구,2022,4.594669876684909,45.81396831178292,328257,71443,2702002,90604,4543373,98964,4528161,98838
A0327,경기,파주시,시군구,2022,3.061132978646712,39.19487567171941,424622,138714,4418187,187509,8173281,207978,8139835,207676
A0328,경기,평택시,시군구,2022,3.162972620599739,40.878927925620665,567684,179478,5872967,232182,10573016,258078,10534745,257706
A0329,경기,포천시,시군구,2022,1.5891908002583082,30.711616359597546,63984,40262,952479,55146,1890913,61392,1880288,61224
A0330,경기,하남시,시군구,2022,4.927638523792768,46.24763182042776,476138,96626,3832177,128571,6580843,141817,6551902,141670
A0331,경기,화성시,시군구,2022,5.6300726317416165,50.71355506156716,1821610,323550,13784042,409525,22744044,447736,22676769,447154
A0401,강원,강릉시,시군구,2022,2.6071923403023347,36.07916945746818,126076,48357,1417001,66764,2706098,74854,2693310,74650
A0402,강원,고성군,시군구,2022,1.835873388042204,33.61464968152866,10962,5971,149482,7958,296742,8804,295540,8792
A0403,강원,동해시,시군구,2022,2.590505543033258,38.52280217193434,56315,21739,650985,28849,1237982,31928,1227375,31861
A0404,강원,삼척시,시군구,2022,2.6897788841704497,37.76048484848485,36737,13658,417750,18329,784644,20654,778810,20625
A0405,강원,속초시,시군구,2022,2.030089661111393,33.96838181455102,40076,19741,515219,26982,1027046,30081,1020614,30046
A0406,강원,양구군,시군구,2022,1.97487922705314,37.47452712964241,10220,5175,138381,6646,272893,7256,271428,7243
A0407,강원,양양군,시군구,2022,2.122339441051268,34.296855809383445,11467,5403,143999,7316,280725,8155,279245,8142
A0408,강원,영월군,시군구,2022,2.358125992588671,36.32671782658552,17818,7556,216613,10206,414352,11369,411836,11337
A0409,강원,원주시,시군구,2022,2.6273381448582165,37.32108935499088,246087,93664,2805167,127240,5325995,142237,5300677,142029
A0410,강원,인제군,시군구,2022,2.127057198757049,38.3554657914668,18482,8689,234262,10863,458735,11902,455778,11883
A0411,강원,정선군,시군구,2022,2.0142450142450143,35.45930444282593,14847,7371,201912,9834,393838,11004,389485,10984
A0412,강원,철원군,시군구,2022,1.929681637903312,36.44595304178231,18002,9329,246103,12151,488465,13369,485861,13331
A0413,강원,춘천시,시군구,2022,2.5536436972050955,37.26499802421238,188035,73634,2175020,100117,4169928,111592,4149383,111348
A0414,강원,태백시,시군구,2022,2.738072867731496,38.39085195530726,26228,9579,296698,12997,557600,14348,549757,14320
A0415,강원,평창군,시군구,2022,2.6731490484789555,33.597118600463084,19244,7199,205434,10169,393171,11690,391776,11661
A0416,강원,홍천군,시군구,2022,2.1104335539525545,33.85708762263786,28379,13447,360186,18466,704091,20719,700537,20691
A0417,강원,화천군,시군구,2022,1.8944698122780317,36.92852764496751,11202,5913,153587,7321,302650,8175,301226,8157
A0418,강원,횡성군,시군구,2022,2.2556382236689143,33.08999778875212,19403,8602,231257,12098,450864,13591,448932,13567
A0501,대전,대덕구,시군구,2022,2.208754521005286,34.403356277209085,95268,43132,1208306,60789,2349165,68143,2339153,67992
A0502,대전,동구,시군구,2022,1.9661310879421656,32.47097256163187,94101,47861,1283598,69322,2576102,79124,2564460,78977
A0503,대전,서구,시군구,2022,3.263781235420742,39.17862384983244,398759,122177,4048885,170216,7487172,190568,7447112,190081
A0504,대전,유성구,시군구,2022,5.257569389880681,49.116619689953694,575462,109454,4645250,144345,7869066,159538,7806792,158944
A0505,대전,중구,시군구,2022,2.70645074535116,36.01599874235132,140887,52056,1567847,73878,2991894,82847,2978307,82694
A0601,충북,괴산군,시군구,2022,2.2231901471913487,33.587525542473486,14802,6658,181065,9205,346743,10300,345179,10277
A0602,충북,단양군,시군구,2022,1.973497912506807,34.12374379464826,10872,5509,145405,7524,283019,8272,281828,8259
A0603,충북,보은군,시군구,2022,2.0892857142857144,33.24358092618065,11700,5600,149762,7822,291045,8743,290017,8724
A0604,충북,영동군,시군구,2022,1.9883972969526968,33.69500040515355,15595,7843,212025,10907,417883,12400,415830,12341
A0605,충북,옥천군,시군구,2022,1.9739631573530925,33.262735109717866,19181,9717,259481,13730,511669,15347,509319,15312
A0606,충북,음성군,시군구,2022,1.9616220130340332,34.45633374074672,59598,30382,797237,39860,1501089,43427,1494130,43363
A0607,충북,제천시,시군구,2022,2.279639786038324,35.49742439717572,67336,29538,835269,40517,1606141,45244,1598733,45038
A0608,충북,증평군,시군구,2022,2.0492505353319057,36.09030442568432,22011,10741,293720,14203,568069,15654,564308,15636
A0609,충북,진천군,시군구,2022,2.166011388286334,37.02900107411386,63906,29504,831290,38443,1558077,41940,1551330,41895
A0610,충북,청주시,시군구,2022,3.591704832596336,42.18862355192742,909707,253280,8675775,330818,15428584,365078,15364717,364191
A0611,충북,충주시,시군구,2022,2.377756726032588,36.94278422865892,125498,52780,1528284,70880,2906913,78507,2895206,78370
A0701,충남,계룡시,시군구,2022,3.48993288590604,45.2279004023051,44720,12814,460231,16713,839554,18432,831922,18394
A0702,충남,공주시,시군구,2022,2.1173860800443665,34.00353065787925,45816,21638,598436,30047,1160401,34047,1155712,33988
A0703,충남,금산군,시군구,2022,2.069399538106236,32.83169524356123,17921,8660,234779,12456,459350,13984,457641,13939
A0704,충남,논산시,시군구,2022,1.8802222222222225,32.91241060870544,42305,22500,593601,31627,1176252,35600,1168983,35518
A0705,충남,당진시,시군구,2022,3.371689308306544,43.35996410678232,162566,48215,1654673,61101,2907111,66965,2899264,66865
A0706,충남,보령시,시군구,2022,2.4258506005646745,35.65674337495718,50693,20897,605803,28661,1151135,32157,1145045,32113
A0707,충남,부여군,시군구,2022,1.9837810945273635,32.287241231033846,19937,10050,269276,14249,527622,16325,525604,16279
A0708,충남,서산시,시군구,2022,4.2710802999204125,45.87107472901874,203927,47746,1779178,60546,3052689,66473,3042766,66333
A0709,충남,서천군,시군구,2022,2.203001097962669,33.700340264650286,18058,8197,231753,11675,447816,13246,445687,13225
A0710,충남,아산시,시군구,2022,4.476108095776737,45.83601438304315,470900,105203,3979489,134768,6803413,148286,6781530,147952
A0711,충남,예산군,시군구,2022,1.9729934229672312,34.57075582764304,33898,17181,460277,23248,884742,25545,880932,25482
A0712,충남,천안시,시군구,2022,3.977044426458248,43.150024047860434,800933,201389,7168295,262234,12514219,290061,12470659,289007
A0713,충남,청양군,시군구,2022,2.100638668473002,33.23277444621221,10854,5167,140848,7137,272400,8190,271545,8171
A0714,충남,태안군,시군구,2022,2.671487993949707,36.39850089822214,28259,10578,316567,14397,590240,16181,587581,16143
A0715,충남,홍성군,시군구,2022,2.37427765085338,37.06549809931817,53001,22323,648024,30041,1234276,33292,1228573,33146
A0901,광주,광산구,시군구,2022,2.916007630618784,38.43834266032712,314888,107986,3402263,150112,6424921,167000,6394718,166363
A0902,광주,남구,시군구,2022,4.095210455737246,41.29672712165864,204609,49963,1771794,69397,3195975,77390,3180963,77027
A0903,광주,동구,시군구,2022,3.730905085647005,40.62243756988446,98231,26329,901325,35975,1643325,40467,1634850,40245
A0904,광주,북구,시군구,2022,2.7383113040047347,36.58807038622312,277610,101380,3073620,142756,5873982,160388,5846920,159804
A0905,광주,서구,시군구,2022,3.949619511661009,40.72858807103665,288575,73064,2560038,101059,4599585,112926,4579889,112449
A1001,전북,고창군,시군구,2022,2.348926380368098,33.81790721090543,18378,7824,225402,11410,438699,12954,436623,12911
A1002,전북,군산시,시군구,2022,2.6825155678725854,37.5383775839898,160680,59899,1848839,83343,3492944,92713,3473839,92541
A1003,전북,김제시,시군구,2022,1.81180484476288,31.735936465916613,26552,14655,386255,21518,770381,24236,767248,24176
A1004,전북,남원시,시군구,2022,2.015087011726044,32.60851385614519,26980,13389,367692,20242,735799,22549,733072,22481
A1005,전북,무주군,시군구,2022,2.015592515592516,32.97230864965775,7756,3848,106824,5764,212781,6440,211946,6428
A1006,전북,부안군,시군구,2022,1.7713466301655585,31.502372617658494,13588,7671,199687,11369,406557,12895,404963,12855
A1007,전북,순창군,시군구,2022,2.0135569852941178,34.00324583686142,8763,4352,122491,6362,241928,7105,240947,7086
A1008,전북,완주군,시군구,2022,2.5210211635190283,36.71744308759234,53128,21074,643705,29815,1223000,33283,1217734,33165
A1009,전북,익산시,시군구,2022,2.42254714263931,35.23336524401149,142986,59023,1738861,85094,3367371,95598,3349178,95057
A1010,전북,임실군,시군구,2022,2.05439229843562,32.887358654682515,8536,4155,115371,6159,227988,6915,226857,6898
A1011,전북,장수군,시군구,2022,1.8939488459139115,32.50548633066766,6072,3206,87846,4720,175362,5396,174782,5377
A1012,전북,전주시,시군구,2022,3.143899274894556,39.1543170936853,501650,159563,5251586,222569,9721491,247875,9682706,247296
A1013,전북,정읍시,시군구,2022,1.9524881092415487,32.64247738084134,38177,19553,529900,28511,1055207,32246,1049880,32163
A1014,전북,진안군,시군구,2022,2.1726006191950464,33.03652334720296,8421,3876,110117,5728,215087,6509,214374,6489
A1101,전남,강진군,시군구,2022,1.9969494756911343,33.705222572730456,10474,5245,145930,7653,289629,8585,288483,8559
A1102,전남,고흥군,시군구,2022,1.973116883116883,31.652609984043767,15193,7700,209079,11444,418680,13204,416580,13161
A1103,전남,곡성군,시군구,2022,2.4053765735011736,35.33843263553408,11274,4687,138086,6683,264368,7471,263342,7452
A1104,전남,광양시,시군구,2022,4.31667601101821,46.34833012257702,177083,41023,1574384,53385,2731538,58774,2718654,58657
A1105,전남,구례군,시군구,2022,2.2177545691906007,34.0065663036515,8494,3830,108954,5648,213135,6260,212337,6244
A1106,전남,나주시,시군구,2022,2.579556898288016,37.83412972512656,71722,27804,843483,38180,1608616,42455,1599400,42274
A1107,전남,담양군,시군구,2022,2.645672808486879,35.67128472470185,23692,8955,266123,12516,502599,14039,499505,14003
A1108,전남,목포시,시군구,2022,2.1382971483019126,33.5981095265573,94254,44079,1227407,64861,2463257,72984,2445472,72786
A1109,전남,무안군,시군구,2022,2.76741377644672,40.07742993057341,57291,20702,655067,28262,1254392,31186,1246889,31112
A1110,전남,보성군,시군구,2022,2.2935867895545314,33.16689686924494,11945,5208,147752,7716,289244,8717,288154,8688
A1111,전남,순천시,시군구,2022,3.6764543761638735,42.05925800911356,246782,67125,2356779,91269,4254711,100898,4236587,100729
A1112,전남,신안군,시군구,2022,2.277124183006536,36.14829586656998,12194,5355,154697,7479,300769,8295,299091,8274
A1113,전남,여수시,시군구,2022,5.077220077220077,45.34649419956015,327435,64491,2570041,86499,4371682,96109,4350588,95941
A1114,전남,영광군,시군구,2022,2.890610569522832,38.10560573857598,28169,9745,307751,13556,576766,15088,573718,15056
A1115,전남,영암군,시군구,2022,1.819497211219788,31.950875038378875,22509,12371,321418,17462,627173,19581,624384,19542
A1116,전남,완도군,시군구,2022,2.076006895470929,32.610851699663804,13247,6381,177519,9562,352215,10743,349197,10708
A1117,전남,장성군,시군구,2022,2.209289121053827,35.39209385742041,19455,8806,247306,12093,475991,13413,473617,13382
A1118,전남,장흥군,시군구,2022,2.105340699815838,33.901255323918406,11432,5430,153812,7960,303706,8941,302467,8922
A1119,전남,진도군,시군구,2022,1.9723756906077348,33.923872760963555,7854,3982,110721,5732,220542,6494,219691,6476
A1120,전남,함평군,시군구,2022,2.257131130720296,32.980229828246635,10999,4873,137336,7167,268193,8114,266909,8093
A1121,전남,해남군,시군구,2022,2.032001695454064,32.64627114300359,19176,9437,255498,13985,511504,15655,509543,15608
A1122,전남,화순군,시군구,2022,2.1064549099772,33.67618714735108,26792,12719,346124,17919,677911,20102,674433,20027
A1201,대구,남구,시군구,2022,2.13814212486632,31.45553531146972,57980,27117,729681,40349,1457234,46304,1450226,46104
A1202,대구,달서구,시군구,2022,2.9881192557722485,37.55050682444433,386570,129369,4046586,181183,7624795,202803,7590497,202141
A1203,대구,달성군,시군구,2022,2.192878338278932,36.3116364369593,147800,67400,1923776,93921,3800232,104374,3781748,104147
A1204,대구,동구,시군구,2022,2.397411887111458,35.35318373687507,184337,76890,2231700,109561,4371169,123352,4346780,122953
A1205,대구,북구,시군구,2022,2.338258934091752,34.67698637313214,226914,97044,2764701,139539,5454508,157379,5427954,156529
A1206,대구,서구,시군구,2022,1.3726804286662662,28.916740965569574,43422,31633,729113,46708,1532994,52894,1524346,52715
A1207,대구,수성구,시군구,2022,6.480198681626063,49.99913770323083,630141,97241,4354575,129656,7220472,144189,7189976,143802
A1208,대구,중구,시군구,2022,3.3847852760736195,39.51420961930127,68965,20375,681597,28440,1266006,32010,1261096,31915
A1301,경북,경산시,시군구,2022,2.0708470665787737,33.43152901899314,125659,60680,1655686,86878,3305273,99221,3284514,98246
A1302,경북,경주시,시군구,2022,2.94643158427535,38.36643419070468,174635,59270,1879070,80559,3454159,89775,3438208,89615
A1303,경북,고령군,시군구,2022,1.8356164383561644,32.04966090570991,10720,5840,150183,8263,294439,9170,292998,9142
A1304,경북,구미시,시군구,2022,3.820527256478999,43.02202670200756,427517,111900,3991733,148337,7038884,163389,7011902,162984
A1305,경북,군위군,시군구,2022,2.3100154878678367,34.213371029436225,8949,3874,109155,5407,206508,6032,205725,6013
A1306,경북,김천시,시군구,2022,2.845410947577311,38.480263014653055,86031,30235,952436,41438,1775541,46149,1767360,45929
A1307,경북,문경시,시군구,2022,2.1392566597543468,33.359874201277954,26822,12538,341463,17935,671326,20122,668265,20032
A1308,경북,봉화군,시군구,2022,2.100331282536678,34.0867261994854,8876,4226,115722,5984,226233,6632,225211,6607
A1309,경북,상주시,시군구,2022,2.0393659180977544,33.471575175109955,30876,15140,416699,22033,825185,24636,821928,24556
A1310,경북,성주군,시군구,2022,2.068052100102444,32.649374710514124,14131,6833,183987,9601,354399,10819,352450,10795
A1311,경북,안동시,시군구,2022,2.3345811444210263,36.17934413405521,74214,31789,914308,43700,1763089,48728,1757484,48577
A1312,경북,영덕군,시군구,2022,1.975609756097561,32.61015188887446,9477,4797,127282,6867,252831,7729,251196,7703
A1313,경북,영양군,시군구,2022,2.011703511053316,34.937517590768365,4641,2307,63171,3189,124548,3562,124133,3553
A1314,경북,영주시,시군구,2022,2.5192348565356006,36.82354570637119,47412,18820,562403,26020,1067862,29237,1063464,28880
A1315,경북,영천시,시군구,2022,2.1416629123492017,33.46940642149751,42784,19977,548507,28211,1066343,31809,1061181,31706
A1316,경북,예천군,시군구,2022,2.513408876298395,38.67057790048315,26617,10590,321537,14419,619178,15979,616293,15937
A1317,경북,울릉군,시군구,2022,2.523809523809524,40.7035703570357,6095,2415,73329,3102,136570,3338,135665,3333
A1318,경북,울진군,시군구,2022,3.2824050241943787,42.04172962083603,31882,9713,327922,12615,588239,13941,584338,13899
A1319,경북,의성군,시군구,2022,1.943813596814629,32.30895712209303,13181,6781,180656,9858,357055,11028,355657,11008
A1320,경북,청도군,시군구,2022,2.709615691277308,33.43091946243836,16992,6271,182411,9162,347388,10366,345776,10343
A1321,경북,청송군,시군구,2022,1.9370381318356489,32.273947750362844,6553,3383,90550,4800,178639,5535,177894,5512
A1322,경북,칠곡군,시군구,2022,2.529794268919912,35.91899648434698,68861,27220,797908,37730,1509764,41919,1501881,41813
A1323,경북,포항시,시군구,2022,3.954558237250004,43.93148668081901,478114,120902,4371010,158536,7737122,175805,7698378,175236
A1401,부산,강서구,시군구,2022,3.5167749312702234,42.4704126310203,144550,41103,1417393,54937,2578223,60369,2560796,60296
A1402,부산,금정구,시군구,2022,3.870701058201058,38.82843514186292,187280,48384,1658918,67934,2999238,77256,2979267,76729
A1403,부산,기장군,시군구,2022,2.83001896241552,37.20893501118398,116410,41134,1283743,58382,2465999,65882,2445334,65719
A1404,부산,남구,시군구,2022,4.418288040141055,40.67735792984272,251838,56999,2080248,80278,3724831,91341,3695660,90853
A1405,부산,동구,시군구,2022,2.246017978236871,31.997966164370897,42726,19023,526140,27876,1053870,32638,1038366,32451
A1406,부산,동래구,시군구,2022,3.9184013449488,41.26105125564446,256381,65430,2305904,90254,4196023,101296,4166706,100984
A1407,부산,부산진구,시군구,2022,2.712412871537434,35.262501770789065,225312,83067,2466215,118901,4763523,134763,4729442,134121
A1408,부산,북구,시군구,2022,2.6172845128578803,36.08790018377019,172411,65874,1948546,92648,3754948,103778,3731128,103390
A1409,부산,사상구,시군구,2022,1.6819591970907894,31.239772053910254,81866,48673,1222064,69827,2494904,79623,2477845,79317
A1410,부산,사하구,시군구,2022,2.129424562773702,33.64926523750207,152684,71702,1966774,101963,3898812,115176,3862902,114799
A1411,부산,서구,시군구,2022,3.096410946612831,36.41809510450273,69019,22290,695242,31362,1314668,35771,1298123,35645
A1412,부산,수영구,시군구,2022,3.683970856102004,37.75170239020154,149665,40626,1359912,58344,2498343,65854,2478135,65643
A1413,부산,연제구,시군구,2022,3.4255091324671048,39.293043697635206,166353,48563,1609329,67252,2979170,75593,2959277,75313
A1414,부산,영도구,시군구,2022,2.1596092749774765,32.14961814723334,45544,21089,575328,30873,1157998,35388,1132406,35223
A1415,부산,중구,시군구,2022,1.607739454392501,27.221688675470187,13378,8321,199078,12643,416497,15071,408162,14994
A1416,부산,해운대구,시군구,2022,6.924906297262345,47.92735855855856,631870,91246,4066401,124310,6694445,139103,6649921,138750
A1501,울산,남구,시군구,2022,5.800616905944524,50.29525611525788,511510,88182,3834664,113422,6297706,125073,6273277,124729
A1502,울산,동구,시군구,2022,3.7706563174574015,44.0604237758908,164197,43546,1589423,57260,2788997,63165,2776027,63005
A1503,울산,북구,시군구,2022,4.7554859404041006,49.92138154344307,317267,66716,2738951,84887,4640420,92823,4625216,92650
A1504,울산,울주군,시군구,2022,4.1245964265792185,43.60849358787695,244007,59159,2163070,77726,3761252,86142,3743920,85853
A1505,울산,중구,시군구,2022,4.897567602776692,47.10985235038043,263161,53733,2168404,70036,3661529,77602,3646915,77413
A1601,경남,거제시,시군구,2022,2.826290481221085,39.0624119209888,155169,54902,1807922,76668,3398924,86757,3381633,86570
A1602,경남,거창군,시군구,2022,2.249859786876052,34.55110465116279,24069,10698,306927,15403,597126,17248,594279,17200
A1603,경남,고성군,시군구,2022,2.6284848484848484,33.40540936744118,21685,8250,237121,12155,458470,13680,455750,13643
A1604,경남,김해시,시군구,2022,2.654809848117458,37.18349202576257,377729,142281,4296712,196430,8177157,219361,8134521,218767
A1605,경남,남해군,시군구,2022,2.26803787136794,31.941090979556243,13894,6126,167495,9088,332680,10351,329664,10321
A1606,경남,밀양시,시군구,2022,2.243869976964423,33.343472630215736,43834,19535,545987,27972,1060686,31713,1055621,31659
A1607,경남,사천시,시군구,2022,3.052537809802834,38.68546817839815,77101,25258,815719,34628,1499885,38602,1491054,38543
A1608,경남,산청군,시군구,2022,2.346830985915493,32.85036669032411,11997,5112,144837,7448,278888,8478,277717,8454
A1609,경남,양산시,시군구,2022,2.4327328735016405,36.70782778864971,217968,89598,2626781,124016,5097291,138397,5064579,137970
A1610,경남,의령군,시군구,2022,2.0280936454849496,34.294413327588686,9096,4485,123815,6281,239822,6978,238792,6963
A1611,경남,진주시,시군구,2022,3.173218042170148,39.53811407794205,259455,81764,2677762,111911,4958772,125012,4936808,124862
A1612,경남,창녕군,시군구,2022,1.940382142200992,32.75113148427527,21123,10886,291453,15378,567065,17270,564433,17234
A1613,경남,창원시,시군구,2022,3.4262614866709127,41.20716598412159,941451,274775,9247489,367095,16829196,406452,16723269,405834
A1614,경남,통영시,시군구,2022,2.020964962665135,32.46453679555505,42222,20892,571778,30800,1154091,35377,1145219,35276
A1615,경남,하동군,시군구,2022,2.1662018047579985,33.43528458578084,13203,6095,169765,8748,331598,9906,330140,9874
A1616,경남,함안군,시군구,2022,2.3239575971731448,35.010665548879885,32884,14150,397151,19314,755597,21517,751714,21471
A1617,경남,함양군,시군구,2022,2.066812521036688,32.976183111660994,12281,5942,163698,8605,321387,9725,319836,9699
A1618,경남,합천군,시군구,2022,1.8932434550870043,32.93016537158797,12077,6379,169265,9074,331681,10064,330553,10038
A1701,제주,제주시,시군구,2022,2.7518918020453333,35.88551625635944,314566,114309,3389449,162093,6507559,180819,6482252,180637
A1702,제주,서귀포시,시군구,2022,3.007054482309529,35.078128474895216,110828,36856,1091097,52199,2060309,58519,2050492,58455
A0101,서울,강남구,시군구,2023,19.01082997674023,85.19836564585918,3351039,176270,14943701,220279,20649805,238731,20320151,238504
A0102,서울,강동구,시군구,2023,5.219483619322069,47.62642337498024,717251,137418,5794689,184002,9872141,202588,9636540,202336
A0103,서울,강북구,시군구,2023,2.332793320456103,33.774979081089306,149756,64196,1860793,93268,3650369,105437,3552047,105168
A0104,서울,강서구,시군구,2023,4.121793814918624,43.64053960675922,699996,169828,6445446,232023,11422765,255155,11115420,254704
A0105,서울,관악구,시군구,2023,2.8804124743454973,36.738397082918645,402794,139839,4641075,206593,8702669,230776,8453248,230093
A0106,서울,광진구,시군구,2023,5.119804893779982,44.33455044253568,508028,99228,4049100,138598,6963968,153560,6787398,153095
A0107,서울,구로구,시군구,2023,3.421792141457165,40.67497893567989,403289,117859,4113928,162720,7483752,179560,7289485,179213
A0108,서울,금천구,시군구,2023,2.355666052050902,35.47561148027711,155865,66166,2004204,96284,3873141,106354,3763785,106095
A0109,서울,노원구,시군구,2023,3.701332278866042,42.70510211313954,486740,131504,4770960,178220,8659784,198049,8435368,197526
A0110,서울,도봉구,시군구,2023,2.710999079742328,36.28231744217321,203268,74979,2320725,105264,4436033,119202,4316725,118976
A0111,서울,동대문구,시군구,2023,3.985396089273372,42.00827998230897,357498,89702,3339006,123621,5949081,138563,5793908,137923
A0112,서울,동작구,시군구,2023,5.514466079688033,47.64388449362476,630695,114371,4964173,155554,8378387,172554,8172022,171523
A0113,서울,마포구,시군구,2023,7.779558432672824,55.12141875271307,886893,114003,5888711,151059,9355444,166285,9142659,165864
A0114,서울,서대문구,시군구,2023,5.771738753023691,48.17855790555525,498684,86401,3818380,116540,6386514,129851,6234739,129409
A0115,서울,서초구,시군구,2023,19.05564159882812,85.98306491219157,2497642,131071,11222816,163619,15477920,177341,15231642,177147
A0116,서울,성동구,시군구,2023,8.462756041085317,56.16603405360259,712691,84215,4426247,110544,6945186,121095,6791990,120927
A0117,서울,성북구,시군구,2023,5.379652582507029,45.32432529968303,581605,108112,4482853,148549,7727301,166665,7535577,166259
A0118,서울,송파구,시군구,2023,8.910899993846357,59.07104180784895,1882490,211257,11573577,274313,17985328,298410,17607778,298078
A0119,서울,양천구,시군구,2023,7.06373732109209,52.882289846739056,880954,124715,6014794,164563,9783077,181139,9564714,180868
A0120,서울,영등포구,시군구,2023,6.345713417875313,51.525972578899335,835667,131690,6068123,173045,9946042,188797,9710997,188468
A0121,서울,용산구,시군구,2023,18.660024345160277,78.13331980085896,1241694,66543,5418384,85794,7430314,93735,7313435,93602
A0122,서울,은평구,시군구,2023,3.526387534970716,40.17288986347303,444949,126177,4409630,176431,8078000,196081,7859384,195639
A0123,서울,종로구,시군구,2023,9.702636992706193,55.47187198628424,363160,37429,2061448,50404,3173199,56133,3106092,55994
A0124,서울,중구,시군구,2023,8.49456402972028,55.05700095942209,310969,36608,1931844,48647,2991380,53269,2926665,53157
A0125,서울,중랑구,시군구,2023,2.3980646489602635,35.74810288049774,232948,97140,2910188,138671,5651663,153982,5492839,153654
A0201,인천,강화군,시군구,2023,2.639625228519196,36.07697267271735,34653,13128,395718,18270,743834,20227,727420,20163
A0202,인천,계양구,시군구,2023,2.048557610835191,34.559508880151846,157151,76713,2127709,106453,4176579,118329,4078575,118016
A0203,인천,미추홀구(남구),시군구,2023,1.89968795625662,33.98252920387243,199074,104793,2862366,147288,5735555,166397,5605792,164961
A0204,인천,남동구,시군구,2023,2.51441116441606,36.94212907250321,333861,132779,4030636,183551,7685317,204172,7521085,203591
A0205,인천,동구,시군구,2023,1.8008525376315438,34.188186341798215,27038,15014,407514,21112,814557,23388,796995,23312
A0206,인천,부평구,시군구,2023,2.3426913540398187,36.59769639749642,319351,136318,4034009,187917,7796112,208561,7613126,208022
A0207,인천,서구,시군구,2023,3.0077733132339453,40.40225710489834,560670,186407,6088302,251071,11452393,277545,11191102,276992
A0208,인천,연수구,시군구,2023,5.981009701049297,51.54931846275176,755252,126275,5652760,161136,9397602,179216,9216348,178787
A0209,인천,옹진군,시군구,2023,2.7789415656008822,42.17863082039912,15123,5442,170415,6667,310940,7233,304361,7216
A0210,인천,중구,시군구,2023,2.5238589610489486,39.191317589298606,131276,52014,1605091,69045,3053504,76340,2985477,76177
A0301,경기,가평군,시군구,2023,2.4202104340201664,34.81520363687491,33123,13686,392668,18963,758304,21365,742852,21337
A0302,경기,고양시,시군구,2023,4.401610882286294,44.09009328532998,1320853,300084,11459535,405153,20260601,449274,19765677,448302
A0303,경기,과천시,시군구,2023,10.51788989176166,67.06788000634887,292492,27809,1703998,34679,2586514,37854,2535300,37802
A0304,경기,광명시,시군구,2023,4.372189953095001,45.62432066908391,359805,82294,3201320,109932,5627585,120822,5498780,120523
A0305,경기,광주시,시군구,2023,2.641330435769208,37.49710801393728,302641,114579,3470420,156295,6620706,172436,6457002,172200
A0306,경기,구리시,시군구,2023,3.369402835227501,40.77014838135469,167803,49802,1703574,68223,3149339,75433,3069136,75279
A0307,경기,군포시,시군구,2023,3.714663143989432,42.89374035002976,292448,78728,2837230,105745,5087712,116190,4972800,115933
A0308,경기,김포시,시군구,2023,3.274481033531068,41.221897135091005,468647,143121,4856041,192798,8952141,212235,8735291,211909
A0309,경기,남양주시,시군구,2023,3.0297275208904355,38.55759991127743,544948,179867,5841815,251036,11055113,280203,10777736,279523
A0310,경기,동두천시,시군구,2023,1.4945404010323606,30.783569474751825,30112,20148,500654,28979,1023564,32637,1001605,32537
A0311,경기,부천시,시군구,2023,2.823422871154704,37.99020422774488,607962,215328,6775418,298133,12839963,330422,12522787,329632
A0312,경기,성남시,시군구,2023,8.710506841063593,57.69771372545194,2530620,290525,15446734,376007,24140251,410639,23656755,410012
A0313,경기,수원시,시군구,2023,5.140431709827148,48.41737936589295,1958011,380904,15915959,497067,26959509,547398,26449446,546280
A0314,경기,시흥시,시군구,2023,2.3386132272427744,37.72888467562444,379737,162377,4867882,220510,9350431,243352,9153782,242620
A0315,경기,안산시,시군구,2023,2.3523718536773366,36.68037317348399,433361,184223,5472390,251709,10410855,278962,10206754,278262
A0316,경기,안성시,시군구,2023,2.2684090366988108,36.66222087618959,133142,58694,1709191,77834,3204356,86089,3147415,85849
A0317,경기,안양시,시군구,2023,4.492782657533771,46.74676549593036,775944,172709,6803768,226542,11839238,248046,11572863,247565
A0318,경기,양주시,시군구,2023,1.8823670980853568,34.403457203646894,140786,74792,2038832,104968,4121846,117263,4026271,117031
A0319,경기,양평군,시군구,2023,3.851840359927084,39.812294626156415,99312,25783,884759,35455,1612034,39634,1575054,39562
A0320,경기,여주시,시군구,2023,2.318994159409646,35.95409312805107,66307,28593,819139,38768,1563411,42665,1531932,42608
A0321,경기,연천군,시군구,2023,1.7637724550898204,34.63291400288719,17673,10020,262909,13247,513303,14577,503805,14547
A0322,경기,오산시,시군구,2023,2.8096896728486747,40.13810381764237,213764,76081,2468481,101207,4564031,111790,4477847,111561
A0323,경기,용인시,시군구,2023,6.456203833481433,53.02685289954525,2114297,327483,15304216,423791,25155352,466062,24650381,464866
A0324,경기,의왕시,시군구,2023,4.858681848967152,47.209132860188674,229563,47248,1919736,62685,3306835,68590,3232787,68478
A0325,경기,의정부시,시군구,2023,2.070284572790355,34.745971784489775,236294,114136,3219150,161262,6439214,180997,6273003,180539
A0326,경기,이천시,시군구,2023,3.981600430980896,45.34984853316327,288240,72393,2692428,92611,4621916,100515,4550948,100352
A0327,경기,파주시,시군구,2023,2.707221443172384,39.05182333648341,388045,143337,4533694,195613,8606824,216215,8430039,215868
A0328,경기,평택시,시군구,2023,3.14378326442043,42.21091051983285,582411,185258,6310539,239796,11358281,265082,11171624,264662
A0329,경기,포천시,시군구,2023,1.5803368451929891,31.87514872948348,64650,40909,1017072,55981,1997579,61562,1955636,61353
A0330,경기,하남시,시군구,2023,4.938739604963023,47.55565854304451,482826,97763,4034151,130969,6995461,143635,6823809,143491
A0331,경기,화성시,시군구,2023,4.878247438392459,50.094125797149495,1664419,341192,14127975,433714,23956985,471361,23573444,470583
A0401,강원,강릉시,시군구,2023,2.5967114675479075,37.19541942091053,128867,49627,1502574,67790,2857543,75383,2796612,75187
A0402,강원,고성군,시군구,2023,1.8110522832561216,34.78721471556716,10946,6044,158858,8008,312817,8826,306371,8807
A0403,강원,동해시,시군구,2023,2.564758900405588,39.70325063354504,56912,22190,686826,29095,1303691,32037,1269035,31963
A0404,강원,삼척시,시군구,2023,2.6628620963663945,38.6103653274523,36862,13843,438922,18713,826266,20894,805335,20858
A0405,강원,속초시,시군구,2023,2.033131333200874,35.04213734388976,40931,20132,546506,27341,1082045,30226,1057817,30187
A0406,강원,양구군,시군구,2023,1.9856441254250092,37.84283200216597,10512,5294,146608,6730,284769,7402,279545,7387
A0407,강원,양양군,시군구,2023,2.105905582480704,35.250544926132235,11732,5571,153925,7469,297858,8273,291099,8258
A0408,강원,영월군,시군구,2023,2.350105097214924,37.15637714487882,17889,7612,225390,10192,430811,11331,420090,11306
A0409,강원,원주시,시군구,2023,2.6651268050119903,38.46401990256038,256729,96329,3007655,130476,5689736,144923,5565936,144705
A0410,강원,인제군,시군구,2023,2.076957444432034,39.20637790745459,18595,8953,251110,11118,485997,12187,477024,12167
A0411,강원,정선군,시군구,2023,1.968733080671359,36.74223920947143,14545,7388,207712,9742,405161,10752,394134,10727
A0412,강원,철원군,시군구,2023,1.96186530698959,37.283929243507714,18469,9414,257473,12194,505075,13321,495317,13285
A0413,강원,춘천시,시군구,2023,2.5159387801395727,38.36034966158901,188552,74943,2296673,100978,4393948,112230,4296129,111994
A0414,강원,태백시,시군구,2023,2.275832621690862,37.95491452991453,21320,9368,284182,12778,549416,14070,532887,14040
A0415,강원,평창군,시군구,2023,2.901029824796041,35.85184544904486,21691,7477,224129,10394,423924,11592,414770,11569
A0416,강원,홍천군,시군구,2023,2.0821112240453026,35.09260422201826,28679,13774,382785,18730,740677,20742,726452,20701
A0417,강원,화천군,시군구,2023,1.919591365958148,37.91229972292495,11650,6069,164888,7485,319768,8319,314710,8301
A0418,강원,횡성군,시군구,2023,2.280631084256462,34.41248363160192,20382,8937,251073,12364,482900,13763,473034,13746
A0501,대전,대덕구,시군구,2023,2.214564280338449,35.629930394431554,97102,43847,1284520,61498,2475492,68220,2426327,68098
A0502,대전,동구,시군구,2023,2.001225089839921,33.87682926829268,98012,48976,1385962,70437,2756652,79691,2694563,79540
A0503,대전,서구,시군구,2023,3.339799528785926,40.5098136157273,406831,121813,4230734,169514,7808395,188617,7620139,188106
A0504,대전,유성구,시군구,2023,5.30006650999867,50.27275001983437,597662,112765,4956264,149375,8444441,164586,8237542,163857
A0505,대전,중구,시군구,2023,2.700775078253093,37.32033751056208,144956,53672,1684316,75567,3207813,84183,3135916,84027
A0601,충북,괴산군,시군구,2023,2.141080680977054,34.607083455630566,14463,6755,189265,9240,360683,10247,353719,10221
A0602,충북,단양군,시군구,2023,2.1729217818309365,36.403559403559406,12390,5702,161937,7642,309329,8337,302732,8316
A0603,충북,보은군,시군구,2023,2.062510974539069,34.30902221204488,11746,5695,158359,7903,305683,8763,299655,8734
A0604,충북,영동군,시군구,2023,1.979807929081507,34.92741870734645,16080,8122,227234,11214,444273,12505,435021,12455
A0605,충북,옥천군,시군구,2023,1.973326623049824,34.28440486251056,19605,9935,276039,13841,538192,15409,527397,15383
A0606,충북,음성군,시군구,2023,1.9635050431130483,35.682688189011884,61711,31429,867888,41075,1608094,44439,1582777,44357
A0607,충북,제천시,시군구,2023,2.288276320159416,36.51093670997384,68900,30110,887582,41096,1695844,45685,1660846,45489
A0608,충북,증평군,시군구,2023,1.9942654287274717,37.20896843969389,21909,10986,311946,14593,598402,15825,588311,15811
A0609,충북,진천군,시군구,2023,2.210281416324059,38.9716539428466,69352,31377,931444,40213,1716406,43404,1689694,43357
A0610,충북,청주시,시군구,2023,3.5365490649701177,43.32569321573765,917204,259350,9168384,337832,16310195,371049,16038955,370195
A0611,충북,충주시,시군구,2023,2.469503287070854,38.59374646399879,135230,54760,1665436,72578,3120741,79707,3069708,79539
A0701,충남,계룡시,시군구,2023,3.357935503090787,45.69595086915791,45087,13427,489066,17404,895872,19245,878002,19214
A0702,충남,공주시,시군구,2023,2.144017074189208,34.763142437591775,46210,21553,626306,30325,1207964,34113,1183685,34050
A0703,충남,금산군,시군구,2023,2.095364238410596,33.91568709767702,18984,9060,256709,12751,494397,14324,484723,14292
A0704,충남,논산시,시군구,2023,1.828328220196172,33.92308769571184,42313,23143,630754,32131,1236091,35785,1211156,35703
A0705,충남,당진시,시군구,2023,3.7215714116672585,46.0018169495436,188706,50706,1874124,63892,3234489,69466,3190088,69347
A0706,충남,보령시,시군구,2023,2.45215998492486,36.84421549155908,52052,21227,644261,28988,1214463,32282,1187268,32224
A0707,충남,부여군,시군구,2023,1.930835734870317,32.92899589536237,19430,10063,280566,14544,549201,16363,537500,16323
A0708,충남,서산시,시군구,2023,4.2507113242825785,47.44493183165383,209152,49204,1905353,62049,3248526,67645,3201584,67480
A0709,충남,서천군,시군구,2023,2.122424955856386,34.565453194650814,18030,8495,247309,12042,474950,13491,465251,13460
A0710,충남,아산시,시군구,2023,4.335935302390999,47.03473344103393,493256,113760,4408396,145184,7555335,158911,7453312,158464
A0711,충남,예산군,시군구,2023,2.041090544157002,35.997332622032545,36609,17936,506598,23937,963622,26320,944678,26243
A0712,충남,천안시,시군구,2023,3.867767018779343,44.0911341265086,790881,204480,7468280,266340,13085902,293242,12877918,292075
A0713,충남,청양군,시군구,2023,2.0642630300765927,34.12233149436316,11050,5353,151227,7357,290452,8356,284512,8338
A0714,충남,태안군,시군구,2023,2.690111293559569,37.510714285714286,29489,10962,341241,14880,635450,16552,619677,16520
A0715,충남,홍성군,시군구,2023,2.366333360879266,38.23373691191827,57270,24202,730537,32271,1385842,35578,1354736,35433
A0901,광주,광산구,시군구,2023,3.0411198359965588,39.87201761457293,332291,109266,3617572,150585,6741489,166976,6627766,166226
A0902,광주,남구,시군구,2023,4.124878436042473,42.48425222501661,207832,50385,1843388,69368,3326622,77093,3260284,76741
A0903,광주,동구,시군구,2023,3.710443796805253,41.72138112912678,100579,27107,952554,36855,1745182,41178,1708574,40952
A0904,광주,북구,시군구,2023,2.7711701654636105,38.06458212109148,292921,105703,3335727,146850,6338170,163880,6214614,163265
A0905,광주,서구,시군구,2023,4.041899328042399,42.09996429846483,298951,73963,2688787,101140,4807094,112581,4716880,112040
A1001,전북,고창군,시군구,2023,2.2099533437014,34.37682352061046,18473,8359,241771,11890,469788,13408,459515,13367
A1002,전북,군산시,시군구,2023,2.673751665503458,38.77841572289346,168564,63044,2012737,86487,3759279,95283,3687711,95097
A1003,전북,김제시,시군구,2023,1.783687943262411,32.653590826795416,27665,15510,419484,22317,828428,24923,811605,24855
A1004,전북,남원시,시군구,2023,1.9645697758496024,33.35303176977911,27170,13830,387414,20480,774621,22792,757981,22726
A1005,전북,무주군,시군구,2023,2.05918925640388,34.14320949591491,8280,4021,114851,5799,226792,6494,221487,6487
A1006,전북,부안군,시군구,2023,1.80988211687986,32.50784899303162,14432,7974,215629,11656,433867,13108,424520,13059
A1007,전북,순창군,시군구,2023,1.991695804195804,34.28854920890319,9114,4576,132262,6596,260876,7473,255724,7458
A1008,전북,완주군,시군구,2023,2.5743655913978496,38.19617305426183,59854,23250,734210,32430,1385901,35768,1361388,35642
A1009,전북,익산시,시군구,2023,2.4359565252921467,36.59871320841428,149044,61185,1864660,86654,3569830,96268,3504034,95742
A1010,전북,임실군,시군구,2023,1.8951743246363424,33.358447811924655,8208,4331,121849,6350,240591,7086,235544,7061
A1011,전북,장수군,시군구,2023,1.8769817968291247,33.49516687944556,6393,3406,94838,4879,187854,5493,183654,5483
A1012,전북,전주시,시군구,2023,3.1899728197370525,40.37839253059219,518747,162618,5542362,224643,10230176,249044,10024582,248266
A1013,전북,정읍시,시군구,2023,1.886980198019802,33.68821046794615,38117,20200,562983,29264,1116499,32542,1093553,32461
A1014,전북,진안군,시군구,2023,2.1776267896141714,34.42283810389217,8974,4121,119755,5953,232367,6627,227294,6603
A1101,전남,강진군,시군구,2023,1.974802015838733,34.78741790528863,10972,5556,156996,7847,308455,8695,301920,8679
A1102,전남,고흥군,시군구,2023,1.9603789836347976,32.44033193801865,15932,8127,227254,12051,452816,13647,441740,13617
A1103,전남,곡성군,시군구,2023,2.3095485749947997,36.44794318638617,11102,4807,145037,6729,277644,7483,272011,7463
A1104,전남,광양시,시군구,2023,4.4172057655203725,48.01715698232262,194600,44055,1749698,56249,3028963,61608,2952623,61491
A1105,전남,구례군,시군구,2023,2.225985844287159,34.572915024436384,8806,3956,115042,5724,224128,6356,219296,6343
A1106,전남,나주시,시군구,2023,2.4011033134317934,38.31288753659268,68770,28641,881889,39386,1702200,43561,1662128,43383
A1107,전남,담양군,시군구,2023,2.775293214951222,37.44975765029299,25319,9123,283638,12606,528613,13858,517668,13823
A1108,전남,목포시,시군구,2023,2.2286582035090787,35.22815858838312,101999,45767,1338565,65999,2633121,73440,2579441,73221
A1109,전남,무안군,시군구,2023,2.902720416591848,41.87012078250023,64661,22276,744027,30066,1407490,32968,1376229,32869
A1110,전남,보성군,시군구,2023,2.1592805488596327,33.8568674152206,11645,5393,155574,7952,304979,8838,298516,8817
A1111,전남,순천시,시군구,2023,3.6015536702957123,43.41729120744551,251745,69899,2504067,93330,4526501,102290,4431820,102075
A1112,전남,신안군,시군구,2023,2.216305865921788,37.051958525345626,12695,5728,169968,7868,330041,8712,321611,8680
A1113,전남,여수시,시군구,2023,4.688230509699964,45.951655889097786,311261,66392,2628728,87967,4522450,96991,4448396,96806
A1114,전남,영광군,시군구,2023,2.7834653274096968,38.96636299929923,28820,10354,334185,14250,627553,15741,611655,15697
A1115,전남,영암군,시군구,2023,1.8595226429621332,33.089097088270414,26567,14287,386954,19753,731243,21835,720482,21774
A1116,전남,완도군,시군구,2023,1.917318099819603,33.312522986392054,12754,6652,186994,9797,373330,10904,362307,10876
A1117,전남,장성군,시군구,2023,2.2837671768517485,36.71077152441297,20442,8951,264433,12198,501861,13447,492475,13415
A1118,전남,장흥군,시군구,2023,2.0903010033444818,35.25360710321865,11875,5681,165777,8179,325029,9038,317635,9010
A1119,전남,진도군,시군구,2023,1.9221176470588237,35.03388027955029,8169,4250,119347,5939,236126,6604,230593,6582
A1120,전남,함평군,시군구,2023,2.1219512195121952,33.46845033739789,10962,5166,148376,7586,288961,8479,282708,8447
A1121,전남,해남군,시군구,2023,1.9212231672742,33.27258998238107,18974,9876,270485,14396,540381,15944,528768,15892
A1122,전남,화순군,시군구,2023,2.0031223821491126,34.08712213703179,26303,13131,362074,18410,713046,20551,698002,20477
A1201,대구,남구,시군구,2023,2.1336575802134,32.48332661019228,56591,26523,740793,39371,1479907,44829,1449471,44622
A1202,대구,달서구,시군구,2023,3.024585639594609,38.99077995389977,394533,130442,4239053,180986,7942000,200642,7798117,199999
A1203,대구,달성군,시군구,2023,2.2275526884231422,37.65782534213616,152623,68516,2040689,94448,3978523,104135,3912874,103906
A1204,대구,동구,시군구,2023,2.412039278487456,36.918860708375234,194297,80553,2437956,113818,4765479,126743,4662446,126289
A1205,대구,북구,시군구,2023,2.3127666119770303,35.751018927097306,225541,97520,2868553,138486,5630295,155189,5517419,154329
A1206,대구,서구,시군구,2023,1.4435807860262009,30.94322955164146,49587,34350,843936,49668,1750569,55645,1716390,55469
A1207,대구,수성구,시군구,2023,6.648892256765111,51.70093343242672,666844,100294,4652241,133120,7721668,147030,7582614,146663
A1208,대구,중구,시군구,2023,3.558330908939778,41.66415459977392,85617,24061,850205,33501,1579556,37287,1547990,37154
A1209,대구,군위군,시군구,2023,2.285863328116849,34.83253833049404,8764,3834,110742,5306,208428,5885,204467,5870
A1301,경북,경산시,시군구,2023,2.117600178520195,34.801569179701254,132854,62738,1794538,88695,3528891,100492,3459798,99415
A1302,경북,경주시,시군구,2023,3.087022999050424,40.193112510265536,191806,62133,2064746,82879,3734403,91478,3670636,91325
A1303,경북,고령군,시군구,2023,1.8323941394300436,33.548560582094275,11381,6211,167644,8658,323982,9503,318141,9483
A1304,경북,구미시,시군구,2023,3.712940331327149,43.94079112049965,423821,114147,4139583,149916,7290665,164216,7197194,163793
A1306,경북,김천시,시군구,2023,2.770260977766135,39.466312211278655,84601,30539,992361,41755,1846855,46098,1811188,45892
A1307,경북,문경시,시군구,2023,2.134448477197412,34.47444522542424,27052,12674,358753,18010,700428,19998,686662,19918
A1308,경북,봉화군,시군구,2023,2.042513863216266,34.66892911010558,8840,4328,120991,5989,235037,6655,229855,6630
A1309,경북,상주시,시군구,2023,2.0082152791254284,34.35964841218406,31045,15459,439498,22081,866171,24766,848271,24688
A1310,경북,성주군,시군구,2023,2.0795085439909617,34.1861828843687,14725,7081,199615,9946,380822,10938,373108,10914
A1311,경북,안동시,시군구,2023,2.316440275324359,37.05327827575788,76058,32834,975845,44850,1880945,49800,1839510,49645
A1312,경북,영덕군,시군구,2023,1.972594397076736,33.586882675725114,9717,4926,133565,6898,263400,7679,257074,7654
A1313,경북,영양군,시군구,2023,2.0969565217391306,35.913709906329835,4823,2300,66465,3178,129675,3532,126524,3523
A1314,경북,영주시,시군구,2023,2.420962909391466,37.46211396556436,46865,19358,587839,26376,1120046,29447,1096591,29272
A1315,경북,영천시,시군구,2023,2.1844482891195693,34.94782040511528,45454,20808,597489,28962,1142783,32244,1123188,32139
A1316,경북,예천군,시군구,2023,2.469576356482752,40.06580097390436,26990,10929,341236,14623,656693,16073,641774,16018
A1317,경북,울릉군,시군구,2023,2.5565964090554254,42.01444251877528,6550,2562,80554,3239,149328,3468,145454,3462
A1318,경북,울진군,시군구,2023,3.289028902890289,42.71692457827966,32887,9999,350333,13065,630077,14389,612817,14346
A1319,경북,의성군,시군구,2023,1.824697754749568,32.42514651038892,12678,6948,188465,10076,373217,11294,365172,11262
A1320,경북,청도군,시군구,2023,2.7271189047838797,34.18382352941177,17729,6501,192499,9348,365673,10497,357973,10472
A1321,경북,청송군,시군구,2023,1.9063681302704276,32.47312400212879,6556,3439,95094,4883,187435,5652,183051,5637
A1322,경북,칠곡군,시군구,2023,2.3549068911482816,36.72051475785421,64621,27441,811878,37447,1530575,41138,1506606,41029
A1323,경북,포항시,시군구,2023,4.117236666454771,45.70170625963752,518146,125848,4755996,163359,8380971,179527,8180057,178988
A1401,부산,강서구,시군구,2023,3.526361279170268,44.13552661491995,150960,42809,1533795,56400,2767053,61657,2717954,61582
A1402,부산,금정구,시군구,2023,3.960628920155959,40.03755780191418,186910,47192,1688870,66187,3041565,74917,2978474,74392
A1403,부산,기장군,시군구,2023,2.989967762113266,38.620804707523845,124281,41566,1374569,58942,2605973,66096,2546540,65937
A1404,부산,남구,시군구,2023,4.549393296563428,42.27039144680117,268073,58925,2241738,82394,4010950,93313,3922016,92784
A1405,부산,동구,시군구,2023,2.2148259428097803,33.28907955838484,42755,19304,556417,28287,1115324,32716,1082461,32517
A1406,부산,동래구,시군구,2023,3.962081102220083,42.57564332911157,263415,66484,2436976,91598,4432296,102211,4336457,101853
A1407,부산,부산진구,시군구,2023,2.648921396167021,36.18651902197391,228888,86408,2648651,123717,5146966,139640,5026018,138892
A1408,부산,북구,시군구,2023,2.6341928011947213,37.23567297968641,172861,65622,2021050,91770,3871591,102234,3792565,101853
A1409,부산,사상구,시군구,2023,1.7112394764333558,32.34454493706913,83541,48819,1288943,69914,2609633,79411,2556998,79055
A1410,부산,사하구,시군구,2023,2.084019931223244,34.19342503631368,148476,71245,2026228,100754,3990910,114814,3907693,114282
A1411,부산,서구,시군구,2023,3.098914142524289,37.42896765962168,70491,22747,732766,31839,1386768,36230,1349464,36054
A1412,부산,수영구,시군구,2023,3.7628153070013535,38.96361712892691,152902,40635,1417666,58238,2602434,65416,2541324,65223
A1413,부산,연제구,시군구,2023,3.4361540794661813,40.86449054226022,181264,52752,1823437,72894,3385433,81275,3307531,80939
A1414,부산,영도구,시군구,2023,2.1790884468104976,33.310097181452875,46663,21414,606004,30869,1212086,35271,1168818,35089
A1415,부산,중구,시군구,2023,1.5702994011976048,28.039802007051804,13112,8350,206453,12554,429070,14852,413531,14748
A1416,부산,해운대구,시군구,2023,7.0442597266951,49.42099346386389,647452,91912,4243112,125216,6992206,139142,6858003,138767
A1501,울산,남구,시군구,2023,5.999262553353147,52.14879707530452,536922,89498,4050916,114421,6624267,125635,6533097,125278
A1502,울산,동구,시군구,2023,4.044267684802206,46.66416771209625,190667,47145,1828177,60602,3118691,66314,3087348,66161
A1503,울산,북구,시군구,2023,5.370934397111493,52.99132397244962,368908,68686,3043950,86520,5030699,94143,4977846,93937
A1504,울산,울주군,시군구,2023,4.140655262772416,44.80033808313669,254406,61441,2319387,80333,4010854,88422,3948881,88144
A1505,울산,중구,시군구,2023,5.181736273054908,49.5335864230678,293307,56604,2405252,73014,4022964,80247,3966501,80077
A1601,경남,거제시,시군구,2023,3.02922875388898,41.13580738985242,184995,61070,2125523,82913,3867737,93038,3818637,92830
A1602,경남,거창군,시군구,2023,2.219415014036041,35.691867779938235,24509,11043,328341,15760,637283,17536,624108,17486
A1603,경남,고성군,시군구,2023,2.0833723105706268,33.56847433116413,17817,8552,242512,12422,473540,13870,464252,13830
A1604,경남,김해시,시군구,2023,2.6502944853359005,38.669198424881536,396439,149583,4706445,203880,8833562,225403,8690709,224745
A1605,경남,남해군,시군구,2023,2.2743970611723365,33.07863314241336,14240,6261,177738,9128,349112,10327,340743,10301
A1606,경남,밀양시,시군구,2023,2.234340672753014,34.54612363546402,45766,20483,592689,28847,1137469,32394,1117118,32337
A1607,경남,사천시,시군구,2023,3.003654534606205,40.04579201753949,80546,26816,897043,36380,1636433,40184,1607358,40138
A1608,경남,산청군,시군구,2023,2.2402982221372585,33.44276153575203,11719,5231,151278,7586,290616,8545,284832,8517
A1609,경남,양산시,시군구,2023,2.5072590725052613,38.13857922576023,234697,93607,2887111,128888,5530591,142830,5429370,142359
A1610,경남,의령군,시군구,2023,2.0078414288825965,34.89355702805583,9218,4591,131137,6408,252360,7116,247500,7093
A1611,경남,진주시,시군구,2023,3.1405146647296283,40.51443311148742,263731,83977,2836143,114439,5250045,127114,5143915,126965
A1612,경남,창녕군,시군구,2023,1.9249487476602192,33.854690020742105,21596,11219,312047,15687,597635,17387,587582,17356
A1613,경남,창원시,시군구,2023,3.4074333900731446,42.53943784566184,956855,280814,9798516,372631,17706919,409631,17398545,408998
A1614,경남,통영시,시군구,2023,2.0125396233451425,33.689531602708804,43173,21452,611294,31194,1222603,35540,1193957,35440
A1615,경남,하동군,시군구,2023,2.086556753329106,34.29391112448591,13162,6308,180192,8956,349898,9993,341876,9969
A1616,경남,함안군,시군구,2023,2.32109221491971,36.46342022080718,34257,14759,433089,19975,809306,21863,795960,21829
A1617,경남,함양군,시군구,2023,2.058424362793777,34.07920280875671,12437,6042,172995,8700,336730,9702,330023,9684
A1618,경남,합천군,시군구,2023,1.793103448275862,33.35341365461847,11752,6554,176848,9292,347543,10234,340505,10209
A1701,제주,제주시,시군구,2023,2.890102693073457,35.668054023334335,110321,38172,1155932,53674,2185934,59896,2133877,59826
A1702,제주,서귀포시,시군구,2023,2.6364484724160544,36.80331358504706,313595,118946,3611862,166133,6952547,184356,6777367,184151
